candidate_id,candidate_type,candidate_text,subject_entity_id,document_id,chunk_id,file_name,document_type,page_number,market,priority_score,candidate_status,sme_validation_status,mlr_approval_status,created_at_utc,passes_reference_guard
CAND_AA64653A6632,EFFICACY,Approval: 2019 INDICATIONS AND USAGE BRUKINSA is a kinase inhibitor indicated for the treatment of adult patients with: Mantle cell lymphoma (MCL) who have received at least one prior therapy. (1.1) This indication is approved under accelerated approval based on overall response rate.,DRUG_ZANUBRUTINIB,DOC_448A3EF9F119,CHK_A459571ED9D7,20260913_3e08fe23-d70e-424c-bc51-1222e320f902 (1).pdf,APPROVED_LABEL,1,United States,90,PENDING_SME_REVIEW,NOT_REVIEWED,NOT_MLR_REVIEWED,2026-09-23T11:59:04.536685+00:00,True
CAND_EA06C1FB54B0,INDICATION,Approval: 2019 INDICATIONS AND USAGE BRUKINSA is a kinase inhibitor indicated for the treatment of adult patients with: Mantle cell lymphoma (MCL) who have received at least one prior therapy. (1.1) This indication is approved under accelerated approval based on overall response rate.,DRUG_ZANUBRUTINIB,DOC_448A3EF9F119,CHK_A459571ED9D7,20260913_3e08fe23-d70e-424c-bc51-1222e320f902 (1).pdf,APPROVED_LABEL,1,United States,95,PENDING_SME_REVIEW,NOT_REVIEWED,NOT_MLR_REVIEWED,2026-09-23T11:59:04.536685+00:00,True
CAND_AAB86A183670,EFFICACY,Waldenström's macroglobulinemia (WM). (1.2) Relapsed or refractory marginal zone lymphoma (MZL) who have received at least one anti–CD20- based regimen. (1.3) This indication is approved under accelerated approval based on overall response rate.,DRUG_ZANUBRUTINIB,DOC_448A3EF9F119,CHK_A459571ED9D7,20260913_3e08fe23-d70e-424c-bc51-1222e320f902 (1).pdf,APPROVED_LABEL,1,United States,90,PENDING_SME_REVIEW,NOT_REVIEWED,NOT_MLR_REVIEWED,2026-09-23T11:59:04.536685+00:00,True
CAND_D5636457721A,EFFICACY,approved under accelerated approval based on overall response rate.,DRUG_ZANUBRUTINIB,DOC_448A3EF9F119,CHK_2D3B4017A223,20260913_3e08fe23-d70e-424c-bc51-1222e320f902 (1).pdf,APPROVED_LABEL,1,United States,90,PENDING_SME_REVIEW,NOT_REVIEWED,NOT_MLR_REVIEWED,2026-09-23T11:59:04.536685+00:00,True
CAND_E8DB0371DB97,DOSAGE,DOSAGE AND ADMINISTRATION Recommended dosage: 160 mg orally twice daily or 320 mg orally once daily with or without food; swallow whole with water.,DRUG_ZANUBRUTINIB,DOC_448A3EF9F119,CHK_2D3B4017A223,20260913_3e08fe23-d70e-424c-bc51-1222e320f902 (1).pdf,APPROVED_LABEL,1,United States,130,PENDING_SME_REVIEW,NOT_REVIEWED,NOT_MLR_REVIEWED,2026-09-23T11:59:04.536685+00:00,True
CAND_CF886808384C,SAFETY,"hew capsules. (2.1) Advise patients not to chew or crush tablets. (2.1) Manage toxicity using treatment interruption, dose reduction, or discontinuation. (2.4) DOSAGE FORMS AND STRENGTHS Capsules: 80 mg. (3) Tablets: 160 mg with functional scoring. (3) CONTRAINDICATIONS None. (4) WARNINGS AND PRECAUTIONS Hemorrhage: Monitor for bleeding and manage appropriately. (5.1) Infections: Monitor patients for signs and symptoms of infection, including opportunistic infections, and treat as needed. (5.2) Cytopenias: Monitor complete blood counts during treatment. (5.3) Second Primary Malignancies: Other malignancies have developed including skin cancers and non-skin carcinomas.",DRUG_ZANUBRUTINIB,DOC_448A3EF9F119,CHK_A0683D4E2B99,20260913_3e08fe23-d70e-424c-bc51-1222e320f902 (1).pdf,APPROVED_LABEL,1,United States,90,PENDING_SME_REVIEW,NOT_REVIEWED,NOT_MLR_REVIEWED,2026-09-23T11:59:04.536685+00:00,True
CAND_B63D2BA1714A,SAFETY,"ADVERSE REACTIONS The most common adverse reactions (≥30%), including laboratory abnormalities, are neutrophil count decreased, platelet count decreased, upper respiratory tract infection, hemorrhage, and musculoskeletal pain. (6.1) To report SUSPECTED ADVERSE REACTIONS, contact BeOne Medicines at 1-877-828-5596 or FDA at 1-800-FDA-1088 or www.fda.gov/medwatch.",DRUG_ZANUBRUTINIB,DOC_448A3EF9F119,CHK_FA4EE0CC4AD0,20260913_3e08fe23-d70e-424c-bc51-1222e320f902 (1).pdf,APPROVED_LABEL,2,United States,90,PENDING_SME_REVIEW,NOT_REVIEWED,NOT_MLR_REVIEWED,2026-09-23T11:59:04.536685+00:00,True
CAND_336DA0EE42A0,DOSAGE,Revised: 7/2026 FULL PRESCRIBING INFORMATION: CONTENTS* 1 INDICATIONS AND USAGE 1.1 Mantle Cell Lymphoma 1.2 Waldenström's Macroglobulinemia 1.3 Marginal Zone Lymphoma 1.4 Chronic Lymphocytic Leukemia or Small Lymphocytic Lymphoma 1.5 Follicular Lymphoma 2 DOSAGE AND ADMINISTRATION 2.1 Recommended Dosage 2.2 Dosage Modification for Use in Hepatic Impairment 2.3 Dosage Modifications for Drug Interactions 2.4,DRUG_ZANUBRUTINIB,DOC_448A3EF9F119,CHK_FA4EE0CC4AD0,20260913_3e08fe23-d70e-424c-bc51-1222e320f902 (1).pdf,APPROVED_LABEL,2,United States,120,PENDING_SME_REVIEW,NOT_REVIEWED,NOT_MLR_REVIEWED,2026-09-23T11:59:04.536685+00:00,True
CAND_C37CA0B1102E,INDICATION,Revised: 7/2026 FULL PRESCRIBING INFORMATION: CONTENTS* 1 INDICATIONS AND USAGE 1.1 Mantle Cell Lymphoma 1.2 Waldenström's Macroglobulinemia 1.3 Marginal Zone Lymphoma 1.4 Chronic Lymphocytic Leukemia or Small Lymphocytic Lymphoma 1.5 Follicular Lymphoma 2 DOSAGE AND ADMINISTRATION 2.1 Recommended Dosage 2.2 Dosage Modification for Use in Hepatic Impairment 2.3 Dosage Modifications for Drug Interactions 2.4,DRUG_ZANUBRUTINIB,DOC_448A3EF9F119,CHK_FA4EE0CC4AD0,20260913_3e08fe23-d70e-424c-bc51-1222e320f902 (1).pdf,APPROVED_LABEL,2,United States,95,PENDING_SME_REVIEW,NOT_REVIEWED,NOT_MLR_REVIEWED,2026-09-23T11:59:04.536685+00:00,True
CAND_221DA8AD9BD2,DOSAGE,"Lymphocytic Lymphoma 1.5 Follicular Lymphoma 2 DOSAGE AND ADMINISTRATION 2.1 Recommended Dosage 2.2 Dosage Modification for Use in Hepatic Impairment 2.3 Dosage Modifications for Drug Interactions 2.4 Dosage Modifications for Adverse Reactions 3 DOSAGE FORMS AND STRENGTHS 4 CONTRAINDICATIONS 5 WARNINGS AND PRECAUTIONS 5.1 Hemorrhage 5.2 Infections 5.3 Cytopenias 5.4 Second Primary Malignancies 5.5 Cardiac Arrhythmias 5.6 Hepatotoxicity, Including Drug-Induced Liver Injury 5.7 Embryo-Fetal Toxicity 6 ADVERSE REACTIONS 6.1 Clinical Trials Experience 6.2 Postmarketing Experience 7 DRUG INTERACTIONS 7.1 Effect of Other Drugs on BRUKINSA 8 USE IN SPECIFIC POPULATIONS 8.1 Pregnancy 8.2 Lactation 8.3 Females and Males of Reproductive Potential",DRUG_ZANUBRUTINIB,DOC_448A3EF9F119,CHK_1D80558CC4E0,20260913_3e08fe23-d70e-424c-bc51-1222e320f902 (1).pdf,APPROVED_LABEL,2,United States,120,PENDING_SME_REVIEW,NOT_REVIEWED,NOT_MLR_REVIEWED,2026-09-23T11:59:04.536685+00:00,True
CAND_4719E21835AD,SAFETY,"Lymphocytic Lymphoma 1.5 Follicular Lymphoma 2 DOSAGE AND ADMINISTRATION 2.1 Recommended Dosage 2.2 Dosage Modification for Use in Hepatic Impairment 2.3 Dosage Modifications for Drug Interactions 2.4 Dosage Modifications for Adverse Reactions 3 DOSAGE FORMS AND STRENGTHS 4 CONTRAINDICATIONS 5 WARNINGS AND PRECAUTIONS 5.1 Hemorrhage 5.2 Infections 5.3 Cytopenias 5.4 Second Primary Malignancies 5.5 Cardiac Arrhythmias 5.6 Hepatotoxicity, Including Drug-Induced Liver Injury 5.7 Embryo-Fetal Toxicity 6 ADVERSE REACTIONS 6.1 Clinical Trials Experience 6.2 Postmarketing Experience 7 DRUG INTERACTIONS 7.1 Effect of Other Drugs on BRUKINSA 8 USE IN SPECIFIC POPULATIONS 8.1 Pregnancy 8.2 Lactation 8.3 Females and Males of Reproductive Potential",DRUG_ZANUBRUTINIB,DOC_448A3EF9F119,CHK_1D80558CC4E0,20260913_3e08fe23-d70e-424c-bc51-1222e320f902 (1).pdf,APPROVED_LABEL,2,United States,80,PENDING_SME_REVIEW,NOT_REVIEWED,NOT_MLR_REVIEWED,2026-09-23T11:59:04.536685+00:00,True
CAND_20037B285FBE,INDICATION,"8.4 Pediatric Use 8.5 Geriatric Use 8.6 Renal Impairment 8.7 Hepatic Impairment 11 DESCRIPTION 12 CLINICAL PHARMACOLOGY 12.1 Mechanism of Action 12.2 Pharmacodynamics 12.3 Pharmacokinetics 13 NONCLINICAL TOXICOLOGY 13.1 Carcinogenesis, Mutagenesis, Impairment of Fertility 14 CLINICAL STUDIES 14.1 Mantle Cell Lymphoma 14.2 Waldenström's Macroglobulinemia 14.3 Marginal Zone Lymphoma 14.4 Chronic Lymphocytic Leukemia or Small Lymphocytic Lymphoma 14.5 Follicular Lymphoma 16 HOW SUPPLIED/STORAGE AND HANDLING 17 PATIENT COUNSELING INFORMATION * FULL PRESCRIBING INFORMATION 1 INDICATIONS AND USAGE 1.1 Mantle Cell Lymphoma BRUKINSA is indicated for the treatment of adult patients with mantle cell lymphoma (MCL) who have received at least one prior therapy.",DRUG_ZANUBRUTINIB,DOC_448A3EF9F119,CHK_3087FAF53FC3,20260913_3e08fe23-d70e-424c-bc51-1222e320f902 (1).pdf,APPROVED_LABEL,3,United States,95,PENDING_SME_REVIEW,NOT_REVIEWED,NOT_MLR_REVIEWED,2026-09-23T11:59:04.536685+00:00,False
CAND_BDAFAA42E6CC,EFFICACY,This indication is approved under accelerated approval based on overall response rate [see Clinical Studies (14.1)].,DRUG_ZANUBRUTINIB,DOC_448A3EF9F119,CHK_3087FAF53FC3,20260913_3e08fe23-d70e-424c-bc51-1222e320f902 (1).pdf,APPROVED_LABEL,3,United States,90,PENDING_SME_REVIEW,NOT_REVIEWED,NOT_MLR_REVIEWED,2026-09-23T11:59:04.536685+00:00,True
CAND_969EB30A8F40,INDICATION,1.2 Waldenström's Macroglobulinemia BRUKINSA is indicated for the treatment of adult patients with Waldenström's macroglobulinemia (WM) [see Clinical Studies (14.2)].,DRUG_ZANUBRUTINIB,DOC_448A3EF9F119,CHK_3087FAF53FC3,20260913_3e08fe23-d70e-424c-bc51-1222e320f902 (1).pdf,APPROVED_LABEL,3,United States,95,PENDING_SME_REVIEW,NOT_REVIEWED,NOT_MLR_REVIEWED,2026-09-23T11:59:04.536685+00:00,False
CAND_18E5F149653C,INDICATION,1.3 Marginal Zone Lymphoma BRUKINSA is indicated for the treatment of adult patients with relapsed or refractory marginal zone lymphoma (MZL) who have received at least one anti–CD20-based regimen.,DRUG_ZANUBRUTINIB,DOC_448A3EF9F119,CHK_BE209D6EED21,20260913_3e08fe23-d70e-424c-bc51-1222e320f902 (1).pdf,APPROVED_LABEL,3,United States,95,PENDING_SME_REVIEW,NOT_REVIEWED,NOT_MLR_REVIEWED,2026-09-23T11:59:04.536685+00:00,False
CAND_F44D41876E85,EFFICACY,This indication is approved under accelerated approval based on overall response rate [see Clinical Studies (14.3)].,DRUG_ZANUBRUTINIB,DOC_448A3EF9F119,CHK_BE209D6EED21,20260913_3e08fe23-d70e-424c-bc51-1222e320f902 (1).pdf,APPROVED_LABEL,3,United States,90,PENDING_SME_REVIEW,NOT_REVIEWED,NOT_MLR_REVIEWED,2026-09-23T11:59:04.536685+00:00,True
CAND_86B9EEAC80E9,INDICATION,1.4 Chronic Lymphocytic Leukemia or Small Lymphocytic Lymphoma BRUKINSA is indicated for the treatment of adult patients with chronic lymphocytic leukemia (CLL) or small lymphocytic lymphoma (SLL) [see Clinical Studies (14.4)].,DRUG_ZANUBRUTINIB,DOC_448A3EF9F119,CHK_A6C1041C7B26,20260913_3e08fe23-d70e-424c-bc51-1222e320f902 (1).pdf,APPROVED_LABEL,4,United States,95,PENDING_SME_REVIEW,NOT_REVIEWED,NOT_MLR_REVIEWED,2026-09-23T11:59:04.536685+00:00,False
CAND_B6E0FD25A67B,INDICATION,"1.5 Follicular Lymphoma BRUKINSA is indicated for the treatment of adult patients with relapsed or refractory follicular lymphoma (FL), in combination with obinutuzumab, after two or more lines of systemic therapy.",DRUG_ZANUBRUTINIB,DOC_448A3EF9F119,CHK_A6C1041C7B26,20260913_3e08fe23-d70e-424c-bc51-1222e320f902 (1).pdf,APPROVED_LABEL,4,United States,95,PENDING_SME_REVIEW,NOT_REVIEWED,NOT_MLR_REVIEWED,2026-09-23T11:59:04.536685+00:00,False
CAND_944A89471AAD,DOSAGE,2 DOSAGE AND ADMINISTRATION 2.1 Recommended Dosage The recommended dosage of BRUKINSA for monotherapy or in combination with obinutuzumab is 160 mg taken orally twice daily or 320 mg taken orally once daily until disease progression or unacceptable toxicity.,DRUG_ZANUBRUTINIB,DOC_448A3EF9F119,CHK_A6C1041C7B26,20260913_3e08fe23-d70e-424c-bc51-1222e320f902 (1).pdf,APPROVED_LABEL,4,United States,130,PENDING_SME_REVIEW,NOT_REVIEWED,NOT_MLR_REVIEWED,2026-09-23T11:59:04.536685+00:00,True
CAND_CF8C283CBF98,DOSAGE,2.2 Dosage Modification for Use in Hepatic Impairment The recommended dosage of BRUKINSA for patients with severe hepatic impairment (Child-Pugh class C) is 80 mg orally twice daily; no dosage modification is recommended for patients with mild or moderate hepatic impairment (Child-Pugh class A or B) [see Use in Specific Populations (8.7) and Clinical Pharmacology (12.3)].,DRUG_ZANUBRUTINIB,DOC_448A3EF9F119,CHK_790965F5BB58,20260913_3e08fe23-d70e-424c-bc51-1222e320f902 (1).pdf,APPROVED_LABEL,4,United States,130,PENDING_SME_REVIEW,NOT_REVIEWED,NOT_MLR_REVIEWED,2026-09-23T11:59:04.536685+00:00,False
CAND_11320D5C734E,DOSAGE,2.3 Dosage Modifications for Drug Interactions Recommended dosage modifications of BRUKINSA for drug interactions are provided in Table 1 [see Drug Interactions (7.1)].,DRUG_ZANUBRUTINIB,DOC_448A3EF9F119,CHK_790965F5BB58,20260913_3e08fe23-d70e-424c-bc51-1222e320f902 (1).pdf,APPROVED_LABEL,4,United States,120,PENDING_SME_REVIEW,NOT_REVIEWED,NOT_MLR_REVIEWED,2026-09-23T11:59:04.536685+00:00,False
CAND_BB287279C92A,DOSAGE,Inducers Coadministered Drug Recommended BRUKINSA Dosage (Starting Dose: 160 mg twice daily or 320 mg once daily) * † Clarithromycin 250 mg twice daily 80 mg twice daily Clarithromycin 500 mg twice daily 80 mg once daily Posaconazole suspension 100 mg once daily 80 mg twice daily Posaconazole suspension dosage higher than 100 mg once daily Posaconazole delayed-release tablets 300 mg once daily Posaconazole intravenous 300 mg once daily 80 mg once daily Other strong CYP3A inhibitor 80 mg once daily Moderate CYP3A inhibitor 80 mg twice daily Strong CYP3A inducer Avoid concomitant use.,DRUG_ZANUBRUTINIB,DOC_448A3EF9F119,CHK_B3A5131AD2B4,20260913_3e08fe23-d70e-424c-bc51-1222e320f902 (1).pdf,APPROVED_LABEL,5,United States,130,PENDING_SME_REVIEW,NOT_REVIEWED,NOT_MLR_REVIEWED,2026-09-23T11:59:04.536685+00:00,True
CAND_34D1C3E41113,DOSAGE,"If these inducers cannot be avoided, increase BRUKINSA dose to 320 mg twice daily.",DRUG_ZANUBRUTINIB,DOC_448A3EF9F119,CHK_B3A5131AD2B4,20260913_3e08fe23-d70e-424c-bc51-1222e320f902 (1).pdf,APPROVED_LABEL,5,United States,130,PENDING_SME_REVIEW,NOT_REVIEWED,NOT_MLR_REVIEWED,2026-09-23T11:59:04.536685+00:00,True
CAND_2710A59060FA,DOSAGE,2.4 Dosage Modifications for Adverse Reactions Recommended dosage modifications of BRUKINSA for Grade 3 or higher adverse reactions are provided in Table 2.,DRUG_ZANUBRUTINIB,DOC_448A3EF9F119,CHK_B3A5131AD2B4,20260913_3e08fe23-d70e-424c-bc51-1222e320f902 (1).pdf,APPROVED_LABEL,5,United States,120,PENDING_SME_REVIEW,NOT_REVIEWED,NOT_MLR_REVIEWED,2026-09-23T11:59:04.536685+00:00,False
CAND_96784839E7DB,DOSAGE,Table 2: Recommended Dosage Modifications for Adverse Reaction Adverse Reaction Adverse Reaction Occurrence Dosage Modification (Starting Dose: 160 m,DRUG_ZANUBRUTINIB,DOC_448A3EF9F119,CHK_B3A5131AD2B4,20260913_3e08fe23-d70e-424c-bc51-1222e320f902 (1).pdf,APPROVED_LABEL,5,United States,120,PENDING_SME_REVIEW,NOT_REVIEWED,NOT_MLR_REVIEWED,2026-09-23T11:59:04.536685+00:00,True
CAND_FB071405F16F,DOSAGE,"Table 2: Recommended Dosage Modifications for Adverse Reaction Adverse Reaction Adverse Reaction Occurrence Dosage Modification (Starting Dose: 160 mg twice daily or 320 mg once daily) Hematological toxicities [see Warnings and Precautions (5.3)] Grade 3 or Grade 4 febrile neutropenia Platelet count decreased to First Interrupt BRUKINSA Once toxicity has resolved to Grade 1 or lower or baseline: Resume at 160 mg twice daily Since clarithromycin 250 mg twice daily acts as a moderate CYP3A inhibitor, it is recommended that patients be administered clarithromycin 250 mg twice daily with 80 mg BRUKINSA twice daily [see Clinical Pharmacology (12.3)].",DRUG_ZANUBRUTINIB,DOC_448A3EF9F119,CHK_27C64ACE78FB,20260913_3e08fe23-d70e-424c-bc51-1222e320f902 (1).pdf,APPROVED_LABEL,5,United States,130,PENDING_SME_REVIEW,NOT_REVIEWED,NOT_MLR_REVIEWED,2026-09-23T11:59:04.536685+00:00,True
CAND_F1C27CCBDA38,SAFETY,"Table 2: Recommended Dosage Modifications for Adverse Reaction Adverse Reaction Adverse Reaction Occurrence Dosage Modification (Starting Dose: 160 mg twice daily or 320 mg once daily) Hematological toxicities [see Warnings and Precautions (5.3)] Grade 3 or Grade 4 febrile neutropenia Platelet count decreased to First Interrupt BRUKINSA Once toxicity has resolved to Grade 1 or lower or baseline: Resume at 160 mg twice daily Since clarithromycin 250 mg twice daily acts as a moderate CYP3A inhibitor, it is recommended that patients be administered clarithromycin 250 mg twice daily with 80 mg BRUKINSA twice daily [see Clinical Pharmacology (12.3)].",DRUG_ZANUBRUTINIB,DOC_448A3EF9F119,CHK_27C64ACE78FB,20260913_3e08fe23-d70e-424c-bc51-1222e320f902 (1).pdf,APPROVED_LABEL,5,United States,90,PENDING_SME_REVIEW,NOT_REVIEWED,NOT_MLR_REVIEWED,2026-09-23T11:59:04.536685+00:00,True
CAND_4EA7BB1E0004,DOSAGE,"* Platelet count decreased to 25,000-50,000/mm with significant bleeding Neutrophil count decreased to <500/mm (lasting more than 10 consecutive days) Platelet count decreased to <25,000/mm (lasting more than 10 consecutive days) or 320 mg once daily.",DRUG_ZANUBRUTINIB,DOC_448A3EF9F119,CHK_7CCBF9846C90,20260913_3e08fe23-d70e-424c-bc51-1222e320f902 (1).pdf,APPROVED_LABEL,6,United States,130,PENDING_SME_REVIEW,NOT_REVIEWED,NOT_MLR_REVIEWED,2026-09-23T11:59:04.536685+00:00,True
CAND_48C52B3075A3,DOSAGE,Second Interrupt BRUKINSA Once toxicity has resolved to Grade 1 or lower or baseline: Resume at 80 mg twice daily or 160 mg once daily.,DRUG_ZANUBRUTINIB,DOC_448A3EF9F119,CHK_7CCBF9846C90,20260913_3e08fe23-d70e-424c-bc51-1222e320f902 (1).pdf,APPROVED_LABEL,6,United States,130,PENDING_SME_REVIEW,NOT_REVIEWED,NOT_MLR_REVIEWED,2026-09-23T11:59:04.536685+00:00,True
CAND_4020E7FCD9E9,DOSAGE,Third Interrupt BRUKINSA Once toxicity has resolved to Grade 1 or lower or baseline: Resume at 80 mg once daily.,DRUG_ZANUBRUTINIB,DOC_448A3EF9F119,CHK_7CCBF9846C90,20260913_3e08fe23-d70e-424c-bc51-1222e320f902 (1).pdf,APPROVED_LABEL,6,United States,130,PENDING_SME_REVIEW,NOT_REVIEWED,NOT_MLR_REVIEWED,2026-09-23T11:59:04.536685+00:00,True
CAND_27D16A4D4C67,DOSAGE,Fourth Discontinue BRUKINSA Nonhematological toxicities [see Warnings and Precautions (5.5) and Adverse Reactions (6.1)] Severe or life-threatening nonhematological toxicities First Interrupt BRUKINSA Once toxicity has resolved to Grade 1 or lower or baseline: Resume at 160 mg twice daily or 320 mg once daily.,DRUG_ZANUBRUTINIB,DOC_448A3EF9F119,CHK_7CCBF9846C90,20260913_3e08fe23-d70e-424c-bc51-1222e320f902 (1).pdf,APPROVED_LABEL,6,United States,130,PENDING_SME_REVIEW,NOT_REVIEWED,NOT_MLR_REVIEWED,2026-09-23T11:59:04.536685+00:00,True
CAND_5AD7AD8B8F5C,DOSAGE,to Grade 1 or lower or baseline: Resume at 80 mg once daily.,DRUG_ZANUBRUTINIB,DOC_448A3EF9F119,CHK_1AAC5925C9C9,20260913_3e08fe23-d70e-424c-bc51-1222e320f902 (1).pdf,APPROVED_LABEL,6,United States,130,PENDING_SME_REVIEW,NOT_REVIEWED,NOT_MLR_REVIEWED,2026-09-23T11:59:04.536685+00:00,True
CAND_EDDAE24FAEF3,SAFETY,5 WARNINGS AND PRECAUTIONS 5.1 Hemorrhage Fatal and serious hemorrhage has occurred in patients with hematological malignancies treated with BRUKINSA.,DRUG_ZANUBRUTINIB,DOC_448A3EF9F119,CHK_1C0ABB7B4B7A,20260913_3e08fe23-d70e-424c-bc51-1222e320f902 (1).pdf,APPROVED_LABEL,7,United States,80,PENDING_SME_REVIEW,NOT_REVIEWED,NOT_MLR_REVIEWED,2026-09-23T11:59:04.536685+00:00,True
CAND_230788777A44,SAFETY,"Grade 3 or higher hemorrhage including intracranial and gastrointestinal hemorrhage, hematuria, and hemothorax was reported in 3.8% of patients treated with BRUKINSA in clinical trials, with fatalities occurring in 0.2% of patients.",DRUG_ZANUBRUTINIB,DOC_448A3EF9F119,CHK_1C0ABB7B4B7A,20260913_3e08fe23-d70e-424c-bc51-1222e320f902 (1).pdf,APPROVED_LABEL,7,United States,90,PENDING_SME_REVIEW,NOT_REVIEWED,NOT_MLR_REVIEWED,2026-09-23T11:59:04.536685+00:00,True
CAND_9E844ADDDDE1,SAFETY,Coadministration of BRUKINSA with antiplatelet or anticoagulant medications may further increase the risk of hemorrhage.,DRUG_ZANUBRUTINIB,DOC_448A3EF9F119,CHK_1C0ABB7B4B7A,20260913_3e08fe23-d70e-424c-bc51-1222e320f902 (1).pdf,APPROVED_LABEL,7,United States,80,PENDING_SME_REVIEW,NOT_REVIEWED,NOT_MLR_REVIEWED,2026-09-23T11:59:04.536685+00:00,True
CAND_9302C5717594,SAFETY,Discontinue BRUKINSA if intracranial hemorrhage of any grade occurs.,DRUG_ZANUBRUTINIB,DOC_448A3EF9F119,CHK_1C0ABB7B4B7A,20260913_3e08fe23-d70e-424c-bc51-1222e320f902 (1).pdf,APPROVED_LABEL,7,United States,80,PENDING_SME_REVIEW,NOT_REVIEWED,NOT_MLR_REVIEWED,2026-09-23T11:59:04.536685+00:00,True
CAND_63EEBF6DB57F,SAFETY,"5.2 Infections Fatal and serious infections (including bacterial, viral, or fungal infections) and opportunistic infections have occurred in patients with hematological malignancies treated with BRUKINSA.",DRUG_ZANUBRUTINIB,DOC_448A3EF9F119,CHK_1C0ABB7B4B7A,20260913_3e08fe23-d70e-424c-bc51-1222e320f902 (1).pdf,APPROVED_LABEL,7,United States,80,PENDING_SME_REVIEW,NOT_REVIEWED,NOT_MLR_REVIEWED,2026-09-23T11:59:04.536685+00:00,False
CAND_BB51DF853CEC,SAFETY,"(including bacterial, viral, or fungal infections) and opportunistic infections have occurred in patients with hematological malignancies treated with BRUKINSA.",DRUG_ZANUBRUTINIB,DOC_448A3EF9F119,CHK_22E2646CA19D,20260913_3e08fe23-d70e-424c-bc51-1222e320f902 (1).pdf,APPROVED_LABEL,7,United States,80,PENDING_SME_REVIEW,NOT_REVIEWED,NOT_MLR_REVIEWED,2026-09-23T11:59:04.536685+00:00,True
CAND_EC2AD3BE9754,SAFETY,"Grade 3 or higher infections occurred in 26% of patients, most commonly pneumonia (7.9%), with fatal infections occurring in 3.2% of patients.",DRUG_ZANUBRUTINIB,DOC_448A3EF9F119,CHK_22E2646CA19D,20260913_3e08fe23-d70e-424c-bc51-1222e320f902 (1).pdf,APPROVED_LABEL,7,United States,90,PENDING_SME_REVIEW,NOT_REVIEWED,NOT_MLR_REVIEWED,2026-09-23T11:59:04.536685+00:00,True
CAND_070008D3DE46,SAFETY,Infections due to hepatitis B virus (HBV) reactivation have occurred.,DRUG_ZANUBRUTINIB,DOC_448A3EF9F119,CHK_22E2646CA19D,20260913_3e08fe23-d70e-424c-bc51-1222e320f902 (1).pdf,APPROVED_LABEL,7,United States,80,PENDING_SME_REVIEW,NOT_REVIEWED,NOT_MLR_REVIEWED,2026-09-23T11:59:04.536685+00:00,True
CAND_303D97CC7376,SAFETY,"Consider prophylaxis for herpes simplex virus, pneumocystis jirovecii pneumonia, and other infections according to standard of care in patients who are at increased risk for infections.",DRUG_ZANUBRUTINIB,DOC_448A3EF9F119,CHK_22E2646CA19D,20260913_3e08fe23-d70e-424c-bc51-1222e320f902 (1).pdf,APPROVED_LABEL,7,United States,80,PENDING_SME_REVIEW,NOT_REVIEWED,NOT_MLR_REVIEWED,2026-09-23T11:59:04.536685+00:00,True
CAND_DAEBA247E344,SAFETY,Monitor and evaluate patients for fever or other signs and symptoms of infection and treat appropriately.,DRUG_ZANUBRUTINIB,DOC_448A3EF9F119,CHK_22E2646CA19D,20260913_3e08fe23-d70e-424c-bc51-1222e320f902 (1).pdf,APPROVED_LABEL,7,United States,80,PENDING_SME_REVIEW,NOT_REVIEWED,NOT_MLR_REVIEWED,2026-09-23T11:59:04.536685+00:00,True
CAND_A1D152604920,SAFETY,"5.3 Cytopenias Grade 3 or 4 cytopenias, including neutropenia (21%), thrombocytopenia (8%), and anemia (8%) based on laboratory measurements, developed in patients treated with BRUKINSA [see Adverse Reactions (6.1)].",DRUG_ZANUBRUTINIB,DOC_448A3EF9F119,CHK_22E2646CA19D,20260913_3e08fe23-d70e-424c-bc51-1222e320f902 (1).pdf,APPROVED_LABEL,7,United States,90,PENDING_SME_REVIEW,NOT_REVIEWED,NOT_MLR_REVIEWED,2026-09-23T11:59:04.536685+00:00,False
CAND_ADA6DDE8D66E,SAFETY,"Grade 4 neutropenia occurred in 10% of patients, and Grade 4 thrombocytopenia occurred in 2.5% of patients.",DRUG_ZANUBRUTINIB,DOC_448A3EF9F119,CHK_22E2646CA19D,20260913_3e08fe23-d70e-424c-bc51-1222e320f902 (1).pdf,APPROVED_LABEL,7,United States,90,PENDING_SME_REVIEW,NOT_REVIEWED,NOT_MLR_REVIEWED,2026-09-23T11:59:04.536685+00:00,True
CAND_FA7E7A1F25BC,SAFETY,"Atrial fibrillation and atrial flutter were reported in 4.4% of patients treated with BRUKINSA, including Grade 3 or higher cases in 1.9% of patients.",DRUG_ZANUBRUTINIB,DOC_448A3EF9F119,CHK_8C20195E143A,20260913_3e08fe23-d70e-424c-bc51-1222e320f902 (1).pdf,APPROVED_LABEL,8,United States,90,PENDING_SME_REVIEW,NOT_REVIEWED,NOT_MLR_REVIEWED,2026-09-23T11:59:04.536685+00:00,True
CAND_57F210424D3E,SAFETY,"Patients with cardiac risk factors, hypertension, and acute infections may be at increased risk.",DRUG_ZANUBRUTINIB,DOC_448A3EF9F119,CHK_8C20195E143A,20260913_3e08fe23-d70e-424c-bc51-1222e320f902 (1).pdf,APPROVED_LABEL,8,United States,80,PENDING_SME_REVIEW,NOT_REVIEWED,NOT_MLR_REVIEWED,2026-09-23T11:59:04.536685+00:00,True
CAND_22CB74937F41,DOSAGE,"Administration of zanubrutinib to pregnant rats during the period of organogenesis caused embryo-fetal toxicity, including malformations at exposures that were 5 times higher than those reported in patients at the recommended dose of 160 mg twice daily.",DRUG_ZANUBRUTINIB,DOC_448A3EF9F119,CHK_41A7F3653686,20260913_3e08fe23-d70e-424c-bc51-1222e320f902 (1).pdf,APPROVED_LABEL,8,United States,130,PENDING_SME_REVIEW,NOT_REVIEWED,NOT_MLR_REVIEWED,2026-09-23T11:59:04.536685+00:00,True
CAND_448111EDAB9C,SAFETY,"6 ADVERSE REACTIONS The following clinically significant adverse reactions are discussed in more detail in other sections of the labeling: Hemorrhage [see Warnings and Precautions (5.1)] Infections [see Warnings and Precautions (5.2)] Cytopenias [see Warnings and Precautions (5.3)] Second Primary Malignancies [see Warnings and Precautions (5.4)] Cardiac Arrhythmias [see Warnings and Precautions (5.5)] Hepatotoxicity, including DILI [see Warnings and Precautions (5.6)] 6.1 Clinical Trials Experience Because clinical trials are conducted under widely varying conditions, adverse reaction rates observed in the clinical trials of a drug cannot be directly compared to rates in the",DRUG_ZANUBRUTINIB,DOC_448A3EF9F119,CHK_5D0031D58D00,20260913_3e08fe23-d70e-424c-bc51-1222e320f902 (1).pdf,APPROVED_LABEL,8,United States,80,PENDING_SME_REVIEW,NOT_REVIEWED,NOT_MLR_REVIEWED,2026-09-23T11:59:04.536685+00:00,True
CAND_DD46A1F6C164,DOSAGE,"The data in the WARNINGS AND PRECAUTIONS reflect exposure to BRUKINSA in nine monotherapy and 2 combination clinical trials, administered at 160 mg twice daily in 1608 patients and at 320 mg once daily in 121 patients.",DRUG_ZANUBRUTINIB,DOC_448A3EF9F119,CHK_5B3687820A13,20260913_3e08fe23-d70e-424c-bc51-1222e320f902 (1).pdf,APPROVED_LABEL,9,United States,130,PENDING_SME_REVIEW,NOT_REVIEWED,NOT_MLR_REVIEWED,2026-09-23T11:59:04.536685+00:00,True
CAND_D2B5E7EF6B4D,SAFETY,"In this pooled safety population, the most common adverse reactions (≥30%), including laboratory abnormalities, were neutrophil count decreased (51%), platelet count decreased (41%), upper respiratory tract infection (38%), hemorrhage (32%), and musculoskeletal pain (31%).",DRUG_ZANUBRUTINIB,DOC_448A3EF9F119,CHK_5B3687820A13,20260913_3e08fe23-d70e-424c-bc51-1222e320f902 (1).pdf,APPROVED_LABEL,9,United States,90,PENDING_SME_REVIEW,NOT_REVIEWED,NOT_MLR_REVIEWED,2026-09-23T11:59:04.536685+00:00,True
CAND_9E7C82E3C38E,TRIAL_IDENTIFIER,"Mantle Cell Lymphoma (MCL) The safety of BRUKINSA was evaluated in 118 patients with MCL who received at least one prior therapy in two single-arm clinical trials, BGB-3111-206 [NCT03206970] and BGB-3111-AU-003 [NCT02343120] [see Clinical Studies (14.1)].",DRUG_ZANUBRUTINIB,DOC_448A3EF9F119,CHK_5B3687820A13,20260913_3e08fe23-d70e-424c-bc51-1222e320f902 (1).pdf,APPROVED_LABEL,9,United States,50,PENDING_SME_REVIEW,NOT_REVIEWED,NOT_MLR_REVIEWED,2026-09-23T11:59:04.536685+00:00,True
CAND_ED445AEDB016,SAFETY,"Both trials excluded patients with prior allogeneic hematopoietic stem cell transplant, exposure to a BTK inhibitor, known infection with HIV, and serologic evidence of active hepatitis B or hepatitis C infection, and patients requiring strong CYP3A inhibitors or strong CYP3A inducers.",DRUG_ZANUBRUTINIB,DOC_448A3EF9F119,CHK_D64526882A11,20260913_3e08fe23-d70e-424c-bc51-1222e320f902 (1).pdf,APPROVED_LABEL,9,United States,80,PENDING_SME_REVIEW,NOT_REVIEWED,NOT_MLR_REVIEWED,2026-09-23T11:59:04.536685+00:00,True
CAND_9311EB704783,DOSAGE,Patients received BRUKINSA 160 mg twice daily or 320 mg once daily.,DRUG_ZANUBRUTINIB,DOC_448A3EF9F119,CHK_D64526882A11,20260913_3e08fe23-d70e-424c-bc51-1222e320f902 (1).pdf,APPROVED_LABEL,9,United States,130,PENDING_SME_REVIEW,NOT_REVIEWED,NOT_MLR_REVIEWED,2026-09-23T11:59:04.536685+00:00,True
CAND_5DFD7B897CBA,SAFETY,"patitis C infection, and patients requiring strong CYP3A inhibitors or strong CYP3A inducers.",DRUG_ZANUBRUTINIB,DOC_448A3EF9F119,CHK_145CD5379A73,20260913_3e08fe23-d70e-424c-bc51-1222e320f902 (1).pdf,APPROVED_LABEL,9,United States,80,PENDING_SME_REVIEW,NOT_REVIEWED,NOT_MLR_REVIEWED,2026-09-23T11:59:04.536685+00:00,True
CAND_9070074C8697,SAFETY,Fatal cases included pneumonia in 2 patients and cerebral hemorrhage in one patient.,DRUG_ZANUBRUTINIB,DOC_448A3EF9F119,CHK_145CD5379A73,20260913_3e08fe23-d70e-424c-bc51-1222e320f902 (1).pdf,APPROVED_LABEL,9,United States,80,PENDING_SME_REVIEW,NOT_REVIEWED,NOT_MLR_REVIEWED,2026-09-23T11:59:04.536685+00:00,True
CAND_4689E2C60212,SAFETY,The most frequent serious adverse reactions that occurred were pneumonia (11%) and hemorrhage (5%).,DRUG_ZANUBRUTINIB,DOC_448A3EF9F119,CHK_145CD5379A73,20260913_3e08fe23-d70e-424c-bc51-1222e320f902 (1).pdf,APPROVED_LABEL,9,United States,90,PENDING_SME_REVIEW,NOT_REVIEWED,NOT_MLR_REVIEWED,2026-09-23T11:59:04.536685+00:00,True
CAND_0A0561DBDD56,SAFETY,"% Higher % * † ‡ § ¶ # Þ Infections and infestations Upper respiratory tract infection 39 0 Pneumonia 15 10 Urinary tract infection 11 0.8 Skin and subcutaneous tissue disorders Rash 36 0 Bruising 14 0 Gastrointestinal disorders Diarrhea 23 0.8 Constipation 13 0 Vascular disorders Hypertension 12 3.4 Hemorrhage 11 3.4 Musculoskeletal and connective tissue disorders Musculoskeletal pain 14 3.4 Respiratory, thoracic, and mediastinal disorders Cough 12 0 Other clinically significant adverse reactions that occurred in <10% of patients with mantle cell lymphoma include major hemorrhage (defined as ≥ Grade 3 hemorrhage or CNS hemorrhage of any grade) (5%) and headache (4.2%).",DRUG_ZANUBRUTINIB,DOC_448A3EF9F119,CHK_63CECBDF71FC,20260913_3e08fe23-d70e-424c-bc51-1222e320f902 (1).pdf,APPROVED_LABEL,10,United States,90,PENDING_SME_REVIEW,NOT_REVIEWED,NOT_MLR_REVIEWED,2026-09-23T11:59:04.536685+00:00,True
CAND_DBB8742787DA,SAFETY,"Table 4: Selected Laboratory Abnormalities (>20%) in Patients with MCL in Studies BGB-3111-206 and BGB-3111-AU-003 Laboratory Parameter Percent of Patients (N=118) All Grades (%) Grade 3 or 4 (%) Hematologic abnormalities Neutrophils decreased 45 20 Lymphocytosis 41 16 Platelets decreased 40 7 Hemoglobin decreased 27 6 Upper respiratory tract infection includes upper respiratory tract infection, upper respiratory tract infection viral.",DRUG_ZANUBRUTINIB,DOC_448A3EF9F119,CHK_63CECBDF71FC,20260913_3e08fe23-d70e-424c-bc51-1222e320f902 (1).pdf,APPROVED_LABEL,10,United States,90,PENDING_SME_REVIEW,NOT_REVIEWED,NOT_MLR_REVIEWED,2026-09-23T11:59:04.536685+00:00,True
CAND_A52653F6965C,SAFETY,"Upper respiratory tract infection includes upper respiratory tract infection, upper respiratory tract infection viral.",DRUG_ZANUBRUTINIB,DOC_448A3EF9F119,CHK_3EE71E6938C3,20260913_3e08fe23-d70e-424c-bc51-1222e320f902 (1).pdf,APPROVED_LABEL,10,United States,80,PENDING_SME_REVIEW,NOT_REVIEWED,NOT_MLR_REVIEWED,2026-09-23T11:59:04.536685+00:00,True
CAND_644744FBB9E5,SAFETY,"Pneumonia includes pneumonia, pneumonia fungal, pneumonia cryptococcal, pneumonia streptococcal, atypical pneumonia, lung infection, lower respiratory tract infection, lower respiratory tract infection bacterial, lower respiratory tract infection viral.",DRUG_ZANUBRUTINIB,DOC_448A3EF9F119,CHK_3EE71E6938C3,20260913_3e08fe23-d70e-424c-bc51-1222e320f902 (1).pdf,APPROVED_LABEL,10,United States,80,PENDING_SME_REVIEW,NOT_REVIEWED,NOT_MLR_REVIEWED,2026-09-23T11:59:04.536685+00:00,True
CAND_992140C3188B,SAFETY,"Hemorrhage includes all related terms containing hemorrhage, hematoma.",DRUG_ZANUBRUTINIB,DOC_448A3EF9F119,CHK_3EE71E6938C3,20260913_3e08fe23-d70e-424c-bc51-1222e320f902 (1).pdf,APPROVED_LABEL,10,United States,80,PENDING_SME_REVIEW,NOT_REVIEWED,NOT_MLR_REVIEWED,2026-09-23T11:59:04.536685+00:00,True
CAND_D962F59F3E58,TRIAL_DESIGN,"Cohort 1 included 199 patients with MYD88 mutation (MYD88 ) WM, randomized to and treated with either BRUKINSA (101 patients) or ibrutinib (98 patients).",DRUG_ZANUBRUTINIB,DOC_448A3EF9F119,CHK_0EACA103A7E0,20260913_3e08fe23-d70e-424c-bc51-1222e320f902 (1).pdf,APPROVED_LABEL,11,United States,60,PENDING_SME_REVIEW,NOT_REVIEWED,NOT_MLR_REVIEWED,2026-09-23T11:59:04.536685+00:00,True
CAND_A7CEEFC692FD,TRIAL_DESIGN,"The trial also included a non-randomized arm, Cohort 2, with 26 wild type MYD88 (MYD88 ) WM patients and 2 patients with unknown MYD88 status [see Clinical Studies (14.2)].",DRUG_ZANUBRUTINIB,DOC_448A3EF9F119,CHK_0EACA103A7E0,20260913_3e08fe23-d70e-424c-bc51-1222e320f902 (1).pdf,APPROVED_LABEL,11,United States,60,PENDING_SME_REVIEW,NOT_REVIEWED,NOT_MLR_REVIEWED,2026-09-23T11:59:04.536685+00:00,True
CAND_6E1B60A4687C,SAFETY,"Serious adverse reactions in >2% of patients included influenza (3%), pneumonia (4%), neutropenia and neutrophil count decreased (3%), hemorrhage (4%), pyrexia (3%), and febrile neutropenia (3%).",DRUG_ZANUBRUTINIB,DOC_448A3EF9F119,CHK_94A296B1B9F7,20260913_3e08fe23-d70e-424c-bc51-1222e320f902 (1).pdf,APPROVED_LABEL,11,United States,90,PENDING_SME_REVIEW,NOT_REVIEWED,NOT_MLR_REVIEWED,2026-09-23T11:59:04.536685+00:00,True
CAND_08EFCF946F27,SAFETY,"Permanent discontinuation of BRUKINSA due to an adverse reaction occurred in 2% of patients in Cohort 1 and included hemorrhage (1 patient), and neutropenia and neutrophil count decreased (1 patient); in Cohort 2, permanent discontinuation of BRUKINSA due to an adverse reaction occurred in 7% of patients and included subdural hemorrhage (1 patient) and diarrhea (1 patient).",DRUG_ZANUBRUTINIB,DOC_448A3EF9F119,CHK_94A296B1B9F7,20260913_3e08fe23-d70e-424c-bc51-1222e320f902 (1).pdf,APPROVED_LABEL,11,United States,90,PENDING_SME_REVIEW,NOT_REVIEWED,NOT_MLR_REVIEWED,2026-09-23T11:59:04.536685+00:00,True
CAND_17BE43DDCFD2,SAFETY,"Adverse reactions which required dosage interruption in >2% of patients included neutropenia, vomiting, hemorrhage, thrombocytopenia, and pneumonia in Cohort 1.",DRUG_ZANUBRUTINIB,DOC_448A3EF9F119,CHK_94A296B1B9F7,20260913_3e08fe23-d70e-424c-bc51-1222e320f902 (1).pdf,APPROVED_LABEL,11,United States,90,PENDING_SME_REVIEW,NOT_REVIEWED,NOT_MLR_REVIEWED,2026-09-23T11:59:04.536685+00:00,True
CAND_D403A2B719B1,SAFETY,Adverse reactions which required dose reductions in >2% of patients included neutropenia in Cohort 1.,DRUG_ZANUBRUTINIB,DOC_448A3EF9F119,CHK_14492844669E,20260913_3e08fe23-d70e-424c-bc51-1222e320f902 (1).pdf,APPROVED_LABEL,11,United States,90,PENDING_SME_REVIEW,NOT_REVIEWED,NOT_MLR_REVIEWED,2026-09-23T11:59:04.536685+00:00,True
CAND_71049D8BC7A0,SAFETY,"per respiratory tract infection, laryngitis, nasopharyngitis, sinusitis, rhinitis, viral upper respiratory tract infection, pharyngitis, rhinovirus infection, upper respiratory tract congestion.",DRUG_ZANUBRUTINIB,DOC_448A3EF9F119,CHK_4BBD855F57AE,20260913_3e08fe23-d70e-424c-bc51-1222e320f902 (1).pdf,APPROVED_LABEL,12,United States,80,PENDING_SME_REVIEW,NOT_REVIEWED,NOT_MLR_REVIEWED,2026-09-23T11:59:04.536685+00:00,True
CAND_681B6E51AEDD,SAFETY,"Pneumonia includes lower respiratory tract infection, lung infiltration, pneumonia, pneumonia aspiration, pneumonia viral.",DRUG_ZANUBRUTINIB,DOC_448A3EF9F119,CHK_4BBD855F57AE,20260913_3e08fe23-d70e-424c-bc51-1222e320f902 (1).pdf,APPROVED_LABEL,12,United States,80,PENDING_SME_REVIEW,NOT_REVIEWED,NOT_MLR_REVIEWED,2026-09-23T11:59:04.536685+00:00,True
CAND_BB1941C22EEF,SAFETY,"Hemorrhage includes epistaxis, hematuria, conjunctival hemorrhage, hematoma, * † ‡ § ¶ # Þ",DRUG_ZANUBRUTINIB,DOC_448A3EF9F119,CHK_4BBD855F57AE,20260913_3e08fe23-d70e-424c-bc51-1222e320f902 (1).pdf,APPROVED_LABEL,12,United States,80,PENDING_SME_REVIEW,NOT_REVIEWED,NOT_MLR_REVIEWED,2026-09-23T11:59:04.536685+00:00,True
CAND_7AA5E190C03B,SAFETY,"Clinically relevant adverse reactions in <10% of patients who received BRUKINSA included localized infection, atrial fibrillation or atrial flutter, and hematuria.",DRUG_ZANUBRUTINIB,DOC_448A3EF9F119,CHK_8887EC953B86,20260913_3e08fe23-d70e-424c-bc51-1222e320f902 (1).pdf,APPROVED_LABEL,13,United States,90,PENDING_SME_REVIEW,NOT_REVIEWED,NOT_MLR_REVIEWED,2026-09-23T11:59:04.536685+00:00,True
CAND_D601D9853819,DOSAGE,Patients received BRUKINSA 160 mg twice daily (97%) or 320 mg once daily (3%).,DRUG_ZANUBRUTINIB,DOC_448A3EF9F119,CHK_F2B2A3CC5D9A,20260913_3e08fe23-d70e-424c-bc51-1222e320f902 (1).pdf,APPROVED_LABEL,13,United States,130,PENDING_SME_REVIEW,NOT_REVIEWED,NOT_MLR_REVIEWED,2026-09-23T11:59:04.536685+00:00,True
CAND_745F216BF593,SAFETY,"Eighty percent received BRUKINSA for 6 months or longer, and 67% received treatment for more than one year. rectal hemorrhage, periorbital hemorrhage, mouth hemorrhage, post procedural hemorrhage, hemoptysis, skin hemorrhage, hemorrhoidal hemorrhage, ear hemorrhage, eye hemorrhage, hemorrhagic diathesis, periorbital hematoma, subdural hemorrhage, wound hemorrhage, gastric hemorrhage, lower gastrointestinal hemorrhage, spontaneous hematoma, traumatic hematoma, traumatic intracranial hemorrhage, tumor hemorrhage, retinal hemorrhage, hematochezia, diarrhea hemorrhagic, hemorrhage, melena, post-procedural hematoma, subdural hematoma, anal hemorrhage, hemorrhagic disorder, pericardial hemorrhage, postmenopausal hemorr",DRUG_ZANUBRUTINIB,DOC_448A3EF9F119,CHK_F2B2A3CC5D9A,20260913_3e08fe23-d70e-424c-bc51-1222e320f902 (1).pdf,APPROVED_LABEL,13,United States,90,PENDING_SME_REVIEW,NOT_REVIEWED,NOT_MLR_REVIEWED,2026-09-23T11:59:04.536685+00:00,True
CAND_DD93925FD4CF,SAFETY,"al hemorrhage, hematochezia, diarrhea hemorrhagic, hemorrhage, melena, post-procedural hematoma, subdural hematoma, anal hemorrhage, hemorrhagic disorder, pericardial hemorrhage, postmenopausal hemorrhage, stoma site hemorrhage, subarachnoid hemorrhage. * † † Based on laboratory measurements.",DRUG_ZANUBRUTINIB,DOC_448A3EF9F119,CHK_81AA05806CED,20260913_3e08fe23-d70e-424c-bc51-1222e320f902 (1).pdf,APPROVED_LABEL,13,United States,80,PENDING_SME_REVIEW,NOT_REVIEWED,NOT_MLR_REVIEWED,2026-09-23T11:59:04.536685+00:00,True
CAND_ECDAA162FC8D,SAFETY,The leading cause of dose modification was respiratory tract infections (13%).,DRUG_ZANUBRUTINIB,DOC_448A3EF9F119,CHK_B55AD0284DFD,20260913_3e08fe23-d70e-424c-bc51-1222e320f902 (1).pdf,APPROVED_LABEL,14,United States,90,PENDING_SME_REVIEW,NOT_REVIEWED,NOT_MLR_REVIEWED,2026-09-23T11:59:04.536685+00:00,True
CAND_F06C9E58D57F,SAFETY,"Table 7: Adverse Reactions Occurring in ≥10% Patients with MZL Who Received BRUKINSA Body System Adverse Reaction BRUKINSA (N=88) All Grades (%) Grade 3 or 4 (%) * † ‡ § ¶ # Þ ß Infections and infestations Upper respiratory tract infection 26 3.4 Urinary tract infection 11 2.3 Pneumonia 10 6 Gastrointestinal disorders Diarrhea 25 3.4 Abdominal pain 14 2.3 Nausea 13 0 Skin and subcutaneous tissue disorders Bruising 24 0 Rash 21 0 Musculoskeletal and connective tissue disorders Musculoskeletal pain 27 1.1 Vascular disorders Hemorrhage 23 1.1 General disorders Fatigue 21 2.3 Respiratory, thoracic, and mediastinal disord",DRUG_ZANUBRUTINIB,DOC_448A3EF9F119,CHK_B55AD0284DFD,20260913_3e08fe23-d70e-424c-bc51-1222e320f902 (1).pdf,APPROVED_LABEL,14,United States,90,PENDING_SME_REVIEW,NOT_REVIEWED,NOT_MLR_REVIEWED,2026-09-23T11:59:04.536685+00:00,True
CAND_7003468F7F94,SAFETY,"ash 21 0 Musculoskeletal and connective tissue disorders Musculoskeletal pain 27 1.1 Vascular disorders Hemorrhage 23 1.1 General disorders Fatigue 21 2.3 Respiratory, thoracic, and mediastinal disorders Cough 10 0 Upper respiratory tract infection includes upper respiratory tract infection, nasopharyngitis, sinusitis, tonsillitis, rhinitis, viral upper respiratory tract infection.",DRUG_ZANUBRUTINIB,DOC_448A3EF9F119,CHK_1CA9880AB29C,20260913_3e08fe23-d70e-424c-bc51-1222e320f902 (1).pdf,APPROVED_LABEL,14,United States,80,PENDING_SME_REVIEW,NOT_REVIEWED,NOT_MLR_REVIEWED,2026-09-23T11:59:04.536685+00:00,True
CAND_F66A14DDB9B4,SAFETY,"Urinary tract infection includes urinary tract infection, cystitis, Escherichia urinary tract infection, pyelonephritis, cystitis.",DRUG_ZANUBRUTINIB,DOC_448A3EF9F119,CHK_1CA9880AB29C,20260913_3e08fe23-d70e-424c-bc51-1222e320f902 (1).pdf,APPROVED_LABEL,14,United States,80,PENDING_SME_REVIEW,NOT_REVIEWED,NOT_MLR_REVIEWED,2026-09-23T11:59:04.536685+00:00,True
CAND_01B9E98AC63A,SAFETY,"Pneumonia includes COVID-19 pneumonia, pneumonia, bronchopulmonary aspergillosis, lower respiratory tract infection, organizing pneumonia.",DRUG_ZANUBRUTINIB,DOC_448A3EF9F119,CHK_1CA9880AB29C,20260913_3e08fe23-d70e-424c-bc51-1222e320f902 (1).pdf,APPROVED_LABEL,14,United States,80,PENDING_SME_REVIEW,NOT_REVIEWED,NOT_MLR_REVIEWED,2026-09-23T11:59:04.536685+00:00,True
CAND_7FE37AEEBCDE,SAFETY,"à è ð ø Clinically relevant adverse reactions in <10% of patients who received BRUKINSA included peripheral neuropathy, second primary malignancies, dizziness, edema, headache, petechiae, purpura, and atrial fibrillation or flutter.",DRUG_ZANUBRUTINIB,DOC_448A3EF9F119,CHK_BE8A16AD4B1D,20260913_3e08fe23-d70e-424c-bc51-1222e320f902 (1).pdf,APPROVED_LABEL,15,United States,90,PENDING_SME_REVIEW,NOT_REVIEWED,NOT_MLR_REVIEWED,2026-09-23T11:59:04.536685+00:00,True
CAND_A3C3513622B1,DOSAGE,Table 8: Select Laboratory Abnormalities (≥20%) that Worsened from Baseline in Patients with MZL Laboratory Abnormality BRUKINSA All Grades (%) Grade 3 or 4 (%) * Hematologic abnormalities Neutrophils decreased 43 15 Platelets decreased 33 10 Lymphocytes decreased 32 8 Hemoglobin decreased 26 6 Chemistry abnormalities Glucose increased 54 4.6 Creatinine increased 34 1.1 Phosphate decreased 27 2.3 Calcium decreased 23 0 ALT increased 22 1.1 Chronic Lymphocytic Leukemia or Small Lymphocytic Lymphoma The safety data described below reflect exposure to BRUKINSA (160 mg twice daily) in 675 patients with CLL from two randomized controlled clinical trials [see Clinical Studies (14.4)].,DRUG_ZANUBRUTINIB,DOC_448A3EF9F119,CHK_BE8A16AD4B1D,20260913_3e08fe23-d70e-424c-bc51-1222e320f902 (1).pdf,APPROVED_LABEL,15,United States,130,PENDING_SME_REVIEW,NOT_REVIEWED,NOT_MLR_REVIEWED,2026-09-23T11:59:04.536685+00:00,True
CAND_D5D53997C7D6,TRIAL_DESIGN,Table 8: Select Laboratory Abnormalities (≥20%) that Worsened from Baseline in Patients with MZL Laboratory Abnormality BRUKINSA All Grades (%) Grade 3 or 4 (%) * Hematologic abnormalities Neutrophils decreased 43 15 Platelets decreased 33 10 Lymphocytes decreased 32 8 Hemoglobin decreased 26 6 Chemistry abnormalities Glucose increased 54 4.6 Creatinine increased 34 1.1 Phosphate decreased 27 2.3 Calcium decreased 23 0 ALT increased 22 1.1 Chronic Lymphocytic Leukemia or Small Lymphocytic Lymphoma The safety data described below reflect exposure to BRUKINSA (160 mg twice daily) in 675 patients with CLL from two randomized controlled clinical trials [see Clinical Studies (14.4)].,DRUG_ZANUBRUTINIB,DOC_448A3EF9F119,CHK_BE8A16AD4B1D,20260913_3e08fe23-d70e-424c-bc51-1222e320f902 (1).pdf,APPROVED_LABEL,15,United States,70,PENDING_SME_REVIEW,NOT_REVIEWED,NOT_MLR_REVIEWED,2026-09-23T11:59:04.536685+00:00,True
CAND_477A2333BCB7,SAFETY,"s to be unsuitable for fludarabine, cyclophosphamide, and rituximab (FCR) therapy defined as age ≥65 years, or age 18 to <65 years with either a total Cumulative Illness Rating Scale (CIRS) >6, CLcr 30 to 69 mL/min, or history of serious or frequent infections.",DRUG_ZANUBRUTINIB,DOC_448A3EF9F119,CHK_7F77DC22BEAD,20260913_3e08fe23-d70e-424c-bc51-1222e320f902 (1).pdf,APPROVED_LABEL,15,United States,80,PENDING_SME_REVIEW,NOT_REVIEWED,NOT_MLR_REVIEWED,2026-09-23T11:59:04.536685+00:00,True
CAND_21C477746E07,SAFETY,"Hemorrhage includes epistaxis, hematuria, hemorrhoidal hemorrhage, hematoma, hemoptysis, conjunctival hemorrhage, diarrhea hemorrhagic, hemorrhage urinary tract, mouth hemorrhage, pulmonary hematoma, subcutaneous hematoma, gingival bleeding, melena, upper gastrointestinal hemorrhage.",DRUG_ZANUBRUTINIB,DOC_448A3EF9F119,CHK_7F77DC22BEAD,20260913_3e08fe23-d70e-424c-bc51-1222e320f902 (1).pdf,APPROVED_LABEL,15,United States,80,PENDING_SME_REVIEW,NOT_REVIEWED,NOT_MLR_REVIEWED,2026-09-23T11:59:04.536685+00:00,True
CAND_DA7C1FE7368C,SAFETY,"pulmonary hematoma, subcutaneous hematoma, gingival bleeding, melena, upper gastrointestinal hemorrhage.",DRUG_ZANUBRUTINIB,DOC_448A3EF9F119,CHK_57EB916BE90C,20260913_3e08fe23-d70e-424c-bc51-1222e320f902 (1).pdf,APPROVED_LABEL,15,United States,80,PENDING_SME_REVIEW,NOT_REVIEWED,NOT_MLR_REVIEWED,2026-09-23T11:59:04.536685+00:00,True
CAND_9DCC6A26B48D,TRIAL_DESIGN,"The safety of BRUKINSA monotherapy in patients with previously untreated CLL/SLL was evaluated in a randomized, multicenter, open-label, actively controlled trial [see Clinical Studies (14.4)].",DRUG_ZANUBRUTINIB,DOC_448A3EF9F119,CHK_82585CFCDE50,20260913_3e08fe23-d70e-424c-bc51-1222e320f902 (1).pdf,APPROVED_LABEL,16,United States,60,PENDING_SME_REVIEW,NOT_REVIEWED,NOT_MLR_REVIEWED,2026-09-23T11:59:04.536685+00:00,True
CAND_8F68F0A05888,DOSAGE,Patients without deletion of chromosome 17p13.1 (17p deletion) (Cohort 1) received either BRUKINSA 160 mg twice daily until disease progression or unacceptable toxicity (n=240) or bendamustine plus rituximab (BR) for 6 cycles (n=227).,DRUG_ZANUBRUTINIB,DOC_448A3EF9F119,CHK_82585CFCDE50,20260913_3e08fe23-d70e-424c-bc51-1222e320f902 (1).pdf,APPROVED_LABEL,16,United States,130,PENDING_SME_REVIEW,NOT_REVIEWED,NOT_MLR_REVIEWED,2026-09-23T11:59:04.536685+00:00,True
CAND_549034A70DA7,TRIAL_DESIGN,"Additionally, the same BRUKINSA regimen was evaluated in 111 patients with previously untreated CLL/SLL with 17p deletion in a non-randomized single arm (Cohort 2).",DRUG_ZANUBRUTINIB,DOC_448A3EF9F119,CHK_82585CFCDE50,20260913_3e08fe23-d70e-424c-bc51-1222e320f902 (1).pdf,APPROVED_LABEL,16,United States,60,PENDING_SME_REVIEW,NOT_REVIEWED,NOT_MLR_REVIEWED,2026-09-23T11:59:04.536685+00:00,True
CAND_E31B0CC81029,TRIAL_DESIGN,"Randomized Cohort: Previously Untreated CLL/SLL without 17p Deletion In patients with previously untreated CLL/SLL without 17p deletion, the median age was 70, 62% were male, 89% were White, 2% were Asian, and 2% were Black.",DRUG_ZANUBRUTINIB,DOC_448A3EF9F119,CHK_82585CFCDE50,20260913_3e08fe23-d70e-424c-bc51-1222e320f902 (1).pdf,APPROVED_LABEL,16,United States,70,PENDING_SME_REVIEW,NOT_REVIEWED,NOT_MLR_REVIEWED,2026-09-23T11:59:04.536685+00:00,True
CAND_2CE4BC3B1985,SAFETY,"The leading causes of dose modification (≥5% of all patients) were respiratory infections (COVID-19, pneumonia) and hemorrhage.",DRUG_ZANUBRUTINIB,DOC_448A3EF9F119,CHK_4C975C6FC5FD,20260913_3e08fe23-d70e-424c-bc51-1222e320f902 (1).pdf,APPROVED_LABEL,16,United States,90,PENDING_SME_REVIEW,NOT_REVIEWED,NOT_MLR_REVIEWED,2026-09-23T11:59:04.536685+00:00,True
CAND_70BF674E1E67,TRIAL_DESIGN,Table 9 summarizes select adverse reactions in this randomized cohort.,DRUG_ZANUBRUTINIB,DOC_448A3EF9F119,CHK_4C975C6FC5FD,20260913_3e08fe23-d70e-424c-bc51-1222e320f902 (1).pdf,APPROVED_LABEL,16,United States,60,PENDING_SME_REVIEW,NOT_REVIEWED,NOT_MLR_REVIEWED,2026-09-23T11:59:04.536685+00:00,True
CAND_E7D7DE634C5C,SAFETY,SLL without 17p Deletion in SEQUOIA CLL/SLL without 17p deletion BRUKINSA (N=240) BR (N=227) System Organ Class Preferred Term All Grades (%) Grade 3 or 4 (%) All Grades (%) Grade 3 or 4 (%) Musculoskeletal and connective tissue disorders Musculoskeletal pain 33 1.7 17 0.4 Infections and infestations Upper respiratory tract infection 28 1.3 15 0.9 Pneumonia 13 5 8 4 Vascular disorders Hemorrhage 27 4 4 0.4 Hypertension 14 7 5 2.6 2 2 2 * † ‡ § ¶ # § Þ,DRUG_ZANUBRUTINIB,DOC_448A3EF9F119,CHK_819F4030BFA1,20260913_3e08fe23-d70e-424c-bc51-1222e320f902 (1).pdf,APPROVED_LABEL,16,United States,80,PENDING_SME_REVIEW,NOT_REVIEWED,NOT_MLR_REVIEWED,2026-09-23T11:59:04.536685+00:00,True
CAND_E4D1DC6AFD04,SAFETY,"* † ‡ § ¶ # Þ ß à è ð ø Skin and subcutaneous tissue disorders Rash 24 1.3 30 5 Bruising 24 0 2.6 0 Respiratory, thoracic, and mediastinal disorders Cough 15 0 10 0 Gastrointestinal disorders Diarrhea 14 0.8 12 0.9 Constipation 10 0.4 18 0 Nausea 10 0 33 1.3 General disorders Fatigue 14 1.3 21 1.8 Neoplasms Second primary malignancy 13 6 1.3 0.4 Nervous system disorders Headache 12 0 8 0 Dizziness 11 0.8 5 0 Other clinically significant adverse reactions occurring in <10% of BRUKINSA recipients in this cohort included COVID-19 (9%), edema (8%), abdominal pain (8%), urinary tract infection (7%), and atrial fibrillation or flutter (3.3%).",DRUG_ZANUBRUTINIB,DOC_448A3EF9F119,CHK_907F0C55B097,20260913_3e08fe23-d70e-424c-bc51-1222e320f902 (1).pdf,APPROVED_LABEL,17,United States,90,PENDING_SME_REVIEW,NOT_REVIEWED,NOT_MLR_REVIEWED,2026-09-23T11:59:04.536685+00:00,True
CAND_D671DB481898,SAFETY,"Upper respiratory tract infection: upper respiratory tract infection, nasopharyngitis, sinusitis, rhinitis, pharyngitis, upper respiratory tract congestion, laryngitis, tonsillitis and upper respiratory tract inflammation, and related terms.",DRUG_ZANUBRUTINIB,DOC_448A3EF9F119,CHK_07BDE745B33B,20260913_3e08fe23-d70e-424c-bc51-1222e320f902 (1).pdf,APPROVED_LABEL,17,United States,80,PENDING_SME_REVIEW,NOT_REVIEWED,NOT_MLR_REVIEWED,2026-09-23T11:59:04.536685+00:00,True
CAND_182D12982C59,SAFETY,"Pneumonia: pneumonia, COVID-19 pneumonia, lower respiratory tract infection, lung infiltration, and related terms including specific types of infection.",DRUG_ZANUBRUTINIB,DOC_448A3EF9F119,CHK_07BDE745B33B,20260913_3e08fe23-d70e-424c-bc51-1222e320f902 (1).pdf,APPROVED_LABEL,17,United States,80,PENDING_SME_REVIEW,NOT_REVIEWED,NOT_MLR_REVIEWED,2026-09-23T11:59:04.536685+00:00,True
CAND_1AE4C9DFF43E,SAFETY,"Hemorrhage: all terms containing hematoma, hemorrhage, hemorrhagic, and related terms indicative of bleeding.",DRUG_ZANUBRUTINIB,DOC_448A3EF9F119,CHK_07BDE745B33B,20260913_3e08fe23-d70e-424c-bc51-1222e320f902 (1).pdf,APPROVED_LABEL,17,United States,80,PENDING_SME_REVIEW,NOT_REVIEWED,NOT_MLR_REVIEWED,2026-09-23T11:59:04.536685+00:00,True
CAND_67B39C8BF424,SAFETY,"The leading causes of dose modification (≥5% of all patients) were pneumonia, neutropenia, second primary malignancy, and diarrhea.",DRUG_ZANUBRUTINIB,DOC_448A3EF9F119,CHK_308984AE0858,20260913_3e08fe23-d70e-424c-bc51-1222e320f902 (1).pdf,APPROVED_LABEL,18,United States,90,PENDING_SME_REVIEW,NOT_REVIEWED,NOT_MLR_REVIEWED,2026-09-23T11:59:04.536685+00:00,True
CAND_8B56EE87FEF2,SAFETY,"Table 11: Adverse Reactions in ≥10% of Patients with Previously Untreated CLL/SLL and 17p Deletion in SEQUOIA CLL/SLL with 17p Deletion BRUKINSA (N=111) System Organ Class Preferred Term All Grades (%) Grade 3 or 4 (%) Infections and infestations Upper respiratory tract infection 38 0 Pneumonia 20 8 Musculoskeletal and connective tissue disorders Musculoskeletal pain 38 2.7 Skin and subcutaneous tissue disorders Rash 28 0 Bruising 26 0.9 The denominator used to calculate the rate was 239 in the BRUKINSA arm and 227 in the BR arm, based on the number of patients with a baseline value and at least one post-treatment value.",DRUG_ZANUBRUTINIB,DOC_448A3EF9F119,CHK_B65E0977FF34,20260913_3e08fe23-d70e-424c-bc51-1222e320f902 (1).pdf,APPROVED_LABEL,18,United States,90,PENDING_SME_REVIEW,NOT_REVIEWED,NOT_MLR_REVIEWED,2026-09-23T11:59:04.536685+00:00,True
CAND_A333611872D4,SAFETY,"* † ‡ § ¶ # Þ ß à è ð Vascular disorders Hemorrhage 28 4.5 Hypertension 11 5.4 Neoplasms Second primary malignancy 22 6 Gastrointestinal disorders Diarrhea 18 0.9 Nausea 16 0 Constipation 15 0 Abdominal pain 12 1.8 Respiratory, thoracic, and mediastinal disorders Cough 18 0 Dyspnea 13 0 General disorders and administration site conditions Fatigue 14 0.9 Nervous system disorders Headache 11 1.8 Clinically significant adverse reactions occurring in <10% of BRUKINSA recipients in this cohort included urinary tract infection (8%), edema (7%), atrial fibrillation or flutter (4.5%), and COVID-19 (3.6%).",DRUG_ZANUBRUTINIB,DOC_448A3EF9F119,CHK_4AE67CA80F60,20260913_3e08fe23-d70e-424c-bc51-1222e320f902 (1).pdf,APPROVED_LABEL,19,United States,90,PENDING_SME_REVIEW,NOT_REVIEWED,NOT_MLR_REVIEWED,2026-09-23T11:59:04.536685+00:00,True
CAND_2704D3942496,SAFETY,"Table 12: Select Laboratory Abnormalities (≥20%) that Worsened from Baseline in Patients with Previously Untreated CLL/SLL and 17p Deletion in SEQUOIA Laboratory Abnormality BRUKINSA All Grades (%) Grade 3 or 4 (%) Hematologic abnormalities Neutrophils decreased 42 19 Hemoglobin decreased 26 3.6 Upper respiratory tract infection: upper respiratory tract infection, nasopharyngitis, sinusitis, rhinitis, pharyngitis, upper respiratory tract congestion, upper respiratory tract inflammation, viral upper respiratory tract infec",DRUG_ZANUBRUTINIB,DOC_448A3EF9F119,CHK_4AE67CA80F60,20260913_3e08fe23-d70e-424c-bc51-1222e320f902 (1).pdf,APPROVED_LABEL,19,United States,90,PENDING_SME_REVIEW,NOT_REVIEWED,NOT_MLR_REVIEWED,2026-09-23T11:59:04.536685+00:00,True
CAND_A7E294DB7E71,SAFETY,"ion: upper respiratory tract infection, nasopharyngitis, sinusitis, rhinitis, pharyngitis, upper respiratory tract congestion, upper respiratory tract inflammation, viral upper respiratory tract infection, and related terms.",DRUG_ZANUBRUTINIB,DOC_448A3EF9F119,CHK_7193C98CB75F,20260913_3e08fe23-d70e-424c-bc51-1222e320f902 (1).pdf,APPROVED_LABEL,19,United States,80,PENDING_SME_REVIEW,NOT_REVIEWED,NOT_MLR_REVIEWED,2026-09-23T11:59:04.536685+00:00,True
CAND_EAEA4506CE10,SAFETY,"Pneumonia: pneumonia, COVID-19 pneumonia, lower respiratory tract infection, and related terms including specific types of infection.",DRUG_ZANUBRUTINIB,DOC_448A3EF9F119,CHK_7193C98CB75F,20260913_3e08fe23-d70e-424c-bc51-1222e320f902 (1).pdf,APPROVED_LABEL,19,United States,80,PENDING_SME_REVIEW,NOT_REVIEWED,NOT_MLR_REVIEWED,2026-09-23T11:59:04.536685+00:00,True
CAND_B2CC10D623A8,TRIAL_DESIGN,"* † ‡ Platelets decreased 23 0.9 Chemistry abnormalities Glucose increased 52 6 Magnesium increased 31 0 Creatinine increased 27 0.9 ALPINE The safety of BRUKINSA monotherapy was evaluated in patients with previously treated CLL/SLL in a randomized, multicenter, open-label, actively controlled trial [see Clinical Studies (14.4)].",DRUG_ZANUBRUTINIB,DOC_448A3EF9F119,CHK_F001D0CFFB28,20260913_3e08fe23-d70e-424c-bc51-1222e320f902 (1).pdf,APPROVED_LABEL,20,United States,60,PENDING_SME_REVIEW,NOT_REVIEWED,NOT_MLR_REVIEWED,2026-09-23T11:59:04.536685+00:00,True
CAND_6F227A785478,DOSAGE,"In ALPINE, 324 patients received BRUKINSA monotherapy, 160 mg orally twice daily and 324 patients received ibrutinib monotherapy, 420 mg orally daily until disease progression or unacceptable toxicity.",DRUG_ZANUBRUTINIB,DOC_448A3EF9F119,CHK_F001D0CFFB28,20260913_3e08fe23-d70e-424c-bc51-1222e320f902 (1).pdf,APPROVED_LABEL,20,United States,130,PENDING_SME_REVIEW,NOT_REVIEWED,NOT_MLR_REVIEWED,2026-09-23T11:59:04.536685+00:00,True
CAND_E683A9858E83,SAFETY,Adverse reactions leading to death that occurred in >1% of patients were pneumonia (2.8%) and COVID-19 infection (1.9%).,DRUG_ZANUBRUTINIB,DOC_448A3EF9F119,CHK_F001D0CFFB28,20260913_3e08fe23-d70e-424c-bc51-1222e320f902 (1).pdf,APPROVED_LABEL,20,United States,90,PENDING_SME_REVIEW,NOT_REVIEWED,NOT_MLR_REVIEWED,2026-09-23T11:59:04.536685+00:00,True
CAND_76A8A23F0B0D,SAFETY,"The leading causes of dose modification (≥5% of all patients) were respiratory infections (COVID-19, pneumonia) and neutropenia.",DRUG_ZANUBRUTINIB,DOC_448A3EF9F119,CHK_8DDFEA332847,20260913_3e08fe23-d70e-424c-bc51-1222e320f902 (1).pdf,APPROVED_LABEL,20,United States,90,PENDING_SME_REVIEW,NOT_REVIEWED,NOT_MLR_REVIEWED,2026-09-23T11:59:04.536685+00:00,True
CAND_9E8CCBC71026,SAFETY,Table 13: Adverse Reactions in ≥10% of Patients with Relapsed or Refractory CLL/SLL Who Received BRUKINSA in ALPINE System Organ Class Preferred Term BRUKINSA (N=324) Ibrutinib (N=324) All Grades (%) Grade 3 or 4 (%) All Grades (%) Grade 3 or 4 (%) Infections and infestations Upper respiratory tract infection 27 1.2 22 1.2 Pneumonia 18 9 19 11 COVID-19 14 7 10 4.6 Musculoskeletal and connective tissue disorders Musculoskeletal pain 26 0.6 28 0.6 Vascular disorders The denominator used to calculate the rate varied from 110 to 111 based on the number of patients with a baseline value and at least one post-treatment value.,DRUG_ZANUBRUTINIB,DOC_448A3EF9F119,CHK_8DDFEA332847,20260913_3e08fe23-d70e-424c-bc51-1222e320f902 (1).pdf,APPROVED_LABEL,20,United States,90,PENDING_SME_REVIEW,NOT_REVIEWED,NOT_MLR_REVIEWED,2026-09-23T11:59:04.536685+00:00,True
CAND_798081C13254,SAFETY,"* † ‡ § ¶ # Þ ß à è ð Hemorrhage 24 2.5 26 3.7 Hypertension 19 13 20 13 Skin and subcutaneous tissue disorders Rash 20 1.2 21 0.9 Bruising 16 0 14 0 Gastrointestinal disorders Diarrhea 14 1.5 22 0.9 General disorders Fatigue 13 0.9 14 0.9 Respiratory, thoracic, and mediastinal disorders Cough 11 0.3 11 0 Nervous system disorders Dizziness 10 0 7 0 Clinically relevant adverse reactions in <10% of patients who received BRUKINSA included urinary tract infection (9%), supraventricular arrhythmias (9%) including atrial fibrillation or flutter (4.6%), abdominal pain (8%), headache (8%), pruritus (6.2%), constipation (5.9%), and edema (4.6%).",DRUG_ZANUBRUTINIB,DOC_448A3EF9F119,CHK_8190DF01AAC7,20260913_3e08fe23-d70e-424c-bc51-1222e320f902 (1).pdf,APPROVED_LABEL,21,United States,90,PENDING_SME_REVIEW,NOT_REVIEWED,NOT_MLR_REVIEWED,2026-09-23T11:59:04.536685+00:00,True
CAND_8F0368A8486E,SAFETY,"Table 14: Select Laboratory Abnormalities (≥20%) that Worsened from Baseline in Patients Who Received BRUKINSA in ALPINE Laboratory Abnormality BRUKINSA Ibrutinib All Grades (%) Grade 3 or 4 (%) All Grades (%) Grade 3 or 4 (%) Hematologic abnormalities Neutrophils decreased 43 15 33 16 Hemoglobin decreased 28 4 32 3.7 Lymphocytes increased 24 19 26 19 Platelets decreased 22 4 24 3.4 Upper respiratory tract infection: upper respiratory tract infection, sinusitis, pharyngitis, rhinitis, nas",DRUG_ZANUBRUTINIB,DOC_448A3EF9F119,CHK_8190DF01AAC7,20260913_3e08fe23-d70e-424c-bc51-1222e320f902 (1).pdf,APPROVED_LABEL,21,United States,90,PENDING_SME_REVIEW,NOT_REVIEWED,NOT_MLR_REVIEWED,2026-09-23T11:59:04.536685+00:00,True
CAND_65B98C358B26,SAFETY,"obin decreased 28 4 32 3.7 Lymphocytes increased 24 19 26 19 Platelets decreased 22 4 24 3.4 Upper respiratory tract infection: upper respiratory tract infection, sinusitis, pharyngitis, rhinitis, nasopharyngitis, laryngitis, tonsillitis, and related terms.",DRUG_ZANUBRUTINIB,DOC_448A3EF9F119,CHK_BA8DDA8FDE44,20260913_3e08fe23-d70e-424c-bc51-1222e320f902 (1).pdf,APPROVED_LABEL,21,United States,80,PENDING_SME_REVIEW,NOT_REVIEWED,NOT_MLR_REVIEWED,2026-09-23T11:59:04.536685+00:00,True
CAND_E96B845E1BB4,SAFETY,"Includes fatal outcomes: pneumonia (9 patients), COVID-19 (8 patients), and hemorrhage (1 patient).",DRUG_ZANUBRUTINIB,DOC_448A3EF9F119,CHK_BA8DDA8FDE44,20260913_3e08fe23-d70e-424c-bc51-1222e320f902 (1).pdf,APPROVED_LABEL,21,United States,80,PENDING_SME_REVIEW,NOT_REVIEWED,NOT_MLR_REVIEWED,2026-09-23T11:59:04.536685+00:00,True
CAND_7DCFFC179567,SAFETY,"Includes fatal outcomes: pneumonia (10 patients), COVID-19 (9 patients), and hemorrhage (2 patients).",DRUG_ZANUBRUTINIB,DOC_448A3EF9F119,CHK_BA8DDA8FDE44,20260913_3e08fe23-d70e-424c-bc51-1222e320f902 (1).pdf,APPROVED_LABEL,21,United States,80,PENDING_SME_REVIEW,NOT_REVIEWED,NOT_MLR_REVIEWED,2026-09-23T11:59:04.536685+00:00,True
CAND_7D503DA4476C,TRIAL_DESIGN,"* Chemistry abnormalities Glucose increased 52 5 29 2.8 Creatinine increased 26 0 23 0 Phosphate decreased 21 2.5 13 2.2 Calcium decreased 21 0.6 29 0 Follicular Lymphoma The safety of BRUKINSA in combination with obinutuzumab was evaluated in 143 adult patients with relapsed or refractory follicular lymphoma (FL) in study BGB-3111-212 (ROSEWOOD), a randomized, multicenter, open-label trial [see Clinical Studies (14.5)].",DRUG_ZANUBRUTINIB,DOC_448A3EF9F119,CHK_7930B1ACCBC3,20260913_3e08fe23-d70e-424c-bc51-1222e320f902 (1).pdf,APPROVED_LABEL,22,United States,60,PENDING_SME_REVIEW,NOT_REVIEWED,NOT_MLR_REVIEWED,2026-09-23T11:59:04.536685+00:00,True
CAND_714D7F34E7D0,DOSAGE,Patients were randomized to receive either BRUKINSA 160 mg twice daily until disease progression or unacceptable toxicity plus obinutuzumab (n=143) or obinutuzumab monotherapy (n=71).,DRUG_ZANUBRUTINIB,DOC_448A3EF9F119,CHK_7930B1ACCBC3,20260913_3e08fe23-d70e-424c-bc51-1222e320f902 (1).pdf,APPROVED_LABEL,22,United States,130,PENDING_SME_REVIEW,NOT_REVIEWED,NOT_MLR_REVIEWED,2026-09-23T11:59:04.536685+00:00,True
CAND_4E7DC2F199AD,TRIAL_DESIGN,Patients were randomized to receive either BRUKINSA 160 mg twice daily until disease progression or unacceptable toxicity plus obinutuzumab (n=143) or obinutuzumab monotherapy (n=71).,DRUG_ZANUBRUTINIB,DOC_448A3EF9F119,CHK_7930B1ACCBC3,20260913_3e08fe23-d70e-424c-bc51-1222e320f902 (1).pdf,APPROVED_LABEL,22,United States,70,PENDING_SME_REVIEW,NOT_REVIEWED,NOT_MLR_REVIEWED,2026-09-23T11:59:04.536685+00:00,True
CAND_004A17674130,SAFETY,"The leading causes of BRUKINSA dosage modification (42% of all patients) were pneumonia, COVID-19, thrombocytopenia, and neutropenia.",DRUG_ZANUBRUTINIB,DOC_448A3EF9F119,CHK_8BB5C94EAFA9,20260913_3e08fe23-d70e-424c-bc51-1222e320f902 (1).pdf,APPROVED_LABEL,22,United States,90,PENDING_SME_REVIEW,NOT_REVIEWED,NOT_MLR_REVIEWED,2026-09-23T11:59:04.536685+00:00,True
CAND_A3BDD92CEC80,SAFETY,"Upper respiratory tract infection: Upper respiratory tract infection, sinusitis, pharyngitis, laryngitis, rhinitis, nasopharyngitis, laryngopharyngitis, tonsillitis bacterial, and related terms.",DRUG_ZANUBRUTINIB,DOC_448A3EF9F119,CHK_A2F7EC87CB88,20260913_3e08fe23-d70e-424c-bc51-1222e320f902 (1).pdf,APPROVED_LABEL,23,United States,80,PENDING_SME_REVIEW,NOT_REVIEWED,NOT_MLR_REVIEWED,2026-09-23T11:59:04.536685+00:00,True
CAND_57B6AE086E07,SAFETY,"Pneumonia: Pneumonia, COVID-19 pneumonia, lung infiltration, lung consolidation, and related terms including specific types of infection.",DRUG_ZANUBRUTINIB,DOC_448A3EF9F119,CHK_A2F7EC87CB88,20260913_3e08fe23-d70e-424c-bc51-1222e320f902 (1).pdf,APPROVED_LABEL,23,United States,80,PENDING_SME_REVIEW,NOT_REVIEWED,NOT_MLR_REVIEWED,2026-09-23T11:59:04.536685+00:00,True
CAND_92E0B5B8DC20,SAFETY,"Herpes virus infection: Herpes viral infection, herpes zoster, herpes simplex, herpes simplex reactivation, varicella, and Epstein-Barr viremia.",DRUG_ZANUBRUTINIB,DOC_448A3EF9F119,CHK_A2F7EC87CB88,20260913_3e08fe23-d70e-424c-bc51-1222e320f902 (1).pdf,APPROVED_LABEL,23,United States,80,PENDING_SME_REVIEW,NOT_REVIEWED,NOT_MLR_REVIEWED,2026-09-23T11:59:04.536685+00:00,True
CAND_69C5EED6383F,SAFETY,"Urinary tract infection: Urinary tract infection, cystitis, pyelonephritis, and related terms.",DRUG_ZANUBRUTINIB,DOC_448A3EF9F119,CHK_A2F7EC87CB88,20260913_3e08fe23-d70e-424c-bc51-1222e320f902 (1).pdf,APPROVED_LABEL,23,United States,80,PENDING_SME_REVIEW,NOT_REVIEWED,NOT_MLR_REVIEWED,2026-09-23T11:59:04.536685+00:00,True
CAND_E7DD3F33BC14,DOSAGE,"If these inducers cannot be avoided, increase BRUKINSA dosage to 320 mg twice daily [see Dosage and Administration (2.3)].",DRUG_ZANUBRUTINIB,DOC_448A3EF9F119,CHK_1C2AAAB98BB3,20260913_3e08fe23-d70e-424c-bc51-1222e320f902 (1).pdf,APPROVED_LABEL,25,United States,130,PENDING_SME_REVIEW,NOT_REVIEWED,NOT_MLR_REVIEWED,2026-09-23T11:59:04.536685+00:00,True
CAND_5D19CD5E4A8B,DOSAGE,The dose of 30 mg/kg/day is approximately 5 times the exposure (AUC) in patients receiving the recommended dose of 160 mg twice daily. max,DRUG_ZANUBRUTINIB,DOC_448A3EF9F119,CHK_D1F52D999848,20260913_3e08fe23-d70e-424c-bc51-1222e320f902 (1).pdf,APPROVED_LABEL,25,United States,130,PENDING_SME_REVIEW,NOT_REVIEWED,NOT_MLR_REVIEWED,2026-09-23T11:59:04.536685+00:00,True
CAND_130B8B8326EC,DOSAGE,The dose of 150 mg/kg is approximately 32 times the exposure (AUC) in patients at the recommended dose and was associated with maternal toxicity.,DRUG_ZANUBRUTINIB,DOC_448A3EF9F119,CHK_42FF1315BB8E,20260913_3e08fe23-d70e-424c-bc51-1222e320f902 (1).pdf,APPROVED_LABEL,26,United States,130,PENDING_SME_REVIEW,NOT_REVIEWED,NOT_MLR_REVIEWED,2026-09-23T11:59:04.536685+00:00,True
CAND_F1A729DD9D5C,DOSAGE,The dose of 30 mg/kg/day is approximately 5 times the AUC in patients receiving the recommended dose.,DRUG_ZANUBRUTINIB,DOC_448A3EF9F119,CHK_42FF1315BB8E,20260913_3e08fe23-d70e-424c-bc51-1222e320f902 (1).pdf,APPROVED_LABEL,26,United States,130,PENDING_SME_REVIEW,NOT_REVIEWED,NOT_MLR_REVIEWED,2026-09-23T11:59:04.536685+00:00,True
CAND_4F6DF3FC92DD,DOSAGE,The median steady-state BTK occupancy in lymph nodes was 94% to 100% following the approved recommended dosage.,DRUG_ZANUBRUTINIB,DOC_448A3EF9F119,CHK_8DA0D0A77C38,20260913_3e08fe23-d70e-424c-bc51-1222e320f902 (1).pdf,APPROVED_LABEL,28,United States,130,PENDING_SME_REVIEW,NOT_REVIEWED,NOT_MLR_REVIEWED,2026-09-23T11:59:04.536685+00:00,True
CAND_97F9A59178AD,DOSAGE,"Cardiac Electrophysiology At the approved recommended doses (160 mg twice daily or 320 mg once daily), there were no clinically relevant effects on the QTc interval.",DRUG_ZANUBRUTINIB,DOC_448A3EF9F119,CHK_8DA0D0A77C38,20260913_3e08fe23-d70e-424c-bc51-1222e320f902 (1).pdf,APPROVED_LABEL,28,United States,130,PENDING_SME_REVIEW,NOT_REVIEWED,NOT_MLR_REVIEWED,2026-09-23T11:59:04.536685+00:00,True
CAND_71D31731EB38,DOSAGE,"s (160 mg twice daily or 320 mg once daily), there were no clinically relevant effects on the QTc interval.",DRUG_ZANUBRUTINIB,DOC_448A3EF9F119,CHK_DB6E7E6B6177,20260913_3e08fe23-d70e-424c-bc51-1222e320f902 (1).pdf,APPROVED_LABEL,28,United States,130,PENDING_SME_REVIEW,NOT_REVIEWED,NOT_MLR_REVIEWED,2026-09-23T11:59:04.536685+00:00,True
CAND_8FACC0E30FD2,DOSAGE,"The geometric mean (%CV) zanubrutinib steady-state daily AUC is 2,099 (42%) ng∙h/mL following 160 mg twice daily and 1,917 (59%) ng∙h/mL following 320 mg once daily.",DRUG_ZANUBRUTINIB,DOC_448A3EF9F119,CHK_DB6E7E6B6177,20260913_3e08fe23-d70e-424c-bc51-1222e320f902 (1).pdf,APPROVED_LABEL,28,United States,130,PENDING_SME_REVIEW,NOT_REVIEWED,NOT_MLR_REVIEWED,2026-09-23T11:59:04.536685+00:00,True
CAND_BA8DC899FEC3,DOSAGE,The geometric mean (%CV) zanubrutinib steady-state C is 295 (55%) ng/mL following 160 mg twice daily and 537 (55%) ng/mL fo,DRUG_ZANUBRUTINIB,DOC_448A3EF9F119,CHK_DB6E7E6B6177,20260913_3e08fe23-d70e-424c-bc51-1222e320f902 (1).pdf,APPROVED_LABEL,28,United States,130,PENDING_SME_REVIEW,NOT_REVIEWED,NOT_MLR_REVIEWED,2026-09-23T11:59:04.536685+00:00,True
CAND_B55EEE32A743,DOSAGE,"wing 160 mg twice daily and 1,917 (59%) ng∙h/mL following 320 mg once daily.",DRUG_ZANUBRUTINIB,DOC_448A3EF9F119,CHK_31B93367BA6C,20260913_3e08fe23-d70e-424c-bc51-1222e320f902 (1).pdf,APPROVED_LABEL,28,United States,130,PENDING_SME_REVIEW,NOT_REVIEWED,NOT_MLR_REVIEWED,2026-09-23T11:59:04.536685+00:00,True
CAND_A31B9BD1BDA9,DOSAGE,The geometric mean (%CV) zanubrutinib steady-state C is 295 (55%) ng/mL following 160 mg twice daily and 537 (55%) ng/mL following 320 mg once daily.,DRUG_ZANUBRUTINIB,DOC_448A3EF9F119,CHK_31B93367BA6C,20260913_3e08fe23-d70e-424c-bc51-1222e320f902 (1).pdf,APPROVED_LABEL,28,United States,130,PENDING_SME_REVIEW,NOT_REVIEWED,NOT_MLR_REVIEWED,2026-09-23T11:59:04.536685+00:00,True
CAND_379F17CCED9A,DOSAGE,* † ‡ Observed Itraconazole (200 mg once daily) 157% 278% Fluconazole (400 mg once daily) 81% 88% Diltiazem (180 mg once daily) 62% 62% Voriconazole (200 mg twice daily) 229% 230% Clarithromycin (250 mg twice daily) 101% 92% Predicted Posaconazole suspension (100 mg once daily) 169% 180% Posaconazole suspension (100 mg twice daily) 207% 279% Posaconazole delayed-release tablets (300 mg once daily) 232% 407% Posaconazole intravenously (300 mg once daily) 205% 333% Itraconazole (200 mg once daily) 273% 320% CYP3A Inducers: Coadministration of multiple doses of rifampin (strong CYP3A inducer) decreased the zanubrutinib C by 92% and AUC by 93%.,DRUG_ZANUBRUTINIB,DOC_448A3EF9F119,CHK_5F452E9BD454,20260913_3e08fe23-d70e-424c-bc51-1222e320f902 (1).pdf,APPROVED_LABEL,30,United States,130,PENDING_SME_REVIEW,NOT_REVIEWED,NOT_MLR_REVIEWED,2026-09-23T11:59:04.536685+00:00,True
CAND_017CC86B663D,DOSAGE,"The high dose of 300 mg/kg/day is approximately 10 times the human recommended dose, based on body surface area.",DRUG_ZANUBRUTINIB,DOC_448A3EF9F119,CHK_EC417F16BCD4,20260913_3e08fe23-d70e-424c-bc51-1222e320f902 (1).pdf,APPROVED_LABEL,31,United States,130,PENDING_SME_REVIEW,NOT_REVIEWED,NOT_MLR_REVIEWED,2026-09-23T11:59:04.536685+00:00,True
CAND_FD78F3F109E4,TRIAL_DESIGN,"14 CLINICAL STUDIES 14.1 Mantle Cell Lymphoma The efficacy of BRUKINSA was assessed in BGB-3111-206 [NCT03206970], a Phase 2, open-label, multicenter, single-arm trial of 86 previously treated patients with MCL who had received at least one prior therapy.",DRUG_ZANUBRUTINIB,DOC_448A3EF9F119,CHK_C5537179B0CC,20260913_3e08fe23-d70e-424c-bc51-1222e320f902 (1).pdf,APPROVED_LABEL,31,United States,60,PENDING_SME_REVIEW,NOT_REVIEWED,NOT_MLR_REVIEWED,2026-09-23T11:59:04.536685+00:00,True
CAND_C3B8C7FCB87B,TRIAL_IDENTIFIER,"14 CLINICAL STUDIES 14.1 Mantle Cell Lymphoma The efficacy of BRUKINSA was assessed in BGB-3111-206 [NCT03206970], a Phase 2, open-label, multicenter, single-arm trial of 86 previously treated patients with MCL who had received at least one prior therapy.",DRUG_ZANUBRUTINIB,DOC_448A3EF9F119,CHK_C5537179B0CC,20260913_3e08fe23-d70e-424c-bc51-1222e320f902 (1).pdf,APPROVED_LABEL,31,United States,50,PENDING_SME_REVIEW,NOT_REVIEWED,NOT_MLR_REVIEWED,2026-09-23T11:59:04.536685+00:00,True
CAND_58B3977E5043,DOSAGE,BRUKINSA was given orally at a dose of 160 mg twice daily until disease progression or unacceptable toxicity.,DRUG_ZANUBRUTINIB,DOC_448A3EF9F119,CHK_C5537179B0CC,20260913_3e08fe23-d70e-424c-bc51-1222e320f902 (1).pdf,APPROVED_LABEL,31,United States,130,PENDING_SME_REVIEW,NOT_REVIEWED,NOT_MLR_REVIEWED,2026-09-23T11:59:04.536685+00:00,True
CAND_BB2950956EFA,TRIAL_DESIGN,"The efficacy of BRUKINSA was also assessed in BGB-3111-AU-003 [NCT02343120], a Phase 1/2, open-label, dose-escalation, global, multicenter, single-arm trial of B cell mal",DRUG_ZANUBRUTINIB,DOC_448A3EF9F119,CHK_C5537179B0CC,20260913_3e08fe23-d70e-424c-bc51-1222e320f902 (1).pdf,APPROVED_LABEL,31,United States,60,PENDING_SME_REVIEW,NOT_REVIEWED,NOT_MLR_REVIEWED,2026-09-23T11:59:04.536685+00:00,True
CAND_797B1DF47EEA,TRIAL_IDENTIFIER,"The efficacy of BRUKINSA was also assessed in BGB-3111-AU-003 [NCT02343120], a Phase 1/2, open-label, dose-escalation, global, multicenter, single-arm trial of B cell mal",DRUG_ZANUBRUTINIB,DOC_448A3EF9F119,CHK_C5537179B0CC,20260913_3e08fe23-d70e-424c-bc51-1222e320f902 (1).pdf,APPROVED_LABEL,31,United States,50,PENDING_SME_REVIEW,NOT_REVIEWED,NOT_MLR_REVIEWED,2026-09-23T11:59:04.536685+00:00,True
CAND_94F7DF247F20,TRIAL_DESIGN,"The efficacy of BRUKINSA was also assessed in BGB-3111-AU-003 [NCT02343120], a Phase 1/2, open-label, dose-escalation, global, multicenter, single-arm trial of B cell malignancies including 32 previously treated MCL patients treated with BRUKINSA.",DRUG_ZANUBRUTINIB,DOC_448A3EF9F119,CHK_849233E1D012,20260913_3e08fe23-d70e-424c-bc51-1222e320f902 (1).pdf,APPROVED_LABEL,31,United States,60,PENDING_SME_REVIEW,NOT_REVIEWED,NOT_MLR_REVIEWED,2026-09-23T11:59:04.536685+00:00,True
CAND_B79DBD329814,TRIAL_IDENTIFIER,"The efficacy of BRUKINSA was also assessed in BGB-3111-AU-003 [NCT02343120], a Phase 1/2, open-label, dose-escalation, global, multicenter, single-arm trial of B cell malignancies including 32 previously treated MCL patients treated with BRUKINSA.",DRUG_ZANUBRUTINIB,DOC_448A3EF9F119,CHK_849233E1D012,20260913_3e08fe23-d70e-424c-bc51-1222e320f902 (1).pdf,APPROVED_LABEL,31,United States,50,PENDING_SME_REVIEW,NOT_REVIEWED,NOT_MLR_REVIEWED,2026-09-23T11:59:04.536685+00:00,True
CAND_01ADD2DCBBCA,DOSAGE,BRUKINSA was given orally at doses of 160 mg twice daily or 320 mg daily.,DRUG_ZANUBRUTINIB,DOC_448A3EF9F119,CHK_849233E1D012,20260913_3e08fe23-d70e-424c-bc51-1222e320f902 (1).pdf,APPROVED_LABEL,31,United States,130,PENDING_SME_REVIEW,NOT_REVIEWED,NOT_MLR_REVIEWED,2026-09-23T11:59:04.536685+00:00,True
CAND_CE143893CE16,EFFICACY,"Tumor response was according to the 2014 Lugano Classification for both studies, and the primary efficacy endpoint was overall response rate as assessed by an Independent Review Committee (IRC).",DRUG_ZANUBRUTINIB,DOC_448A3EF9F119,CHK_849233E1D012,20260913_3e08fe23-d70e-424c-bc51-1222e320f902 (1).pdf,APPROVED_LABEL,31,United States,90,PENDING_SME_REVIEW,NOT_REVIEWED,NOT_MLR_REVIEWED,2026-09-23T11:59:04.536685+00:00,True
CAND_1417C2984E28,EFFICACY,"y p Study BGB-3111-206 (N=86) Study BGB-3111-AU- 003 (N=32) ORR: overall response rate, CR: complete response, PR: partial response, DOR: duration of response, CI: confidence interval, NE: not estimable. * ORR (95% CI) 84% (74, 91) 84% (67, 95) CR 59% 22% PR 24% 62% Median DOR in months (95% CI) 19.5 (16.6, NE) 18.5 (12.6, NE) 14.2 Waldenström's Macroglobulinemia The efficacy of BRUKINSA was evaluated in ASPEN [NCT03053440], a randomized, active control, open-label trial, comparing BRUKINSA and ibrutinib in patients with MYD88 L265P mutation (MYD88 ) WM.",DRUG_ZANUBRUTINIB,DOC_448A3EF9F119,CHK_EE947F159504,20260913_3e08fe23-d70e-424c-bc51-1222e320f902 (1).pdf,APPROVED_LABEL,32,United States,100,PENDING_SME_REVIEW,NOT_REVIEWED,NOT_MLR_REVIEWED,2026-09-23T11:59:04.536685+00:00,True
CAND_DD89B82E50A5,TRIAL_DESIGN,"y p Study BGB-3111-206 (N=86) Study BGB-3111-AU- 003 (N=32) ORR: overall response rate, CR: complete response, PR: partial response, DOR: duration of response, CI: confidence interval, NE: not estimable. * ORR (95% CI) 84% (74, 91) 84% (67, 95) CR 59% 22% PR 24% 62% Median DOR in months (95% CI) 19.5 (16.6, NE) 18.5 (12.6, NE) 14.2 Waldenström's Macroglobulinemia The efficacy of BRUKINSA was evaluated in ASPEN [NCT03053440], a randomized, active control, open-label trial, comparing BRUKINSA and ibrutinib in patients with MYD88 L265P mutation (MYD88 ) WM.",DRUG_ZANUBRUTINIB,DOC_448A3EF9F119,CHK_EE947F159504,20260913_3e08fe23-d70e-424c-bc51-1222e320f902 (1).pdf,APPROVED_LABEL,32,United States,70,PENDING_SME_REVIEW,NOT_REVIEWED,NOT_MLR_REVIEWED,2026-09-23T11:59:04.536685+00:00,True
CAND_E69D12673436,TRIAL_IDENTIFIER,"y p Study BGB-3111-206 (N=86) Study BGB-3111-AU- 003 (N=32) ORR: overall response rate, CR: complete response, PR: partial response, DOR: duration of response, CI: confidence interval, NE: not estimable. * ORR (95% CI) 84% (74, 91) 84% (67, 95) CR 59% 22% PR 24% 62% Median DOR in months (95% CI) 19.5 (16.6, NE) 18.5 (12.6, NE) 14.2 Waldenström's Macroglobulinemia The efficacy of BRUKINSA was evaluated in ASPEN [NCT03053440], a randomized, active control, open-label trial, comparing BRUKINSA and ibrutinib in patients with MYD88 L265P mutation (MYD88 ) WM.",DRUG_ZANUBRUTINIB,DOC_448A3EF9F119,CHK_EE947F159504,20260913_3e08fe23-d70e-424c-bc51-1222e320f902 (1).pdf,APPROVED_LABEL,32,United States,60,PENDING_SME_REVIEW,NOT_REVIEWED,NOT_MLR_REVIEWED,2026-09-23T11:59:04.536685+00:00,True
CAND_0207A216DA33,DOSAGE,Patients in Cohort 1 (n=201) were randomized 1:1 to receive BRUKINSA 160 mg twice daily or ibrutinib 420 mg once daily until disease progression or unacceptable toxicity.,DRUG_ZANUBRUTINIB,DOC_448A3EF9F119,CHK_EE947F159504,20260913_3e08fe23-d70e-424c-bc51-1222e320f902 (1).pdf,APPROVED_LABEL,32,United States,130,PENDING_SME_REVIEW,NOT_REVIEWED,NOT_MLR_REVIEWED,2026-09-23T11:59:04.536685+00:00,True
CAND_55E09BE975B5,TRIAL_DESIGN,Patients in Cohort 1 (n=201) were randomized 1:1 to receive BRUKINSA 160 mg twice daily or ibrutinib 420 mg once daily until disease progression or unacceptable toxicity.,DRUG_ZANUBRUTINIB,DOC_448A3EF9F119,CHK_EE947F159504,20260913_3e08fe23-d70e-424c-bc51-1222e320f902 (1).pdf,APPROVED_LABEL,32,United States,70,PENDING_SME_REVIEW,NOT_REVIEWED,NOT_MLR_REVIEWED,2026-09-23T11:59:04.536685+00:00,True
CAND_3A23EB83ED03,DOSAGE,"* † ‡ § 95% CI (%) (68.1, 85.1) (68.3, 85.5) (68.1, 85.1) (68.3, 85.5) Complete Response (CR) 0 (0) 0 (0) 0 (0) 0 (0) Very Good Partial Response (VGPR) 16 (15.7) 7 (7.1) 29 (28.4) 19 (19.2) Partial Response (PR) 63 (61.8) 70 (70.7) 50 (49) 58 (58.6) Duration of response (DOR), Event-free at 12 months (95% CI) 94.4% (85.8, 97.9) 87.9% (77, 93.8) 94.4% (85.8, 97.9) 87.9% (77, 93.8) ASPEN Cohort 2 Cohort 2 enrolled patients with MYD88 wildtype (MYD88 ) or MYD88 mutation unknown WM (N=26 and 2, respectively) and received BRUKINSA 160 mg twice daily.",DRUG_ZANUBRUTINIB,DOC_448A3EF9F119,CHK_2D2829241AB1,20260913_3e08fe23-d70e-424c-bc51-1222e320f902 (1).pdf,APPROVED_LABEL,33,United States,130,PENDING_SME_REVIEW,NOT_REVIEWED,NOT_MLR_REVIEWED,2026-09-23T11:59:04.536685+00:00,True
CAND_593CDEAC213A,TRIAL_DESIGN,"14.3 Marginal Zone Lymphoma The efficacy of BRUKINSA was assessed in Study BGB-3111-214 [NCT03846427], an open-label, multicenter, single-a",DRUG_ZANUBRUTINIB,DOC_448A3EF9F119,CHK_2D2829241AB1,20260913_3e08fe23-d70e-424c-bc51-1222e320f902 (1).pdf,APPROVED_LABEL,33,United States,60,PENDING_SME_REVIEW,NOT_REVIEWED,NOT_MLR_REVIEWED,2026-09-23T11:59:04.536685+00:00,False
CAND_10832B5E1BE4,TRIAL_IDENTIFIER,"14.3 Marginal Zone Lymphoma The efficacy of BRUKINSA was assessed in Study BGB-3111-214 [NCT03846427], an open-label, multicenter, single-a",DRUG_ZANUBRUTINIB,DOC_448A3EF9F119,CHK_2D2829241AB1,20260913_3e08fe23-d70e-424c-bc51-1222e320f902 (1).pdf,APPROVED_LABEL,33,United States,50,PENDING_SME_REVIEW,NOT_REVIEWED,NOT_MLR_REVIEWED,2026-09-23T11:59:04.536685+00:00,False
CAND_B09A8209C9A8,TRIAL_DESIGN,"14.3 Marginal Zone Lymphoma The efficacy of BRUKINSA was assessed in Study BGB-3111-214 [NCT03846427], an open-label, multicenter, single-arm trial that evaluated 66 patients with MZL who received at least one prior anti–CD20-based therapy.",DRUG_ZANUBRUTINIB,DOC_448A3EF9F119,CHK_13CFF0EF17B1,20260913_3e08fe23-d70e-424c-bc51-1222e320f902 (1).pdf,APPROVED_LABEL,33,United States,60,PENDING_SME_REVIEW,NOT_REVIEWED,NOT_MLR_REVIEWED,2026-09-23T11:59:04.536685+00:00,False
CAND_57941A75A4D2,TRIAL_IDENTIFIER,"14.3 Marginal Zone Lymphoma The efficacy of BRUKINSA was assessed in Study BGB-3111-214 [NCT03846427], an open-label, multicenter, single-arm trial that evaluated 66 patients with MZL who received at least one prior anti–CD20-based therapy.",DRUG_ZANUBRUTINIB,DOC_448A3EF9F119,CHK_13CFF0EF17B1,20260913_3e08fe23-d70e-424c-bc51-1222e320f902 (1).pdf,APPROVED_LABEL,33,United States,50,PENDING_SME_REVIEW,NOT_REVIEWED,NOT_MLR_REVIEWED,2026-09-23T11:59:04.536685+00:00,False
CAND_AE55FECA4AB1,DOSAGE,BRUKINSA was given orally at a dosage of 160 mg twice daily until disease progression or unacceptable toxicity.,DRUG_ZANUBRUTINIB,DOC_448A3EF9F119,CHK_13CFF0EF17B1,20260913_3e08fe23-d70e-424c-bc51-1222e320f902 (1).pdf,APPROVED_LABEL,33,United States,130,PENDING_SME_REVIEW,NOT_REVIEWED,NOT_MLR_REVIEWED,2026-09-23T11:59:04.536685+00:00,True
CAND_2C9E990A304F,TRIAL_DESIGN,"The efficacy of BRUKINSA was also assessed in BGB-3111-AU-003 [NCT02343120], an open-label, multicenter, single-arm trial that included 20 patients with previously treated MZL (45% having extranodal MZL, 25% nodal, 30% splenic).",DRUG_ZANUBRUTINIB,DOC_448A3EF9F119,CHK_13CFF0EF17B1,20260913_3e08fe23-d70e-424c-bc51-1222e320f902 (1).pdf,APPROVED_LABEL,33,United States,70,PENDING_SME_REVIEW,NOT_REVIEWED,NOT_MLR_REVIEWED,2026-09-23T11:59:04.536685+00:00,True
CAND_B98CF16AECA3,TRIAL_IDENTIFIER,"The efficacy of BRUKINSA was also assessed in BGB-3111-AU-003 [NCT02343120], an open-label, multicenter, single-arm trial that included 20 patients with previously treated MZL (45% having extranodal MZL, 25% nodal, 30% splenic).",DRUG_ZANUBRUTINIB,DOC_448A3EF9F119,CHK_13CFF0EF17B1,20260913_3e08fe23-d70e-424c-bc51-1222e320f902 (1).pdf,APPROVED_LABEL,33,United States,60,PENDING_SME_REVIEW,NOT_REVIEWED,NOT_MLR_REVIEWED,2026-09-23T11:59:04.536685+00:00,True
CAND_4A1817EC6A85,DOSAGE,BRUKINSA was given orally at dosages of 160 mg twice daily or 320 mg once daily.,DRUG_ZANUBRUTINIB,DOC_448A3EF9F119,CHK_13CFF0EF17B1,20260913_3e08fe23-d70e-424c-bc51-1222e320f902 (1).pdf,APPROVED_LABEL,33,United States,130,PENDING_SME_REVIEW,NOT_REVIEWED,NOT_MLR_REVIEWED,2026-09-23T11:59:04.536685+00:00,True
CAND_F9A00A3112DB,DOSAGE,as given orally at dosages of 160 mg twice daily or 320 mg once daily.,DRUG_ZANUBRUTINIB,DOC_448A3EF9F119,CHK_C5A1A64C7DA4,20260913_3e08fe23-d70e-424c-bc51-1222e320f902 (1).pdf,APPROVED_LABEL,33,United States,130,PENDING_SME_REVIEW,NOT_REVIEWED,NOT_MLR_REVIEWED,2026-09-23T11:59:04.536685+00:00,True
CAND_6BCAE76DAB76,EFFICACY,"Efficacy was based on overall response rate (ORR) and duration of response as assessed by an Independent Review Committee (IRC) using 2014 Lugano criteria (Table IWWM-6 criteria (Owen et al, 2013) require complete resolution of extramedullary disease (EMD) if present at baseline for VGPR to be assessed.",DRUG_ZANUBRUTINIB,DOC_448A3EF9F119,CHK_C5A1A64C7DA4,20260913_3e08fe23-d70e-424c-bc51-1222e320f902 (1).pdf,APPROVED_LABEL,33,United States,90,PENDING_SME_REVIEW,NOT_REVIEWED,NOT_MLR_REVIEWED,2026-09-23T11:59:04.536685+00:00,True
CAND_9CB8AA6F19E4,EFFICACY,"Table 21: Efficacy Results per IRC in Patients with MZL Parameter Study BGB-3111-214 (N=66) Study BGB-3111-AU- 003 (N=20) ORR: overall response rate, CR: complete response, PR: partial response, DOR: duration of response, CI: confidence interval, NE: not estimable. * † Overall response rate (CT-based) ORR, n 37 (56%) 16 (80%) (95% CI, %) (43, 68) (56, 94) CR, n 13 (20%) 4 (20%) PR, n 24 (36%) 12 (60%) Time to response Median (range), months 2.9 (1.8, 11.1) 2.9 (2.6, 23.1) Duration of response Median DOR (95% CI), months NE (NE, NE) NE (8.4, NE) Rate at 12 months (95% CI) 85% (67, 93) 72% (40, 88) In study BGB-3111-214, ORR prioritizing PET-CT when available (55 patients, with the remainder assessed by CT scan) was 67% (95% CI: 54, 78) with a CR rate of 26%.",DRUG_ZANUBRUTINIB,DOC_448A3EF9F119,CHK_7A5BE0B805E3,20260913_3e08fe23-d70e-424c-bc51-1222e320f902 (1).pdf,APPROVED_LABEL,34,United States,100,PENDING_SME_REVIEW,NOT_REVIEWED,NOT_MLR_REVIEWED,2026-09-23T11:59:04.536685+00:00,True
CAND_C33CFD01E385,TRIAL_DESIGN,14.4 Chronic Lymphocytic Leukemia or Small Lymphocytic Lymphoma The efficacy of BRUKINSA in patients with CLL/SLL was evaluated in two randomized controlled trials.,DRUG_ZANUBRUTINIB,DOC_448A3EF9F119,CHK_7A5BE0B805E3,20260913_3e08fe23-d70e-424c-bc51-1222e320f902 (1).pdf,APPROVED_LABEL,34,United States,60,PENDING_SME_REVIEW,NOT_REVIEWED,NOT_MLR_REVIEWED,2026-09-23T11:59:04.536685+00:00,False
CAND_ED6D380FFCCB,TRIAL_DESIGN,"SEQUOIA The efficacy of BRUKINSA in patients with previously untreated CLL/SLL was evaluated in a multicenter, open-label trial (SEQUOIA; NCT03336333).",DRUG_ZANUBRUTINIB,DOC_448A3EF9F119,CHK_7A5BE0B805E3,20260913_3e08fe23-d70e-424c-bc51-1222e320f902 (1).pdf,APPROVED_LABEL,34,United States,60,PENDING_SME_REVIEW,NOT_REVIEWED,NOT_MLR_REVIEWED,2026-09-23T11:59:04.536685+00:00,True
CAND_CD0BC207F76E,TRIAL_IDENTIFIER,"SEQUOIA The efficacy of BRUKINSA in patients with previously untreated CLL/SLL was evaluated in a multicenter, open-label trial (SEQUOIA; NCT03336333).",DRUG_ZANUBRUTINIB,DOC_448A3EF9F119,CHK_7A5BE0B805E3,20260913_3e08fe23-d70e-424c-bc51-1222e320f902 (1).pdf,APPROVED_LABEL,34,United States,50,PENDING_SME_REVIEW,NOT_REVIEWED,NOT_MLR_REVIEWED,2026-09-23T11:59:04.536685+00:00,True
CAND_CC490B0A2162,TRIAL_DESIGN,"ntreated CLL/SLL was evaluated in a multicenter, open-label trial (SEQUOIA; NCT03336333).",DRUG_ZANUBRUTINIB,DOC_448A3EF9F119,CHK_416ACB11B1C5,20260913_3e08fe23-d70e-424c-bc51-1222e320f902 (1).pdf,APPROVED_LABEL,34,United States,60,PENDING_SME_REVIEW,NOT_REVIEWED,NOT_MLR_REVIEWED,2026-09-23T11:59:04.536685+00:00,True
CAND_7A5E4858A6F9,TRIAL_IDENTIFIER,"ntreated CLL/SLL was evaluated in a multicenter, open-label trial (SEQUOIA; NCT03336333).",DRUG_ZANUBRUTINIB,DOC_448A3EF9F119,CHK_416ACB11B1C5,20260913_3e08fe23-d70e-424c-bc51-1222e320f902 (1).pdf,APPROVED_LABEL,34,United States,50,PENDING_SME_REVIEW,NOT_REVIEWED,NOT_MLR_REVIEWED,2026-09-23T11:59:04.536685+00:00,True
CAND_37489F85F6F4,SAFETY,"The trial required patients to be unsuitable for FCR therapy defined as either age ≥65 years or age 18 to <65 with a total Cumulative Illness Rating Scale (CIRS) >6, creatinine clearance 30 to 69 mL/min, or history of serious or recurrent infection.",DRUG_ZANUBRUTINIB,DOC_448A3EF9F119,CHK_416ACB11B1C5,20260913_3e08fe23-d70e-424c-bc51-1222e320f902 (1).pdf,APPROVED_LABEL,34,United States,80,PENDING_SME_REVIEW,NOT_REVIEWED,NOT_MLR_REVIEWED,2026-09-23T11:59:04.536685+00:00,True
CAND_8BB1B6D74586,DOSAGE,Patients without 17p deletion (17p del) were randomized to receive either BRUKINSA 160 mg twice daily until disease progression or unacceptable toxicity (n=241) or bendamustine plus rituximab (BR) for 6 cycles (n=238).,DRUG_ZANUBRUTINIB,DOC_448A3EF9F119,CHK_416ACB11B1C5,20260913_3e08fe23-d70e-424c-bc51-1222e320f902 (1).pdf,APPROVED_LABEL,34,United States,130,PENDING_SME_REVIEW,NOT_REVIEWED,NOT_MLR_REVIEWED,2026-09-23T11:59:04.536685+00:00,True
CAND_64C68830B78F,TRIAL_DESIGN,Patients without 17p deletion (17p del) were randomized to receive either BRUKINSA 160 mg twice daily until disease progression or unacceptable toxicity (n=241) or bendamustine plus rituximab (BR) for 6 cycles (n=238).,DRUG_ZANUBRUTINIB,DOC_448A3EF9F119,CHK_416ACB11B1C5,20260913_3e08fe23-d70e-424c-bc51-1222e320f902 (1).pdf,APPROVED_LABEL,34,United States,70,PENDING_SME_REVIEW,NOT_REVIEWED,NOT_MLR_REVIEWED,2026-09-23T11:59:04.536685+00:00,True
CAND_2C2E68FFDFD4,TRIAL_DESIGN,untreated 17p del CLL/SLL in a non-randomized cohort.,DRUG_ZANUBRUTINIB,DOC_448A3EF9F119,CHK_081746B0B249,20260913_3e08fe23-d70e-424c-bc51-1222e320f902 (1).pdf,APPROVED_LABEL,35,United States,60,PENDING_SME_REVIEW,NOT_REVIEWED,NOT_MLR_REVIEWED,2026-09-23T11:59:04.536685+00:00,True
CAND_B7D378F45FB2,TRIAL_DESIGN,"Randomized Cohort: Previously Untreated CLL/SLL without 17p Deletion In the randomized cohort of patients with previously untreated CLL/SLL without 17p deletion, the median age was 70 years; 62% were male, 89% were White, 3% were Asian, and 1% were Black.",DRUG_ZANUBRUTINIB,DOC_448A3EF9F119,CHK_081746B0B249,20260913_3e08fe23-d70e-424c-bc51-1222e320f902 (1).pdf,APPROVED_LABEL,35,United States,70,PENDING_SME_REVIEW,NOT_REVIEWED,NOT_MLR_REVIEWED,2026-09-23T11:59:04.536685+00:00,True
CAND_B619A864BCFE,EFFICACY,Efficacy in this cohort was based on progression-free survival as assessed by an IRC.,DRUG_ZANUBRUTINIB,DOC_448A3EF9F119,CHK_081746B0B249,20260913_3e08fe23-d70e-424c-bc51-1222e320f902 (1).pdf,APPROVED_LABEL,35,United States,90,PENDING_SME_REVIEW,NOT_REVIEWED,NOT_MLR_REVIEWED,2026-09-23T11:59:04.536685+00:00,True
CAND_424B055C67BE,EFFICACY,"Table 22: Efficacy Results per IRC in Patients with Previously Untreated CLL/SLL without 17p Deletion in SEQUOIA (Randomized Cohort) Parameter CLL/SLL without del(17p) BRUKINSA (N=241) Bendamustine + Rituximab (N=238) CI=Confidence interval, CR=complete response, CRi=complete response with incomplete hematopoietic recovery, HR=hazard ratio, NE=not estimable, nPR=nodular partial response, ORR=overall response rate, PFS=progression-free survival, PR=partial response. * † ‡ § ¶ Progression-free survival Number of Events, n 36 (15%) 71",DRUG_ZANUBRUTINIB,DOC_448A3EF9F119,CHK_081746B0B249,20260913_3e08fe23-d70e-424c-bc51-1222e320f902 (1).pdf,APPROVED_LABEL,35,United States,100,PENDING_SME_REVIEW,NOT_REVIEWED,NOT_MLR_REVIEWED,2026-09-23T11:59:04.536685+00:00,True
CAND_16AF46F0F732,TRIAL_DESIGN,"Table 22: Efficacy Results per IRC in Patients with Previously Untreated CLL/SLL without 17p Deletion in SEQUOIA (Randomized Cohort) Parameter CLL/SLL without del(17p) BRUKINSA (N=241) Bendamustine + Rituximab (N=238) CI=Confidence interval, CR=complete response, CRi=complete response with incomplete hematopoietic recovery, HR=hazard ratio, NE=not estimable, nPR=nodular partial response, ORR=overall response rate, PFS=progression-free survival, PR=partial response. * † ‡ § ¶ Progression-free survival Number of Events, n 36 (15%) 71",DRUG_ZANUBRUTINIB,DOC_448A3EF9F119,CHK_081746B0B249,20260913_3e08fe23-d70e-424c-bc51-1222e320f902 (1).pdf,APPROVED_LABEL,35,United States,70,PENDING_SME_REVIEW,NOT_REVIEWED,NOT_MLR_REVIEWED,2026-09-23T11:59:04.536685+00:00,True
CAND_EC414CACD708,EFFICACY,"atio, NE=not estimable, nPR=nodular partial response, ORR=overall response rate, PFS=progression-free survival, PR=partial response. * † ‡ § ¶ Progression-free survival Number of Events, n 36 (15%) 71 (30%) Disease Progression 27 (11%) 59 (25%) Death 9 (3.7%) 12 (5%) Median PFS (95% CI), months NE (NE, NE) 33.7 (28.1, NE) HR (95% CI) 0.42 (0.28, 0.63) P-value <0.0001 Overall response rate ORR, n (%) 225 (93) 203 (85) 95% CI, % (89, 96) (80, 90) CR, n (%) 16 (7) 36 (15) nPR, n (%) 3 (1.2) 14 (6) PR, n (%) 206 (85) 153 (64) Figure 1: Kaplan-Meier Plot of IRC-Assessed Progression-Free Survival in * Efficacy was assessed using the 2008 International Workshop for Chronic Lymphocytic Leukemia (iwCLL) guidelines and 2014 Lugano criteria for SLL.",DRUG_ZANUBRUTINIB,DOC_448A3EF9F119,CHK_98A23A0BD245,20260913_3e08fe23-d70e-424c-bc51-1222e320f902 (1).pdf,APPROVED_LABEL,35,United States,100,PENDING_SME_REVIEW,NOT_REVIEWED,NOT_MLR_REVIEWED,2026-09-23T11:59:04.536685+00:00,True
CAND_05986DD1EBC6,EFFICACY,Estimated median follow-up for PFS was 25 months.,DRUG_ZANUBRUTINIB,DOC_448A3EF9F119,CHK_98A23A0BD245,20260913_3e08fe23-d70e-424c-bc51-1222e320f902 (1).pdf,APPROVED_LABEL,35,United States,90,PENDING_SME_REVIEW,NOT_REVIEWED,NOT_MLR_REVIEWED,2026-09-23T11:59:04.536685+00:00,True
CAND_705BCEDFE57B,EFFICACY,"Patients with Previously Untreated CLL/SLL without 17p Deletion in SEQUOIA At the time of analysis, overall survival data were immature.",DRUG_ZANUBRUTINIB,DOC_448A3EF9F119,CHK_B7194F364FA2,20260913_3e08fe23-d70e-424c-bc51-1222e320f902 (1).pdf,APPROVED_LABEL,36,United States,90,PENDING_SME_REVIEW,NOT_REVIEWED,NOT_MLR_REVIEWED,2026-09-23T11:59:04.536685+00:00,True
CAND_CC33D6A6CB06,EFFICACY,"With an estimated median follow-up of 25.7 months, median overall survival was not reached in either arm, with fewer than 7% of patients experiencing an event.",DRUG_ZANUBRUTINIB,DOC_448A3EF9F119,CHK_B7194F364FA2,20260913_3e08fe23-d70e-424c-bc51-1222e320f902 (1).pdf,APPROVED_LABEL,36,United States,100,PENDING_SME_REVIEW,NOT_REVIEWED,NOT_MLR_REVIEWED,2026-09-23T11:59:04.536685+00:00,True
CAND_065C0FCB0749,DOSAGE,"Single-Arm Cohort: Previously Untreated CLL/SLL with 17p Deletion In this cohort, 110 patients with previously untreated CLL/SLL and centrally confirmed 17p deletion received BRUKINSA 160 mg twice daily until disease progression or unacceptable toxicity.",DRUG_ZANUBRUTINIB,DOC_448A3EF9F119,CHK_B7194F364FA2,20260913_3e08fe23-d70e-424c-bc51-1222e320f902 (1).pdf,APPROVED_LABEL,36,United States,130,PENDING_SME_REVIEW,NOT_REVIEWED,NOT_MLR_REVIEWED,2026-09-23T11:59:04.536685+00:00,True
CAND_56464EB1C194,EFFICACY,Efficacy was based on overall response rate and duration of response as assessed by an IRC.,DRUG_ZANUBRUTINIB,DOC_448A3EF9F119,CHK_B7194F364FA2,20260913_3e08fe23-d70e-424c-bc51-1222e320f902 (1).pdf,APPROVED_LABEL,36,United States,90,PENDING_SME_REVIEW,NOT_REVIEWED,NOT_MLR_REVIEWED,2026-09-23T11:59:04.536685+00:00,True
CAND_658C9E4EE997,EFFICACY,"Table 23: Efficacy Results per IRC in Patients with Previously Untreated CLL/SLL and 17p Deletion in SEQUOIA Parameter del(17p) CLL/SLL N=110 Overall response rate ORR, n (%) 97 (88) (95% CI, %) (81, 94) CR, n (%) 7 (6) nPR, n (%) 2 (1.8) * †",DRUG_ZANUBRUTINIB,DOC_448A3EF9F119,CHK_B7194F364FA2,20260913_3e08fe23-d70e-424c-bc51-1222e320f902 (1).pdf,APPROVED_LABEL,36,United States,100,PENDING_SME_REVIEW,NOT_REVIEWED,NOT_MLR_REVIEWED,2026-09-23T11:59:04.536685+00:00,True
CAND_9414D1386141,TRIAL_DESIGN,"A + sign indicates a censored observation. * † ‡ PR, n (%) 88 (80) Time to response Median (range), months 2.9 (1.9 to 13.9) Duration of response Median DOR (95% CI), months NE (NE, NE) Range, months (5.6 to 35.9+) Rate at 12 months, % (95% CI) 96 (89, 98) Rate at 18 months, % (95% CI) 95 (88, 98) ALPINE The efficacy of BRUKINSA in patients with relapsed or refractory CLL/SLL was evaluated in ALPINE, a randomized, multicenter, open-label, actively controlled trial (NCT03734016).",DRUG_ZANUBRUTINIB,DOC_448A3EF9F119,CHK_81377BAC7D08,20260913_3e08fe23-d70e-424c-bc51-1222e320f902 (1).pdf,APPROVED_LABEL,37,United States,70,PENDING_SME_REVIEW,NOT_REVIEWED,NOT_MLR_REVIEWED,2026-09-23T11:59:04.536685+00:00,True
CAND_DCF0B4BFEC3F,TRIAL_IDENTIFIER,"A + sign indicates a censored observation. * † ‡ PR, n (%) 88 (80) Time to response Median (range), months 2.9 (1.9 to 13.9) Duration of response Median DOR (95% CI), months NE (NE, NE) Range, months (5.6 to 35.9+) Rate at 12 months, % (95% CI) 96 (89, 98) Rate at 18 months, % (95% CI) 95 (88, 98) ALPINE The efficacy of BRUKINSA in patients with relapsed or refractory CLL/SLL was evaluated in ALPINE, a randomized, multicenter, open-label, actively controlled trial (NCT03734016).",DRUG_ZANUBRUTINIB,DOC_448A3EF9F119,CHK_81377BAC7D08,20260913_3e08fe23-d70e-424c-bc51-1222e320f902 (1).pdf,APPROVED_LABEL,37,United States,60,PENDING_SME_REVIEW,NOT_REVIEWED,NOT_MLR_REVIEWED,2026-09-23T11:59:04.536685+00:00,True
CAND_9A023EA18716,DOSAGE,"The patients were randomized in a 1:1 ratio to receive either BRUKINSA 160 mg orally twice daily (n=327) or ibrutinib 420 mg orally once daily (n=325), each administered until disease progression or unacceptable toxicity.",DRUG_ZANUBRUTINIB,DOC_448A3EF9F119,CHK_81377BAC7D08,20260913_3e08fe23-d70e-424c-bc51-1222e320f902 (1).pdf,APPROVED_LABEL,37,United States,130,PENDING_SME_REVIEW,NOT_REVIEWED,NOT_MLR_REVIEWED,2026-09-23T11:59:04.536685+00:00,True
CAND_7084A4DC3278,TRIAL_DESIGN,"The patients were randomized in a 1:1 ratio to receive either BRUKINSA 160 mg orally twice daily (n=327) or ibrutinib 420 mg orally once daily (n=325), each administered until disease progression or unacceptable toxicity.",DRUG_ZANUBRUTINIB,DOC_448A3EF9F119,CHK_81377BAC7D08,20260913_3e08fe23-d70e-424c-bc51-1222e320f902 (1).pdf,APPROVED_LABEL,37,United States,70,PENDING_SME_REVIEW,NOT_REVIEWED,NOT_MLR_REVIEWED,2026-09-23T11:59:04.536685+00:00,True
CAND_B58A79076530,EFFICACY,Efficacy was based on overall response rate and duration of response as determined by an IRC.,DRUG_ZANUBRUTINIB,DOC_448A3EF9F119,CHK_C82C8348CAAE,20260913_3e08fe23-d70e-424c-bc51-1222e320f902 (1).pdf,APPROVED_LABEL,37,United States,90,PENDING_SME_REVIEW,NOT_REVIEWED,NOT_MLR_REVIEWED,2026-09-23T11:59:04.536685+00:00,True
CAND_8FB1178E4D6A,EFFICACY,"For progression-free survival per IRC, the final analysis occurred with a median follow-up of 31 months.",DRUG_ZANUBRUTINIB,DOC_448A3EF9F119,CHK_C82C8348CAAE,20260913_3e08fe23-d70e-424c-bc51-1222e320f902 (1).pdf,APPROVED_LABEL,37,United States,90,PENDING_SME_REVIEW,NOT_REVIEWED,NOT_MLR_REVIEWED,2026-09-23T11:59:04.536685+00:00,True
CAND_95B070B52B5E,EFFICACY,"Table 24: Efficacy Results per IRC in Patients with Relapsed or Refractory CLL/SLL in ALPINE Parameter BRUKINSA (N=327) Ibrutinib (N=325) Overall response rate ORR, n (%) 263 (80) 237 (73) (95% CI, %) (76, 85) (68, 78) CR, n (%) 13 (4) 8 (2.5) nPR, n (%) 1 (0.3) 0 (0) PR, n (%) 249 (76) 229 (70) Response Rate Ratio (95% CI) 1.10 (1.01, 1.20) 2-sided p-value 0.0264 Duration of response Efficacy was assessed using the 2008 iwCLL guidelines and Lugano criteria for SLL.",DRUG_ZANUBRUTINIB,DOC_448A3EF9F119,CHK_C82C8348CAAE,20260913_3e08fe23-d70e-424c-bc51-1222e320f902 (1).pdf,APPROVED_LABEL,37,United States,100,PENDING_SME_REVIEW,NOT_REVIEWED,NOT_MLR_REVIEWED,2026-09-23T11:59:04.536685+00:00,True
CAND_9D43E75CD76E,EFFICACY,"CI=Confidence interval, CR=complete response, CRi=complete response with incomplete hematopoietic recovery, DOR=duration of response, HR=hazard ratio, NE=not estimable, nPR=nodular partial response, ORR=overall response rate, PR=partial response.",DRUG_ZANUBRUTINIB,DOC_448A3EF9F119,CHK_8D4CF9D0B83F,20260913_3e08fe23-d70e-424c-bc51-1222e320f902 (1).pdf,APPROVED_LABEL,38,United States,90,PENDING_SME_REVIEW,NOT_REVIEWED,NOT_MLR_REVIEWED,2026-09-23T11:59:04.536685+00:00,True
CAND_8B56CD9C5ECF,EFFICACY,"A + sign indicates a censored observation. * † ‡ § ¶ # Þ ß Median DOR (95% CI) NE (NE, NE) NE (NE, NE) Range, months (1.4 to 30.4+) (1.9+ to 30.8+) Rate at 12 months, % (95% CI) 92 (87, 95) 86 (80, 91) Progression-free survival Events, n (%) 88 (27) 120 (37) Median PFS (95% CI), months NE (34.3, NE) 35 (33.2, 44.3) HR (95% CI) 0.65 (0.49, 0.86) 2-sided p-value 0.0024 The median time to response was 5.5 months for BRUKINSA and 5.6 months for ibrutinib.",DRUG_ZANUBRUTINIB,DOC_448A3EF9F119,CHK_8D4CF9D0B83F,20260913_3e08fe23-d70e-424c-bc51-1222e320f902 (1).pdf,APPROVED_LABEL,38,United States,100,PENDING_SME_REVIEW,NOT_REVIEWED,NOT_MLR_REVIEWED,2026-09-23T11:59:04.536685+00:00,True
CAND_D6C63EC39A46,EFFICACY,"Figure 2: Kaplan-Meier Plot of Progression-Free Survival by IRC in ALPINE At the time of final analysis, the median overall survival was not reached in either arm.",DRUG_ZANUBRUTINIB,DOC_448A3EF9F119,CHK_8D4CF9D0B83F,20260913_3e08fe23-d70e-424c-bc51-1222e320f902 (1).pdf,APPROVED_LABEL,38,United States,90,PENDING_SME_REVIEW,NOT_REVIEWED,NOT_MLR_REVIEWED,2026-09-23T11:59:04.536685+00:00,True
CAND_DB1F380D911B,EFFICACY,2-sided significance level of 0.0469 was allocated for ORR superiority testing.,DRUG_ZANUBRUTINIB,DOC_448A3EF9F119,CHK_78E2B3CF54AF,20260913_3e08fe23-d70e-424c-bc51-1222e320f902 (1).pdf,APPROVED_LABEL,38,United States,90,PENDING_SME_REVIEW,NOT_REVIEWED,NOT_MLR_REVIEWED,2026-09-23T11:59:04.536685+00:00,True
CAND_C47FF0F1A913,EFFICACY,Estimated median follow-up for PFS was 30.7 months.,DRUG_ZANUBRUTINIB,DOC_448A3EF9F119,CHK_78E2B3CF54AF,20260913_3e08fe23-d70e-424c-bc51-1222e320f902 (1).pdf,APPROVED_LABEL,38,United States,90,PENDING_SME_REVIEW,NOT_REVIEWED,NOT_MLR_REVIEWED,2026-09-23T11:59:04.536685+00:00,True
CAND_A3E723F2634F,TRIAL_DESIGN,"14.5 Follicular Lymphoma The efficacy of BRUKINSA, in combination with obinutuzumab, was evaluated in Study BGB-3111-212 (ROSEWOOD; NCT03332017), an open-label, multicenter, randomized trial that enrolled 217 adult patients with relapsed or refractory FL after at least 2 prior systemic treatments.",DRUG_ZANUBRUTINIB,DOC_448A3EF9F119,CHK_F75EEDF510D6,20260913_3e08fe23-d70e-424c-bc51-1222e320f902 (1).pdf,APPROVED_LABEL,39,United States,60,PENDING_SME_REVIEW,NOT_REVIEWED,NOT_MLR_REVIEWED,2026-09-23T11:59:04.536685+00:00,False
CAND_595E564EC312,TRIAL_IDENTIFIER,"14.5 Follicular Lymphoma The efficacy of BRUKINSA, in combination with obinutuzumab, was evaluated in Study BGB-3111-212 (ROSEWOOD; NCT03332017), an open-label, multicenter, randomized trial that enrolled 217 adult patients with relapsed or refractory FL after at least 2 prior systemic treatments.",DRUG_ZANUBRUTINIB,DOC_448A3EF9F119,CHK_F75EEDF510D6,20260913_3e08fe23-d70e-424c-bc51-1222e320f902 (1).pdf,APPROVED_LABEL,39,United States,50,PENDING_SME_REVIEW,NOT_REVIEWED,NOT_MLR_REVIEWED,2026-09-23T11:59:04.536685+00:00,False
CAND_EB713F84E682,DOSAGE,"Patients were randomized in a 2:1 ratio to receive either BRUKINSA 160 mg orally twice daily until disease progression or unacceptable toxicity plus obinutuzumab, or obinutuzumab alone.",DRUG_ZANUBRUTINIB,DOC_448A3EF9F119,CHK_F75EEDF510D6,20260913_3e08fe23-d70e-424c-bc51-1222e320f902 (1).pdf,APPROVED_LABEL,39,United States,130,PENDING_SME_REVIEW,NOT_REVIEWED,NOT_MLR_REVIEWED,2026-09-23T11:59:04.536685+00:00,True
CAND_06D7BC549855,TRIAL_DESIGN,"Patients were randomized in a 2:1 ratio to receive either BRUKINSA 160 mg orally twice daily until disease progression or unacceptable toxicity plus obinutuzumab, or obinutuzumab alone.",DRUG_ZANUBRUTINIB,DOC_448A3EF9F119,CHK_F75EEDF510D6,20260913_3e08fe23-d70e-424c-bc51-1222e320f902 (1).pdf,APPROVED_LABEL,39,United States,70,PENDING_SME_REVIEW,NOT_REVIEWED,NOT_MLR_REVIEWED,2026-09-23T11:59:04.536685+00:00,True
CAND_02EE8389E57A,TRIAL_DESIGN,Of the 217 patients randomized (145 to BRUKINSA plus obinutuzuma,DRUG_ZANUBRUTINIB,DOC_448A3EF9F119,CHK_F75EEDF510D6,20260913_3e08fe23-d70e-424c-bc51-1222e320f902 (1).pdf,APPROVED_LABEL,39,United States,60,PENDING_SME_REVIEW,NOT_REVIEWED,NOT_MLR_REVIEWED,2026-09-23T11:59:04.536685+00:00,True
CAND_59DCCF3C6124,TRIAL_DESIGN,"Of the 217 patients randomized (145 to BRUKINSA plus obinutuzumab, 72 to obinutuzumab monotherapy), the median age was 64 years (range: 31 to 88), 50% were male, 64% were White, and 22% were Asian.",DRUG_ZANUBRUTINIB,DOC_448A3EF9F119,CHK_A7995BA6334C,20260913_3e08fe23-d70e-424c-bc51-1222e320f902 (1).pdf,APPROVED_LABEL,39,United States,70,PENDING_SME_REVIEW,NOT_REVIEWED,NOT_MLR_REVIEWED,2026-09-23T11:59:04.536685+00:00,True
CAND_B47D50B73921,EFFICACY,"Efficacy was based on overall response rate and duration of response, as determined by an IRC.",DRUG_ZANUBRUTINIB,DOC_448A3EF9F119,CHK_A7995BA6334C,20260913_3e08fe23-d70e-424c-bc51-1222e320f902 (1).pdf,APPROVED_LABEL,39,United States,90,PENDING_SME_REVIEW,NOT_REVIEWED,NOT_MLR_REVIEWED,2026-09-23T11:59:04.536685+00:00,True
CAND_1D5E786708B7,EFFICACY,"Table 25: Efficacy Results per IRC in Patients with Relapsed or Refractory Follicular Lymphoma Parameter BRUKINSA + Obinutuzumab (N=145) Obinutuzumab (N=72) CI=Confidence interval, CR=complete response, DOR=duration of response, NE=not estimable, ORR=overall response rate, PR=partial response.",DRUG_ZANUBRUTINIB,DOC_448A3EF9F119,CHK_1EE8912193C5,20260913_3e08fe23-d70e-424c-bc51-1222e320f902 (1).pdf,APPROVED_LABEL,39,United States,90,PENDING_SME_REVIEW,NOT_REVIEWED,NOT_MLR_REVIEWED,2026-09-23T11:59:04.536685+00:00,True
CAND_BF5CC6F13F3D,EFFICACY,"Overall response rate ORR, n (%) 100 (69) 33 (46) (95% CI) (61, 76) (34, 58) CR 57 (39) 14 (19) PR 43 (30) 19 (26) Risk difference, % (95% CI) 22.7 (9, 36.5) 2-sided p-value 0.0012 Duration of response Median DOR (95% CI), months NE (25.3, NE) 14 (9.2, 25.1) * † †,‡ §",DRUG_ZANUBRUTINIB,DOC_448A3EF9F119,CHK_1EE8912193C5,20260913_3e08fe23-d70e-424c-bc51-1222e320f902 (1).pdf,APPROVED_LABEL,39,United States,100,PENDING_SME_REVIEW,NOT_REVIEWED,NOT_MLR_REVIEWED,2026-09-23T11:59:04.536685+00:00,True
CAND_58F8C853C439,SAFETY,Hemorrhage Inform patients to report signs or symptoms of severe bleeding.,DRUG_ZANUBRUTINIB,DOC_448A3EF9F119,CHK_F3C91800567F,20260913_3e08fe23-d70e-424c-bc51-1222e320f902 (1).pdf,APPROVED_LABEL,40,United States,80,PENDING_SME_REVIEW,NOT_REVIEWED,NOT_MLR_REVIEWED,2026-09-23T11:59:04.536685+00:00,True
CAND_CBED47A75E21,SAFETY,Infections Inform patients to report signs or symptoms suggestive of infection [see Warnings and Precautions (5.2)].,DRUG_ZANUBRUTINIB,DOC_448A3EF9F119,CHK_F3C91800567F,20260913_3e08fe23-d70e-424c-bc51-1222e320f902 (1).pdf,APPROVED_LABEL,40,United States,80,PENDING_SME_REVIEW,NOT_REVIEWED,NOT_MLR_REVIEWED,2026-09-23T11:59:04.536685+00:00,True
CAND_97984F67751C,SAFETY,"Your healthcare provider may stop BRUKINSA for any planned medical, surgical, or dental procedure. have an infection or have been advised that you are at increased risk of infection. have or had heart rhythm problems. have high blood pressure. have liver problems, including a history of hepatitis B virus (HBV) infection. are pregnant or plan to become pregnant.",DRUG_ZANUBRUTINIB,DOC_448A3EF9F119,CHK_0D94DEA4A018,20260913_3e08fe23-d70e-424c-bc51-1222e320f902 (1).pdf,APPROVED_LABEL,42,United States,80,PENDING_SME_REVIEW,NOT_REVIEWED,NOT_MLR_REVIEWED,2026-09-23T11:59:04.536685+00:00,True
CAND_86130EDC4E53,SAFETY,"BRUKINSA may cause serious side effects, including: Bleeding problems (hemorrhage).",DRUG_ZANUBRUTINIB,DOC_448A3EF9F119,CHK_9FF69925445C,20260913_3e08fe23-d70e-424c-bc51-1222e320f902 (1).pdf,APPROVED_LABEL,43,United States,80,PENDING_SME_REVIEW,NOT_REVIEWED,NOT_MLR_REVIEWED,2026-09-23T11:59:04.536685+00:00,True
CAND_1CE9DDDC3FA4,SAFETY,"Tell your healthcare provider if you develop any signs or symptoms of bleeding, including: blood in your stools or black stools (looks like tar) pink or brown urine unexpected bleeding, or bleeding that is severe or you cannot control vomit blood or vomit that looks like coffee grounds cough up blood or blood clots increased bruising dizziness weakness confusion change in speech headache that lasts a long time Infections that can be serious and may lead to death.",DRUG_ZANUBRUTINIB,DOC_448A3EF9F119,CHK_9FF69925445C,20260913_3e08fe23-d70e-424c-bc51-1222e320f902 (1).pdf,APPROVED_LABEL,43,United States,80,PENDING_SME_REVIEW,NOT_REVIEWED,NOT_MLR_REVIEWED,2026-09-23T11:59:04.536685+00:00,True
CAND_85A22C36A4A2,SAFETY,that lasts a long time Infections that can be serious and may lead to death.,DRUG_ZANUBRUTINIB,DOC_448A3EF9F119,CHK_2B0737097793,20260913_3e08fe23-d70e-424c-bc51-1222e320f902 (1).pdf,APPROVED_LABEL,43,United States,80,PENDING_SME_REVIEW,NOT_REVIEWED,NOT_MLR_REVIEWED,2026-09-23T11:59:04.536685+00:00,True
CAND_484FEAD73602,SAFETY,"Serious heart problems, including atrial fibrillation, atrial flutter, and ventricular arrhythmias, have happened in people treated with BRUKINSA and may lead to death.",DRUG_ZANUBRUTINIB,DOC_448A3EF9F119,CHK_E7CB9BA86701,20260913_3e08fe23-d70e-424c-bc51-1222e320f902 (1).pdf,APPROVED_LABEL,44,United States,80,PENDING_SME_REVIEW,NOT_REVIEWED,NOT_MLR_REVIEWED,2026-09-23T11:59:04.536685+00:00,True
CAND_FD024B4094BF,SAFETY,Your risk for heart rhythm problems may be increased if you have high blood pressure or have had heart rhythm problems in the past or have a short-term (acute) infection.,DRUG_ZANUBRUTINIB,DOC_448A3EF9F119,CHK_E7CB9BA86701,20260913_3e08fe23-d70e-424c-bc51-1222e320f902 (1).pdf,APPROVED_LABEL,44,United States,80,PENDING_SME_REVIEW,NOT_REVIEWED,NOT_MLR_REVIEWED,2026-09-23T11:59:04.536685+00:00,True
CAND_C29AA4C2FA49,SAFETY,"The most common side effects of BRUKINSA include: decreased white blood cell count decreased platelet count cold-like symptoms (upper respiratory tract infection) muscle, bone, or joint pain These are not all the possible side effects of BRUKINSA.",DRUG_ZANUBRUTINIB,DOC_448A3EF9F119,CHK_71219713861C,20260913_3e08fe23-d70e-424c-bc51-1222e320f902 (1).pdf,APPROVED_LABEL,44,United States,80,PENDING_SME_REVIEW,NOT_REVIEWED,NOT_MLR_REVIEWED,2026-09-23T11:59:04.536685+00:00,True
CAND_778A5706C178,TRIAL_DESIGN,"original reports Zanubrutinib Versus Ibrutinib in Relapsed/ Refractory Chronic Lymphocytic Leukemia and Small Lymphocytic Lymphoma: Interim Analysis of a Randomized Phase III Trial Peter Hillmen, MBChB, PhD1; Barbara Eichhorst, MD2; Jennifer R.",DRUG_ZANUBRUTINIB,DOC_21FF4F1370C5,CHK_A7AC5A7F0D78,jco-41-1035 (2).pdf,SCIENTIFIC_PUBLICATION,1,Global,75,PENDING_SME_REVIEW,NOT_REVIEWED,NOT_MLR_REVIEWED,2026-09-23T11:59:04.536685+00:00,True
CAND_47CC076C825A,TRIAL_DESIGN,"PATIENTS AND METHODS ALPINE (ClinicalTrials.gov identiﬁer: NCT03734016) is a global, randomized, open-label phase III study of zanubrutinib versus ibrutinib in patients with relapsed/refractory chronic lymphocytic leukemia.",DRUG_ZANUBRUTINIB,DOC_21FF4F1370C5,CHK_4E5F822FBF7B,jco-41-1035 (2).pdf,SCIENTIFIC_PUBLICATION,1,Global,75,PENDING_SME_REVIEW,NOT_REVIEWED,NOT_MLR_REVIEWED,2026-09-23T11:59:04.536685+00:00,True
CAND_0B039E905CB3,TRIAL_IDENTIFIER,"PATIENTS AND METHODS ALPINE (ClinicalTrials.gov identiﬁer: NCT03734016) is a global, randomized, open-label phase III study of zanubrutinib versus ibrutinib in patients with relapsed/refractory chronic lymphocytic leukemia.",DRUG_ZANUBRUTINIB,DOC_21FF4F1370C5,CHK_4E5F822FBF7B,jco-41-1035 (2).pdf,SCIENTIFIC_PUBLICATION,1,Global,65,PENDING_SME_REVIEW,NOT_REVIEWED,NOT_MLR_REVIEWED,2026-09-23T11:59:04.536685+00:00,True
CAND_D01938CE9E7D,EFFICACY,The primary end point was investigator-assessed overall response rate (ORR).,DRUG_ZANUBRUTINIB,DOC_21FF4F1370C5,CHK_4E5F822FBF7B,jco-41-1035 (2).pdf,SCIENTIFIC_PUBLICATION,1,Global,105,PENDING_SME_REVIEW,NOT_REVIEWED,NOT_MLR_REVIEWED,2026-09-23T11:59:04.536685+00:00,True
CAND_3F7D21025D42,TRIAL_DESIGN,The primary end point was investigator-assessed overall response rate (ORR).,DRUG_ZANUBRUTINIB,DOC_21FF4F1370C5,CHK_4E5F822FBF7B,jco-41-1035 (2).pdf,SCIENTIFIC_PUBLICATION,1,Global,75,PENDING_SME_REVIEW,NOT_REVIEWED,NOT_MLR_REVIEWED,2026-09-23T11:59:04.536685+00:00,True
CAND_F4C5BC64E5FC,EFFICACY,"At 15 months of median follow-up, ORR (partial or complete response) was signiﬁcantly higher with zanubrutinib (78.3%; 95% CI, 72.0 to 83.7) versus ibrutinib (62.5%; 95% CI, 55.5 to 69.1; two- sided P , .001).",DRUG_ZANUBRUTINIB,DOC_21FF4F1370C5,CHK_4E5F822FBF7B,jco-41-1035 (2).pdf,SCIENTIFIC_PUBLICATION,1,Global,115,PENDING_SME_REVIEW,NOT_REVIEWED,NOT_MLR_REVIEWED,2026-09-23T11:59:04.536685+00:00,True
CAND_149B35695A1F,EFFICACY,ORR was higher with zanubrutinib versus ibrutinib in subgroups with del(17p)/TP53 mutat,DRUG_ZANUBRUTINIB,DOC_21FF4F1370C5,CHK_4E5F822FBF7B,jco-41-1035 (2).pdf,SCIENTIFIC_PUBLICATION,1,Global,105,PENDING_SME_REVIEW,NOT_REVIEWED,NOT_MLR_REVIEWED,2026-09-23T11:59:04.536685+00:00,True
CAND_7E55495D4BC7,EFFICACY,"ORR was higher with zanubrutinib versus ibrutinib in subgroups with del(17p)/TP53 mutations (80.5% v 50.0%) and del(11q) (83.6% v 69.1%); 12-month progression-free survival in all patients was higher with zanubrutinib (94.9%) versus ibrutinib (84.0%; hazard ratio, 0.40; 95% CI, 0.23 to 0.69).",DRUG_ZANUBRUTINIB,DOC_21FF4F1370C5,CHK_94DC8E7A5C28,jco-41-1035 (2).pdf,SCIENTIFIC_PUBLICATION,1,Global,115,PENDING_SME_REVIEW,NOT_REVIEWED,NOT_MLR_REVIEWED,2026-09-23T11:59:04.536685+00:00,True
CAND_0D7A38BE4E52,SAFETY,"Rates of cardiac events, major hemorrhages, and adverse events leading to treatment discontinuation/death were lower with zanubrutinib.",DRUG_ZANUBRUTINIB,DOC_21FF4F1370C5,CHK_94DC8E7A5C28,jco-41-1035 (2).pdf,SCIENTIFIC_PUBLICATION,1,Global,95,PENDING_SME_REVIEW,NOT_REVIEWED,NOT_MLR_REVIEWED,2026-09-23T11:59:04.536685+00:00,True
CAND_0176109B14D3,EFFICACY,"CONCLUSION Zanubrutinib had a signiﬁcantly higher ORR, lower atrial ﬁbrillation rate, and improved progression- free survival and overall cardiac safety proﬁle versus ibrutinib.",DRUG_ZANUBRUTINIB,DOC_21FF4F1370C5,CHK_94DC8E7A5C28,jco-41-1035 (2).pdf,SCIENTIFIC_PUBLICATION,1,Global,105,PENDING_SME_REVIEW,NOT_REVIEWED,NOT_MLR_REVIEWED,2026-09-23T11:59:04.536685+00:00,True
CAND_851A047557A0,EFFICACY,"In patients with relapsed/refractory CLL, the overall response rate (ORR) was 95%.13 Achieving complete BTK inhibition in blood and lymph nodes is hypothesized to provide meaningful and s",DRUG_ZANUBRUTINIB,DOC_21FF4F1370C5,CHK_0DEBFBCC76AF,jco-41-1035 (2).pdf,SCIENTIFIC_PUBLICATION,2,Global,115,PENDING_SME_REVIEW,NOT_REVIEWED,NOT_MLR_REVIEWED,2026-09-23T11:59:04.536685+00:00,True
CAND_C8EF86F79CC7,EFFICACY,"In patients with relapsed/refractory CLL, the overall response rate (ORR) was 95%.13 Achieving complete BTK inhibition in blood and lymph nodes is hypothesized to provide meaningful and sustained responses in CLL/SLL.12 It is hypothesized that higher se- lectivity reduces toxicities and high BTK occupancy max- imizes efﬁcacy, potentially increasing the likelihood of achieving deep and sustained remission in CLL.12 We, therefore, initiated a global multicenter, open-label phase III, head-to-head study of zanubrutinib or ibrutinib in pa- tients with relapsed/refractory CLL.",DRUG_ZANUBRUTINIB,DOC_21FF4F1370C5,CHK_B5F3BD564501,jco-41-1035 (2).pdf,SCIENTIFIC_PUBLICATION,2,Global,115,PENDING_SME_REVIEW,NOT_REVIEWED,NOT_MLR_REVIEWED,2026-09-23T11:59:04.536685+00:00,True
CAND_2FA72540805C,TRIAL_DESIGN,"In patients with relapsed/refractory CLL, the overall response rate (ORR) was 95%.13 Achieving complete BTK inhibition in blood and lymph nodes is hypothesized to provide meaningful and sustained responses in CLL/SLL.12 It is hypothesized that higher se- lectivity reduces toxicities and high BTK occupancy max- imizes efﬁcacy, potentially increasing the likelihood of achieving deep and sustained remission in CLL.12 We, therefore, initiated a global multicenter, open-label phase III, head-to-head study of zanubrutinib or ibrutinib in pa- tients with relapsed/refractory CLL.",DRUG_ZANUBRUTINIB,DOC_21FF4F1370C5,CHK_B5F3BD564501,jco-41-1035 (2).pdf,SCIENTIFIC_PUBLICATION,2,Global,85,PENDING_SME_REVIEW,NOT_REVIEWED,NOT_MLR_REVIEWED,2026-09-23T11:59:04.536685+00:00,True
CAND_C0FB1939ADCF,TRIAL_DESIGN,"PATIENTS AND METHODS Study Design ALPINE (ClinicalTrials.gov identiﬁer: NCT03734016) is a global, randomized, open-label phase III study of zanubrutinib versus ibrutinib in patients with relapsed/ refractory CLL.",DRUG_ZANUBRUTINIB,DOC_21FF4F1370C5,CHK_B5F3BD564501,jco-41-1035 (2).pdf,SCIENTIFIC_PUBLICATION,2,Global,75,PENDING_SME_REVIEW,NOT_REVIEWED,NOT_MLR_REVIEWED,2026-09-23T11:59:04.536685+00:00,True
CAND_C11BDF7BD03F,TRIAL_IDENTIFIER,"PATIENTS AND METHODS Study Design ALPINE (ClinicalTrials.gov identiﬁer: NCT03734016) is a global, randomized, open-label phase III study of zanubrutinib versus ibrutinib in patients with relapsed/ refractory CLL.",DRUG_ZANUBRUTINIB,DOC_21FF4F1370C5,CHK_B5F3BD564501,jco-41-1035 (2).pdf,SCIENTIFIC_PUBLICATION,2,Global,65,PENDING_SME_REVIEW,NOT_REVIEWED,NOT_MLR_REVIEWED,2026-09-23T11:59:04.536685+00:00,True
CAND_37B9BE94024D,SAFETY,"Patients with bleeding disorders, active infections, stroke/intracranial hemorrhage, recent prior malignancies, or major surgery were ineligible.",DRUG_ZANUBRUTINIB,DOC_21FF4F1370C5,CHK_1319D88A935B,jco-41-1035 (2).pdf,SCIENTIFIC_PUBLICATION,2,Global,95,PENDING_SME_REVIEW,NOT_REVIEWED,NOT_MLR_REVIEWED,2026-09-23T11:59:04.536685+00:00,True
CAND_342067730727,DOSAGE,Random Assignment and Treatment Patients were randomly assigned 1:1 to receive zanu- brutinib 160 mg twice daily or ibrutinib 420 mg once daily until PD or unacceptable toxicity (Data Supplement).,DRUG_ZANUBRUTINIB,DOC_21FF4F1370C5,CHK_FA3C013E455D,jco-41-1035 (2).pdf,SCIENTIFIC_PUBLICATION,2,Global,110,PENDING_SME_REVIEW,NOT_REVIEWED,NOT_MLR_REVIEWED,2026-09-23T11:59:04.536685+00:00,True
CAND_C9FBBE5F6AFA,TRIAL_DESIGN,Study drugs were administered open-label because dosing schedules and suggested dose modiﬁcations differed.,DRUG_ZANUBRUTINIB,DOC_21FF4F1370C5,CHK_FA3C013E455D,jco-41-1035 (2).pdf,SCIENTIFIC_PUBLICATION,2,Global,75,PENDING_SME_REVIEW,NOT_REVIEWED,NOT_MLR_REVIEWED,2026-09-23T11:59:04.536685+00:00,True
CAND_1E75139B8314,SAFETY,Patients were randomly assigned by an interactive web response system on the basis of a computer-generated CONTEXT Key Objective The Bruton tyrosine kinase (BTK) inhibitor ibrutinib is a standard treatment option for untreated and relapsed/refractory chronic lymphocytic leukemia (CLL) and is associated with adverse events which may be attributed to off-target kinase inhibition.,DRUG_ZANUBRUTINIB,DOC_21FF4F1370C5,CHK_FA3C013E455D,jco-41-1035 (2).pdf,SCIENTIFIC_PUBLICATION,2,Global,95,PENDING_SME_REVIEW,NOT_REVIEWED,NOT_MLR_REVIEWED,2026-09-23T11:59:04.536685+00:00,True
CAND_880585AAA6B6,TRIAL_IDENTIFIER,"To our knowledge, ALPINE (ClinicalTrials.gov identiﬁer: NCT03734016) is the ﬁrst head-to- head study of zanubrutinib versus ibrutinib in patients with relapsed/refractory CLL.",DRUG_ZANUBRUTINIB,DOC_21FF4F1370C5,CHK_FA3C013E455D,jco-41-1035 (2).pdf,SCIENTIFIC_PUBLICATION,2,Global,65,PENDING_SME_REVIEW,NOT_REVIEWED,NOT_MLR_REVIEWED,2026-09-23T11:59:04.536685+00:00,True
CAND_4141FD40095F,TRIAL_IDENTIFIER,iﬁer: NCT03734016) is the ﬁrst head-to- head study of zanubrutinib versus ibrutinib in patients with relapsed/refractory CLL.,DRUG_ZANUBRUTINIB,DOC_21FF4F1370C5,CHK_F4D8CEDA4E35,jco-41-1035 (2).pdf,SCIENTIFIC_PUBLICATION,2,Global,65,PENDING_SME_REVIEW,NOT_REVIEWED,NOT_MLR_REVIEWED,2026-09-23T11:59:04.536685+00:00,True
CAND_BA1E6BC77ED6,EFFICACY,"The primary efﬁcacy end point was investigator-assessed ORR, deﬁned as complete response (CR) or partial re- sponse (PR) per regulatory authority requirement.",DRUG_ZANUBRUTINIB,DOC_21FF4F1370C5,CHK_1AB6E7DB7EFE,jco-41-1035 (2).pdf,SCIENTIFIC_PUBLICATION,3,Global,105,PENDING_SME_REVIEW,NOT_REVIEWED,NOT_MLR_REVIEWED,2026-09-23T11:59:04.536685+00:00,True
CAND_11B8E0509098,EFFICACY,"To support the primary analysis, ORR per blinded independent central review (ICR)",DRUG_ZANUBRUTINIB,DOC_21FF4F1370C5,CHK_1AB6E7DB7EFE,jco-41-1035 (2).pdf,SCIENTIFIC_PUBLICATION,3,Global,105,PENDING_SME_REVIEW,NOT_REVIEWED,NOT_MLR_REVIEWED,2026-09-23T11:59:04.536685+00:00,True
CAND_2C8D70D81D1B,EFFICACY,"To support the primary analysis, ORR per blinded independent central review (ICR) and rate of PR with lymphocytosis (PR-L) or higher were analyzed.",DRUG_ZANUBRUTINIB,DOC_21FF4F1370C5,CHK_D8F47894AF75,jco-41-1035 (2).pdf,SCIENTIFIC_PUBLICATION,3,Global,105,PENDING_SME_REVIEW,NOT_REVIEWED,NOT_MLR_REVIEWED,2026-09-23T11:59:04.536685+00:00,True
CAND_B82711D735AA,EFFICACY,"Secondary end points included PFS, atrial ﬁbrillation/ﬂutter rate, duration of response, rate of PR-L or higher, overall survival (OS), time to treatment failure, and patient-reported outcomes.",DRUG_ZANUBRUTINIB,DOC_21FF4F1370C5,CHK_D8F47894AF75,jco-41-1035 (2).pdf,SCIENTIFIC_PUBLICATION,3,Global,105,PENDING_SME_REVIEW,NOT_REVIEWED,NOT_MLR_REVIEWED,2026-09-23T11:59:04.536685+00:00,True
CAND_92588E240C7A,SAFETY,AEs were graded according to the National Cancer Institute Common Toxicity Criteria for Adverse Events version 4.03.,DRUG_ZANUBRUTINIB,DOC_21FF4F1370C5,CHK_D8F47894AF75,jco-41-1035 (2).pdf,SCIENTIFIC_PUBLICATION,3,Global,95,PENDING_SME_REVIEW,NOT_REVIEWED,NOT_MLR_REVIEWED,2026-09-23T11:59:04.536685+00:00,True
CAND_93240D42FC53,EFFICACY,"90% power to demonstrate noninferiority of zanubrutinib to ibrutinib in ORR, with a noninferiority margin of 0.8558 on the response ratio scale (zanubrutinib rate divided by ibrutinib rate), an assumed response ratio of 1.02 (72%/70%), and a one- sided alpha level of 0.025.",DRUG_ZANUBRUTINIB,DOC_21FF4F1370C5,CHK_D8F47894AF75,jco-41-1035 (2).pdf,SCIENTIFIC_PUBLICATION,3,Global,115,PENDING_SME_REVIEW,NOT_REVIEWED,NOT_MLR_REVIEWED,2026-09-23T11:59:04.536685+00:00,True
CAND_6A272647D8FD,EFFICACY,"On April 20, 2021, the independent data monitoring committee reviewed the interim analysis and conﬁrmed that the pre- speciﬁed statistical boundary for noninferiority in ORR had been crossed based on a stratiﬁed Wald test of the response ratio.",DRUG_ZANUBRUTINIB,DOC_21FF4F1370C5,CHK_AB6B3EAA9F5C,jco-41-1035 (2).pdf,SCIENTIFIC_PUBLICATION,3,Global,105,PENDING_SME_REVIEW,NOT_REVIEWED,NOT_MLR_REVIEWED,2026-09-23T11:59:04.536685+00:00,True
CAND_67A6488363E8,EFFICACY,"Subsequent formal hypothesis testing was performed, including the superiority of ORR per a prespeciﬁed hy- pothesis testing approach (Protocol).",DRUG_ZANUBRUTINIB,DOC_21FF4F1370C5,CHK_AB6B3EAA9F5C,jco-41-1035 (2).pdf,SCIENTIFIC_PUBLICATION,3,Global,105,PENDING_SME_REVIEW,NOT_REVIEWED,NOT_MLR_REVIEWED,2026-09-23T11:59:04.536685+00:00,True
CAND_7C6F4F46EAB0,EFFICACY,"Efﬁcacy After 15.3 months of median follow-up (range, 0.1-26.0 months), investigator-assessed ORR (CR and PR) was signiﬁcantly higher with zanubrutinib versus ibrutinib (78.3% v 62.5%; two-sided P , .001; Table 2).",DRUG_ZANUBRUTINIB,DOC_21FF4F1370C5,CHK_67CDF686C50F,jco-41-1035 (2).pdf,SCIENTIFIC_PUBLICATION,4,Global,115,PENDING_SME_REVIEW,NOT_REVIEWED,NOT_MLR_REVIEWED,2026-09-23T11:59:04.536685+00:00,True
CAND_F6E916D252E6,EFFICACY,"A higher ORR among patients with del(17p)/TP53 mutation was observed with zanubrutinib versus ibrutinib (80.5% v 50.0%; 95% CI rate difference, 10.5 to 50.5; Table 2).",DRUG_ZANUBRUTINIB,DOC_21FF4F1370C5,CHK_67CDF686C50F,jco-41-1035 (2).pdf,SCIENTIFIC_PUBLICATION,4,Global,115,PENDING_SME_REVIEW,NOT_REVIEWED,NOT_MLR_REVIEWED,2026-09-23T11:59:04.536685+00:00,True
CAND_1723A53CD0A9,EFFICACY,Patients with del(11q) achieved an ORR of 83.6% with zanubrutinib and 69.1% with ibrutinib (Fig 2).,DRUG_ZANUBRUTINIB,DOC_21FF4F1370C5,CHK_67CDF686C50F,jco-41-1035 (2).pdf,SCIENTIFIC_PUBLICATION,4,Global,115,PENDING_SME_REVIEW,NOT_REVIEWED,NOT_MLR_REVIEWED,2026-09-23T11:59:04.536685+00:00,True
CAND_8299D3B22B48,EFFICACY,"By ICR, ORR met noninferiority (76.3% v 64.4%; P , .001) but not superiority (P 5 .0121, two-sided signiﬁcance level 0.0099).",DRUG_ZANUBRUTINIB,DOC_21FF4F1370C5,CHK_67CDF686C50F,jco-41-1035 (2).pdf,SCIENTIFIC_PUBLICATION,4,Global,115,PENDING_SME_REVIEW,NOT_REVIEWED,NOT_MLR_REVIEWED,2026-09-23T11:59:04.536685+00:00,True
CAND_2299F62AA4C6,EFFICACY,"In patients with del(17p)/TP53 mutation, ORR by ICR was 80.5% with zanubrutinib versus 55.3% with ibrutinib (Data Supplement).",DRUG_ZANUBRUTINIB,DOC_21FF4F1370C5,CHK_67CDF686C50F,jco-41-1035 (2).pdf,SCIENTIFIC_PUBLICATION,4,Global,115,PENDING_SME_REVIEW,NOT_REVIEWED,NOT_MLR_REVIEWED,2026-09-23T11:59:04.536685+00:00,True
CAND_08D4E2DC1D57,EFFICACY,"Investigator-assessed PFS at 12 months was 94.9% (95% CI, 90.7 to 97.2) with zanubrutinib and 84.0% TABLE 2.",DRUG_ZANUBRUTINIB,DOC_21FF4F1370C5,CHK_00AEACDF4A77,jco-41-1035 (2).pdf,SCIENTIFIC_PUBLICATION,5,Global,115,PENDING_SME_REVIEW,NOT_REVIEWED,NOT_MLR_REVIEWED,2026-09-23T11:59:04.536685+00:00,True
CAND_5E38B120026F,EFFICACY,"Investigator-Assessed ORR in All Patients and in Patients With del(17p)/TP53 Mutation Best Response All Patients del(17p)/TP53 Zanubrutinib (n 5 207) Ibrutinib (n 5 208) Zanubrutinib (n 5 41) Ibrutinib (n 5 38) ORR 95% CI 162 (78.3)a 72.0 to 83.7 130 (62.5)a 55.5 to 69.1 33 (80.5) 65.1 to 91.2 19 (50.0) 33.4 to 66.6 CR or CRi 4 (1.9) 3 (1.4) 0 (0.0) 0 (0.0) PR or nPR 158 (76.3) 127 (61.1) 33 (80.5) 19 (50) PR-L 21 (10.1) 39 (18.8) 3 (7.3) 8 (21.1) SD 17 (8.2) 28 (13.5) 2 (4.9) 8 (21.1) PD 1 (0.5) 2 (1.0) 0 (0.0) 1 (2.6) Discontinue before ﬁrst assessment, NA or NE 6 (2.9) 9 (4.3) 3 (7.3) 2 (5.3) NOTE.",DRUG_ZANUBRUTINIB,DOC_21FF4F1370C5,CHK_00AEACDF4A77,jco-41-1035 (2).pdf,SCIENTIFIC_PUBLICATION,5,Global,115,PENDING_SME_REVIEW,NOT_REVIEWED,NOT_MLR_REVIEWED,2026-09-23T11:59:04.536685+00:00,True
CAND_BB1CD0F471A4,EFFICACY,"Abbreviations: CR, complete response; CRi, CR with incomplete bone marrow recovery; NA, not assessed; NE, not evaluable; nPR, nodular partial response; ORR, overall response rate; PD, progressive disease; P",DRUG_ZANUBRUTINIB,DOC_21FF4F1370C5,CHK_00AEACDF4A77,jco-41-1035 (2).pdf,SCIENTIFIC_PUBLICATION,5,Global,105,PENDING_SME_REVIEW,NOT_REVIEWED,NOT_MLR_REVIEWED,2026-09-23T11:59:04.536685+00:00,True
CAND_7458ECC1968F,EFFICACY,Forest plot showing ORR in prespeciﬁed baseline and disease subgroups.,DRUG_ZANUBRUTINIB,DOC_21FF4F1370C5,CHK_CE6D840B9B05,jco-41-1035 (2).pdf,SCIENTIFIC_PUBLICATION,5,Global,105,PENDING_SME_REVIEW,NOT_REVIEWED,NOT_MLR_REVIEWED,2026-09-23T11:59:04.536685+00:00,True
CAND_0AA96898F879,EFFICACY,"ECOG PS, Eastern Cooperative Oncology Group performance status; IGHV, immunoglobulin heavy chain variable region; ORR, overall response rate.",DRUG_ZANUBRUTINIB,DOC_21FF4F1370C5,CHK_C8448DBDB93E,jco-41-1035 (2).pdf,SCIENTIFIC_PUBLICATION,5,Global,105,PENDING_SME_REVIEW,NOT_REVIEWED,NOT_MLR_REVIEWED,2026-09-23T11:59:04.536685+00:00,True
CAND_E5E7F7406A62,EFFICACY,"At data cutoff, 21 and 44 PFS events occurred in the zanubrutinib and ibrutinib arms, respectively (Data Supplement).",DRUG_ZANUBRUTINIB,DOC_21FF4F1370C5,CHK_554D82DBACDF,jco-41-1035 (2).pdf,SCIENTIFIC_PUBLICATION,6,Global,105,PENDING_SME_REVIEW,NOT_REVIEWED,NOT_MLR_REVIEWED,2026-09-23T11:59:04.536685+00:00,True
CAND_348F020907B3,EFFICACY,"Hazard ratio for PD or death was 0.40 (95% CI, 0.23 to 0.69; for descriptive purposes only P , .001; Fig 3A).",DRUG_ZANUBRUTINIB,DOC_21FF4F1370C5,CHK_554D82DBACDF,jco-41-1035 (2).pdf,SCIENTIFIC_PUBLICATION,6,Global,115,PENDING_SME_REVIEW,NOT_REVIEWED,NOT_MLR_REVIEWED,2026-09-23T11:59:04.536685+00:00,True
CAND_F2AB5BC2D486,EFFICACY,"Similar 12-month PFS was seen in ICR-assessed data (92.2% in the zanubrutinib arm, 82.4% in the ibrutinib arm; Data Supplement).",DRUG_ZANUBRUTINIB,DOC_21FF4F1370C5,CHK_554D82DBACDF,jco-41-1035 (2).pdf,SCIENTIFIC_PUBLICATION,6,Global,115,PENDING_SME_REVIEW,NOT_REVIEWED,NOT_MLR_REVIEWED,2026-09-23T11:59:04.536685+00:00,True
CAND_92AF0223EE9E,EFFICACY,Twelve-month PFS was favorable for patients treated with zanubrutinib regardless of del(17p)/TP53 mutation status (91.5% v 74.4%; Fig 3B).,DRUG_ZANUBRUTINIB,DOC_21FF4F1370C5,CHK_554D82DBACDF,jco-41-1035 (2).pdf,SCIENTIFIC_PUBLICATION,6,Global,115,PENDING_SME_REVIEW,NOT_REVIEWED,NOT_MLR_REVIEWED,2026-09-23T11:59:04.536685+00:00,True
CAND_B9E2F0C86314,EFFICACY,A formal PFS ﬁnal analysis will be conducted once 205 PFS events are observed.,DRUG_ZANUBRUTINIB,DOC_21FF4F1370C5,CHK_554D82DBACDF,jco-41-1035 (2).pdf,SCIENTIFIC_PUBLICATION,6,Global,105,PENDING_SME_REVIEW,NOT_REVIEWED,NOT_MLR_REVIEWED,2026-09-23T11:59:04.536685+00:00,True
CAND_9555ACE8AE3C,EFFICACY,"The 12-month OS rate was 97.0% and 92.7% with zanubrutinib and ibrutinib (hazard ratio, 0.54; 95% CI, 0.25 to 1.16), respectively (Fig 3C).",DRUG_ZANUBRUTINIB,DOC_21FF4F1370C5,CHK_554D82DBACDF,jco-41-1035 (2).pdf,SCIENTIFIC_PUBLICATION,6,Global,115,PENDING_SME_REVIEW,NOT_REVIEWED,NOT_MLR_REVIEWED,2026-09-23T11:59:04.536685+00:00,True
CAND_D7769145EC7D,SAFETY,"Infection events were the most common AEs of interest leading to treatment discontinuation (2.9%, each arm).",DRUG_ZANUBRUTINIB,DOC_21FF4F1370C5,CHK_AA0932E125D6,jco-41-1035 (2).pdf,SCIENTIFIC_PUBLICATION,6,Global,105,PENDING_SME_REVIEW,NOT_REVIEWED,NOT_MLR_REVIEWED,2026-09-23T11:59:04.536685+00:00,True
CAND_471F323F41C8,EFFICACY,"Diarrhea was reported in 16.7% and 19.3% of patients receiving zanubrutinib and ibrutinib, A 0 20 50 70 90 10 40 30 60 80 100 0 3 6 9 12 15 18 No. at risk: Time Since Random Assignment (months) PFS (%) 207 200 194 190 152 70 19 208 196 188 170 125 57 8 Zanu Ibr PFS events 2 7",DRUG_ZANUBRUTINIB,DOC_21FF4F1370C5,CHK_AA0932E125D6,jco-41-1035 (2).pdf,SCIENTIFIC_PUBLICATION,6,Global,115,PENDING_SME_REVIEW,NOT_REVIEWED,NOT_MLR_REVIEWED,2026-09-23T11:59:04.536685+00:00,True
CAND_0997DBC205B8,EFFICACY,Investigator-assessed PFS and OS. (A) Kaplan-Meier estimates of PFS for all patients. (B) Kaplan-Meier estimates of PFS for patients w,DRUG_ZANUBRUTINIB,DOC_21FF4F1370C5,CHK_131D4C404D10,jco-41-1035 (2).pdf,SCIENTIFIC_PUBLICATION,6,Global,105,PENDING_SME_REVIEW,NOT_REVIEWED,NOT_MLR_REVIEWED,2026-09-23T11:59:04.536685+00:00,True
CAND_43AB1728C5D7,EFFICACY,Investigator-assessed PFS and OS. (A) Kaplan-Meier estimates of PFS for all patients. (B) Kaplan-Meier estimates of PFS for patients with or without del(17p)/TP53 mutations. (C) Kaplan-Meier estimates of OS for all patients.,DRUG_ZANUBRUTINIB,DOC_21FF4F1370C5,CHK_3A433AA80DC8,jco-41-1035 (2).pdf,SCIENTIFIC_PUBLICATION,6,Global,105,PENDING_SME_REVIEW,NOT_REVIEWED,NOT_MLR_REVIEWED,2026-09-23T11:59:04.536685+00:00,True
CAND_F31032C1918E,EFFICACY,"Ibr, ibrutinib; OS, overall survival; PFS, progression-free survival; Zanu, zanubrutinib.",DRUG_ZANUBRUTINIB,DOC_21FF4F1370C5,CHK_3A433AA80DC8,jco-41-1035 (2).pdf,SCIENTIFIC_PUBLICATION,6,Global,105,PENDING_SME_REVIEW,NOT_REVIEWED,NOT_MLR_REVIEWED,2026-09-23T11:59:04.536685+00:00,True
CAND_34692A075E79,SAFETY,"Adverse Events of Interest The rate of any-grade atrial ﬁbrillation/ﬂutter was signiﬁcantly lower with zanubrutinib versus ibrutinib (2.5% v 10.1%; two- sided P 5 .001, prespeciﬁed alpha of 0.0099; Fig 4B).",DRUG_ZANUBRUTINIB,DOC_21FF4F1370C5,CHK_652ADFB15017,jco-41-1035 (2).pdf,SCIENTIFIC_PUBLICATION,7,Global,105,PENDING_SME_REVIEW,NOT_REVIEWED,NOT_MLR_REVIEWED,2026-09-23T11:59:04.536685+00:00,True
CAND_95090FB069C8,SAFETY,"Neutropenia was reported at a higher frequency (28.4% v 21.7%; Table 3) with zanubrutinib versus ibrutinib; 18.6% and 15.0% of patients on zanubrutinib and ibrutinib, respectively, experienced grade $ 3 neutropenia (Fig 4C).",DRUG_ZANUBRUTINIB,DOC_21FF4F1370C5,CHK_652ADFB15017,jco-41-1035 (2).pdf,SCIENTIFIC_PUBLICATION,7,Global,105,PENDING_SME_REVIEW,NOT_REVIEWED,NOT_MLR_REVIEWED,2026-09-23T11:59:04.536685+00:00,True
CAND_F30EFCDD82A6,SAFETY,"ib; 18.6% and 15.0% of patients on zanubrutinib and ibrutinib, respectively, experienced grade $ 3 neutropenia (Fig 4C).",DRUG_ZANUBRUTINIB,DOC_21FF4F1370C5,CHK_D21766938CDE,jco-41-1035 (2).pdf,SCIENTIFIC_PUBLICATION,7,Global,105,PENDING_SME_REVIEW,NOT_REVIEWED,NOT_MLR_REVIEWED,2026-09-23T11:59:04.536685+00:00,True
CAND_4C92A4D16376,SAFETY,"One patient discontinued zanubrutinib because of neutropenia (Data Supplement), and one case of febrile neutropenia occurred in a patient treated with ibrutinib.",DRUG_ZANUBRUTINIB,DOC_21FF4F1370C5,CHK_D21766938CDE,jco-41-1035 (2).pdf,SCIENTIFIC_PUBLICATION,7,Global,95,PENDING_SME_REVIEW,NOT_REVIEWED,NOT_MLR_REVIEWED,2026-09-23T11:59:04.536685+00:00,True
CAND_702F916542A5,SAFETY,"Grade $ 3 infections occurred in 12.7% and 17.9% of patients receiving zanubrutinib and ibrutinib, respectively (Fig 4D).",DRUG_ZANUBRUTINIB,DOC_21FF4F1370C5,CHK_D21766938CDE,jco-41-1035 (2).pdf,SCIENTIFIC_PUBLICATION,7,Global,105,PENDING_SME_REVIEW,NOT_REVIEWED,NOT_MLR_REVIEWED,2026-09-23T11:59:04.536685+00:00,True
CAND_7F911CBC546E,SAFETY,"The most common grade $ 3 infection (pneumonia) occurred in 3.9% and 4.8% of pa- tients receiving zanubrutinib and ibrutinib, respectively.",DRUG_ZANUBRUTINIB,DOC_21FF4F1370C5,CHK_D21766938CDE,jco-41-1035 (2).pdf,SCIENTIFIC_PUBLICATION,7,Global,105,PENDING_SME_REVIEW,NOT_REVIEWED,NOT_MLR_REVIEWED,2026-09-23T11:59:04.536685+00:00,True
CAND_3DBDAE8EFC63,SAFETY,"Major hemorrhagic events occurred in 2.9% and 3.9% of patients receiving zanu- brutinib and ibrutinib, respectively, including one case of CNS hemorrhage in a patient treated with ibrutinib (Table 3).",DRUG_ZANUBRUTINIB,DOC_21FF4F1370C5,CHK_D21766938CDE,jco-41-1035 (2).pdf,SCIENTIFIC_PUBLICATION,7,Global,105,PENDING_SME_REVIEW,NOT_REVIEWED,NOT_MLR_REVIEWED,2026-09-23T11:59:04.536685+00:00,True
CAND_7772546F4BEF,SAFETY,"tinib, respectively, including one case of CNS hemorrhage in a patient treated with ibrutinib (Table 3).",DRUG_ZANUBRUTINIB,DOC_21FF4F1370C5,CHK_B2D346D5997C,jco-41-1035 (2).pdf,SCIENTIFIC_PUBLICATION,7,Global,95,PENDING_SME_REVIEW,NOT_REVIEWED,NOT_MLR_REVIEWED,2026-09-23T11:59:04.536685+00:00,True
CAND_B8DB614F2D92,TRIAL_DESIGN,"Zanubrutinib was ﬁrst compared with ibrutinib in Waldenstr¨om macroglobulinemia in the randomized, phase III trial, ASPEN.17 ALPINE is the second randomized, phase III trial comparing zanubrutinib with ibrutinib and compares approximately 600 pa",DRUG_ZANUBRUTINIB,DOC_21FF4F1370C5,CHK_B2D346D5997C,jco-41-1035 (2).pdf,SCIENTIFIC_PUBLICATION,7,Global,75,PENDING_SME_REVIEW,NOT_REVIEWED,NOT_MLR_REVIEWED,2026-09-23T11:59:04.536685+00:00,True
CAND_B6AEE25A5083,TRIAL_DESIGN,"in Waldenstr¨om macroglobulinemia in the randomized, phase III trial, ASPEN.17 ALPINE is the second randomized, phase III trial comparing zanubrutinib with ibrutinib and compares approximately 600 patients (planned) with relapsed/ refractory CLL/SLL.",DRUG_ZANUBRUTINIB,DOC_21FF4F1370C5,CHK_C2BC46A5870B,jco-41-1035 (2).pdf,SCIENTIFIC_PUBLICATION,7,Global,75,PENDING_SME_REVIEW,NOT_REVIEWED,NOT_MLR_REVIEWED,2026-09-23T11:59:04.536685+00:00,True
CAND_5B2F0372A7D4,EFFICACY,"The primary study end point, ORR (CR or PR) as assessed by investigator, was signiﬁcantly higher with zanubrutinib compared with ibrutinib in all patients, in molecular sub- groups, including del(11q), and in the difﬁcult-to-treat del(17p)/TP53.",DRUG_ZANUBRUTINIB,DOC_21FF4F1370C5,CHK_C2BC46A5870B,jco-41-1035 (2).pdf,SCIENTIFIC_PUBLICATION,7,Global,105,PENDING_SME_REVIEW,NOT_REVIEWED,NOT_MLR_REVIEWED,2026-09-23T11:59:04.536685+00:00,True
CAND_075416E6D19C,EFFICACY,"Multiple sensitivity analyses of ORR (Data Supplement), and a high concordance rate of ORR between investigator assessments and ICR, support the favorable results for zanubrutinib.",DRUG_ZANUBRUTINIB,DOC_21FF4F1370C5,CHK_C2BC46A5870B,jco-41-1035 (2).pdf,SCIENTIFIC_PUBLICATION,7,Global,105,PENDING_SME_REVIEW,NOT_REVIEWED,NOT_MLR_REVIEWED,2026-09-23T11:59:04.536685+00:00,True
CAND_28497DC352BB,EFFICACY,"In the ALPINE study, the rate of PR-L or higher for patients treated with ibrutinib (81% with a median follow-up of 15.4 months) was comparable with the reported cumulative best response at 15 months of 89% in the RESONATE study.18 A key secondary end point, PFS, although currently imma- ture, was notably prolonged with zanubrutinib compared with ibrutinib, and a consistent trend for improvement with zanubrutinib compared with ibrutinib was seen in OS and secondary efﬁcacy end points, including duration of re- sponse (Fig 3; Data Supplement) and time to treatment failure (data not shown).",DRUG_ZANUBRUTINIB,DOC_21FF4F1370C5,CHK_9ED388F34E44,jco-41-1035 (2).pdf,SCIENTIFIC_PUBLICATION,7,Global,115,PENDING_SME_REVIEW,NOT_REVIEWED,NOT_MLR_REVIEWED,2026-09-23T11:59:04.536685+00:00,True
CAND_7357E9D2B9D6,EFFICACY,"The PFS rate seen with ibrutinib (84.0% at 12 months) was comparable with that in the RESONATE study (84% at 12 months).19 Lower rates of AEs leading to discontinuation or death with zanubrutinib versus ibrutinib in this study were consistent with those reported in the ASPEN study, in which AEs leading to discontinuation with zanubrutinib versus ibru- tinib were 4% versus 9% and AEs leading to death were 1% versus 2%, respectively.17 The rate of atrial ﬁbrillation, a prespeciﬁed key secondary end point, was signiﬁ- cantly lower with zanubrutinib compared with ibrutinib (2.5% v 10.1%; two-si",DRUG_ZANUBRUTINIB,DOC_21FF4F1370C5,CHK_9ED388F34E44,jco-41-1035 (2).pdf,SCIENTIFIC_PUBLICATION,7,Global,115,PENDING_SME_REVIEW,NOT_REVIEWED,NOT_MLR_REVIEWED,2026-09-23T11:59:04.536685+00:00,True
CAND_20118C94887D,EFFICACY,"Owing to the preliminary nature of the survival analysis and the short follow-up, PFS and OS data should be interpreted with caution.",DRUG_ZANUBRUTINIB,DOC_21FF4F1370C5,CHK_FEB4666C0074,jco-41-1035 (2).pdf,SCIENTIFIC_PUBLICATION,8,Global,105,PENDING_SME_REVIEW,NOT_REVIEWED,NOT_MLR_REVIEWED,2026-09-23T11:59:04.536685+00:00,True
CAND_FF23A5BF982F,EFFICACY,A formal PFS ﬁnal analysis will be conducted when 205 PFS events are observed.,DRUG_ZANUBRUTINIB,DOC_21FF4F1370C5,CHK_FEB4666C0074,jco-41-1035 (2).pdf,SCIENTIFIC_PUBLICATION,8,Global,105,PENDING_SME_REVIEW,NOT_REVIEWED,NOT_MLR_REVIEWED,2026-09-23T11:59:04.536685+00:00,True
CAND_B474E8B0848D,EFFICACY,"The choice of ORR, deﬁned as PR or higher, by investigator assessment as a primary end point is con- sistent with the tumor response criteria in the iwCLL guidelines but can be a limitation because excluding PR-L responses from the ORR excludes patients who may be TABLE 3.",DRUG_ZANUBRUTINIB,DOC_21FF4F1370C5,CHK_FEB4666C0074,jco-41-1035 (2).pdf,SCIENTIFIC_PUBLICATION,8,Global,105,PENDING_SME_REVIEW,NOT_REVIEWED,NOT_MLR_REVIEWED,2026-09-23T11:59:04.536685+00:00,True
CAND_0573362FFAC8,TRIAL_DESIGN,"The choice of ORR, deﬁned as PR or higher, by investigator assessment as a primary end point is con- sistent with the tumor response criteria in the iwCLL guidelines but can be a limitation because excluding PR-L responses from the ORR excludes patients who may be TABLE 3.",DRUG_ZANUBRUTINIB,DOC_21FF4F1370C5,CHK_FEB4666C0074,jco-41-1035 (2).pdf,SCIENTIFIC_PUBLICATION,8,Global,75,PENDING_SME_REVIEW,NOT_REVIEWED,NOT_MLR_REVIEWED,2026-09-23T11:59:04.536685+00:00,True
CAND_B16648D44AFD,SAFETY,Adverse Events AE Zanubrutinib (n 5 204) Ibrutinib (n 5 207) Any-grade AEa 195 (95.6) 205 (99.0) Diarrhea 34 (16.7) 40 (19.3) Upper respiratory tract infection 44 (21.6) 29 (14.0) Neutropenia 40 (19.6) 32 (15.5) Hypertension 32 (15.7) 27 (13,DRUG_ZANUBRUTINIB,DOC_21FF4F1370C5,CHK_FEB4666C0074,jco-41-1035 (2).pdf,SCIENTIFIC_PUBLICATION,8,Global,95,PENDING_SME_REVIEW,NOT_REVIEWED,NOT_MLR_REVIEWED,2026-09-23T11:59:04.536685+00:00,True
CAND_EFD2B8B61329,SAFETY,ter (key secondary end point) 5 (2.5) 21 (10.1) Hemorrhage 73 (35.8) 75 (36.2) Major hemorrhagee 6 (2.9) 8 (3.9) Hypertensiond 34 (16.7) 34 (16.4) Infections 122 (59.8) 131 (63.3) Grade $ 3 26 (12.7) 37 (17.9) Any-grade opportunistic infection 1 (0.5) 3 (1.4) Neutropeniad 58 (28.4) 45 (21.7) Secondary primary malignancies 17 (8.3) 13 (6.3) Skin cancers 7 (3.4) 10 (4.8) Thrombocytopeniad 19 (9.3) 26 (12.6) Tumor lysis syndrome 1 (0.5) 0 (0.0) NOTE.,DRUG_ZANUBRUTINIB,DOC_21FF4F1370C5,CHK_7D14F22F1CE6,jco-41-1035 (2).pdf,SCIENTIFIC_PUBLICATION,8,Global,95,PENDING_SME_REVIEW,NOT_REVIEWED,NOT_MLR_REVIEWED,2026-09-23T11:59:04.536685+00:00,True
CAND_7384CE9BC02A,SAFETY,"Abbreviations: AE, adverse event; MedDRA; Medical Dictionary for Regulatory Activities. aAEs occurring in .",DRUG_ZANUBRUTINIB,DOC_21FF4F1370C5,CHK_7D14F22F1CE6,jco-41-1035 (2).pdf,SCIENTIFIC_PUBLICATION,8,Global,95,PENDING_SME_REVIEW,NOT_REVIEWED,NOT_MLR_REVIEWED,2026-09-23T11:59:04.536685+00:00,True
CAND_719EA1D49C10,SAFETY,"2% of patients in either arm by MedDRA preferred term. cWith zanubrutinib: malaise (n 5 2), COVID-19, infection, pneumonia, pneumonia cryptococcal, respiratory tract infection, sepsis, colitis, jaundice, and mobility decreased (each n 5 1); with ibrutinib: COVID-19, pneumonia (",DRUG_ZANUBRUTINIB,DOC_21FF4F1370C5,CHK_7D14F22F1CE6,jco-41-1035 (2).pdf,SCIENTIFIC_PUBLICATION,8,Global,105,PENDING_SME_REVIEW,NOT_REVIEWED,NOT_MLR_REVIEWED,2026-09-23T11:59:04.536685+00:00,True
CAND_0C71BC9F2C78,SAFETY,"aise (n 5 2), COVID-19, infection, pneumonia, pneumonia cryptococcal, respiratory tract infection, sepsis, colitis, jaundice, and mobility decreased (each n 5 1); with ibrutinib: COVID-19, pneumonia (n 5 3), myocardial infarction (n 5 2), pneumonia, inﬂuenza, septic shock, multiple organ dysfunction syndrome, death, cardiac arrest, central nervous system hemorrhage, cerebral infarction, and respiratory failure (each n 5 1). dPooled terms including anemia and hemoglobin decreased; hypertension and blood pressure increased; neutropenia, neutrophil count decreased, and febrile neutropenia; thrombocytopenia and platelet count decreased. eIncludes serious hemorrhage, grade 3 or higher hemorrhage, and central nervous system bleeding of any grade.",DRUG_ZANUBRUTINIB,DOC_21FF4F1370C5,CHK_09F443C0FFD6,jco-41-1035 (2).pdf,SCIENTIFIC_PUBLICATION,8,Global,95,PENDING_SME_REVIEW,NOT_REVIEWED,NOT_MLR_REVIEWED,2026-09-23T11:59:04.536685+00:00,True
CAND_4F7FCCBC3722,TRIAL_DESIGN,beneﬁting clinically from treatment.14 The primary end point was selected on the basis of agreement with regulatory authorities and expert investigators in CLL clinical trials.,DRUG_ZANUBRUTINIB,DOC_21FF4F1370C5,CHK_F9CF709834EE,jco-41-1035 (2).pdf,SCIENTIFIC_PUBLICATION,9,Global,75,PENDING_SME_REVIEW,NOT_REVIEWED,NOT_MLR_REVIEWED,2026-09-23T11:59:04.536685+00:00,True
CAND_3C589F5F479F,TRIAL_DESIGN,The open-label design of the study may have introduced bias.,DRUG_ZANUBRUTINIB,DOC_21FF4F1370C5,CHK_F9CF709834EE,jco-41-1035 (2).pdf,SCIENTIFIC_PUBLICATION,9,Global,75,PENDING_SME_REVIEW,NOT_REVIEWED,NOT_MLR_REVIEWED,2026-09-23T11:59:04.536685+00:00,True
CAND_8DBE4020C2F3,EFFICACY,"To mitigate potential investigator bias, ICR review was blinded, and multiple sensitivity analyses of ORR were conducted.",DRUG_ZANUBRUTINIB,DOC_21FF4F1370C5,CHK_F9CF709834EE,jco-41-1035 (2).pdf,SCIENTIFIC_PUBLICATION,9,Global,105,PENDING_SME_REVIEW,NOT_REVIEWED,NOT_MLR_REVIEWED,2026-09-23T11:59:04.536685+00:00,True
CAND_9B0DD5964E6A,EFFICACY,"The ALPINE study showed a superior ORR, improved PFS, and lower rates of atrial ﬁbrillation/ﬂutter in patients with relapsed/refractory CLL/SLL treated with zanubrutinib compared with ibrutinib.",DRUG_ZANUBRUTINIB,DOC_21FF4F1370C5,CHK_F9CF709834EE,jco-41-1035 (2).pdf,SCIENTIFIC_PUBLICATION,9,Global,105,PENDING_SME_REVIEW,NOT_REVIEWED,NOT_MLR_REVIEWED,2026-09-23T11:59:04.536685+00:00,True
CAND_1D9267C29E47,SAFETY,Time to adverse events of interest and cardiac disorders.,DRUG_ZANUBRUTINIB,DOC_21FF4F1370C5,CHK_A770A5E0E19E,jco-41-1035 (2).pdf,SCIENTIFIC_PUBLICATION,9,Global,95,PENDING_SME_REVIEW,NOT_REVIEWED,NOT_MLR_REVIEWED,2026-09-23T11:59:04.536685+00:00,True
CAND_EE4B6B395756,SAFETY,"Kaplan-Meier plot of time to (A) cardiac disorders, on the basis of System Organ Class in Medical Dictionary for Regulatory Activities (includes atrial ﬁbrillation and atrial ﬂutter); (B) atrial ﬁbrillation/ﬂutter; (C) grade 3 or higher neutropenia; (D) grade 3 or higher infection.",DRUG_ZANUBRUTINIB,DOC_21FF4F1370C5,CHK_A770A5E0E19E,jco-41-1035 (2).pdf,SCIENTIFIC_PUBLICATION,9,Global,95,PENDING_SME_REVIEW,NOT_REVIEWED,NOT_MLR_REVIEWED,2026-09-23T11:59:04.536685+00:00,True
CAND_B0C438CB1882,TRIAL_IDENTIFIER,CLINICAL TRIAL INFORMATION NCT03734016 AUTHORS’ DISCLOSURES OF POTENTIAL CONFLICTS OF INTEREST Disclosures provided by the authors are available with this article at DOI https://doi.org/10.1200/JCO.22.00510.,DRUG_ZANUBRUTINIB,DOC_21FF4F1370C5,CHK_7C296E452FE8,jco-41-1035 (2).pdf,SCIENTIFIC_PUBLICATION,10,Global,65,PENDING_SME_REVIEW,NOT_REVIEWED,NOT_MLR_REVIEWED,2026-09-23T11:59:04.536685+00:00,False
CAND_12C3E44B0FBB,TRIAL_DESIGN,"Hallek M, Fischer K, Fingerle-Rowson G, et al: Addition of rituximab to ﬂudarabine and cyclophosphamide in patients with chronic lymphocytic leukaemia: A randomised, open-label, phase 3 trial.",DRUG_ZANUBRUTINIB,DOC_21FF4F1370C5,CHK_7E1D68563924,jco-41-1035 (2).pdf,SCIENTIFIC_PUBLICATION,10,Global,75,PENDING_SME_REVIEW,NOT_REVIEWED,NOT_MLR_REVIEWED,2026-09-23T11:59:04.536685+00:00,True
CAND_95D448009A65,TRIAL_DESIGN,"Fingerle-Rowson G, et al: Addition of rituximab to ﬂudarabine and cyclophosphamide in patients with chronic lymphocytic leukaemia: A randomised, open-label, phase 3 trial.",DRUG_ZANUBRUTINIB,DOC_21FF4F1370C5,CHK_74B914EE20C0,jco-41-1035 (2).pdf,SCIENTIFIC_PUBLICATION,10,Global,75,PENDING_SME_REVIEW,NOT_REVIEWED,NOT_MLR_REVIEWED,2026-09-23T11:59:04.536685+00:00,True
CAND_0F225C9AC4D2,TRIAL_DESIGN,"Tam CS, Opat S, D’Sa S, et al: A randomized phase 3 trial of zanubrutinib vs ibrutinib in symptomatic Waldenstrom macroglobulinemia: The ASPEN study.",DRUG_ZANUBRUTINIB,DOC_21FF4F1370C5,CHK_2A0EC3A745C6,jco-41-1035 (2).pdf,SCIENTIFIC_PUBLICATION,11,Global,75,PENDING_SME_REVIEW,NOT_REVIEWED,NOT_MLR_REVIEWED,2026-09-23T11:59:04.536685+00:00,True
CAND_ADF519812E3D,TRIAL_DESIGN,"Byrd JC, Hillmen P, O’Brien S, et al: Long-term follow-up of the RESONATE phase 3 trial of ibrutinib vs ofatumumab.",DRUG_ZANUBRUTINIB,DOC_21FF4F1370C5,CHK_2A0EC3A745C6,jco-41-1035 (2).pdf,SCIENTIFIC_PUBLICATION,11,Global,75,PENDING_SME_REVIEW,NOT_REVIEWED,NOT_MLR_REVIEWED,2026-09-23T11:59:04.536685+00:00,True
CAND_CA73B359EF78,TRIAL_DESIGN,"Brown JR, Hillmen P, O’Brien S, et al: Extended follow-up and impact of high-risk prognostic factors from the phase 3 RESONATE study in patients with previously treated CLL/SLL.",DRUG_ZANUBRUTINIB,DOC_21FF4F1370C5,CHK_2A0EC3A745C6,jco-41-1035 (2).pdf,SCIENTIFIC_PUBLICATION,11,Global,75,PENDING_SME_REVIEW,NOT_REVIEWED,NOT_MLR_REVIEWED,2026-09-23T11:59:04.536685+00:00,True
CAND_B9B6B23AEA63,TRIAL_DESIGN,AUTHORS’ DISCLOSURES OF POTENTIAL CONFLICTS OF INTEREST Zanubrutinib Versus Ibrutinib in Relapsed/Refractory Chronic Lymphocytic Leukemia and Small Lymphocytic Lymphoma: Interim Analysis of a Randomized Phase III Trial The following represents disclosure information provided by authors of this manuscript.,DRUG_ZANUBRUTINIB,DOC_21FF4F1370C5,CHK_B6CFFF154F15,jco-41-1035 (2).pdf,SCIENTIFIC_PUBLICATION,12,Global,75,PENDING_SME_REVIEW,NOT_REVIEWED,NOT_MLR_REVIEWED,2026-09-23T11:59:04.536685+00:00,True
CAND_EB27722E9CB8,EFFICACY,"Among patients diagnosed with CLL between 2010 and 2018, the overall survival (OS) Introduction Chronic lymphocytic leukemia (CLL) is the most common type of leukemia in the Western hemisphere, with an age- adjusted incidence of 1.28 per 100,000 people worldwide in 2019 [1].",DRUG_ZANUBRUTINIB,DOC_5D2D931F3757,CHK_EA7198FD91A8,s00277-024-05823-8 (1).pdf,SCIENTIFIC_PUBLICATION,1,China,105,PENDING_SME_REVIEW,NOT_REVIEWED,NOT_MLR_REVIEWED,2026-09-23T11:59:04.536685+00:00,True
CAND_BD89398B5464,TRIAL_DESIGN,ALPINE is a global phase 3 trial investigating Bruton tyrosine kinase inhibitors zanubrutinib vs. ibrutinib to treat relapsed/refractory (R/R) CLL/SLL.,DRUG_ZANUBRUTINIB,DOC_5D2D931F3757,CHK_8C00DEF486FE,s00277-024-05823-8 (1).pdf,SCIENTIFIC_PUBLICATION,1,China,75,PENDING_SME_REVIEW,NOT_REVIEWED,NOT_MLR_REVIEWED,2026-09-23T11:59:04.536685+00:00,True
CAND_7A7785E93A49,TRIAL_DESIGN,Adults with R/R CLL/SLL were randomized 1:1 to receive zanubrutinib (160 mg twice-daily) or ibrutinib (420 mg once-daily) until disease progression or unacceptable toxicity.,DRUG_ZANUBRUTINIB,DOC_5D2D931F3757,CHK_8C00DEF486FE,s00277-024-05823-8 (1).pdf,SCIENTIFIC_PUBLICATION,1,China,85,PENDING_SME_REVIEW,NOT_REVIEWED,NOT_MLR_REVIEWED,2026-09-23T11:59:04.536685+00:00,True
CAND_E4EBF46207D7,EFFICACY,"Endpoints included overall response rate (ORR), progression-free survival (PFS), overall survival (OS), and safety.",DRUG_ZANUBRUTINIB,DOC_5D2D931F3757,CHK_8C00DEF486FE,s00277-024-05823-8 (1).pdf,SCIENTIFIC_PUBLICATION,1,China,105,PENDING_SME_REVIEW,NOT_REVIEWED,NOT_MLR_REVIEWED,2026-09-23T11:59:04.536685+00:00,True
CAND_8E4468E8B0D6,TRIAL_DESIGN,"Ninety patients were randomized in China (zanubrutinib, n = 47; ibrutinib, n = 43).",DRUG_ZANUBRUTINIB,DOC_5D2D931F3757,CHK_8C00DEF486FE,s00277-024-05823-8 (1).pdf,SCIENTIFIC_PUBLICATION,1,China,75,PENDING_SME_REVIEW,NOT_REVIEWED,NOT_MLR_REVIEWED,2026-09-23T11:59:04.536685+00:00,True
CAND_54A1D74AF22B,EFFICACY,"With median 25.3 months follow-up, ORR was 80.9% with zanubrutinib vs.",DRUG_ZANUBRUTINIB,DOC_5D2D931F3757,CHK_290287BFD9DD,s00277-024-05823-8 (1).pdf,SCIENTIFIC_PUBLICATION,1,China,115,PENDING_SME_REVIEW,NOT_REVIEWED,NOT_MLR_REVIEWED,2026-09-23T11:59:04.536685+00:00,True
CAND_128E7C62BB76,EFFICACY,"PFS was improved with zanubrutinib vs. ibrutinib (HR = 0.34 [95% CI, 0.15, 0.77]), and the HR for OS was 0.45 (95% CI, 0.14, 1.50).",DRUG_ZANUBRUTINIB,DOC_5D2D931F3757,CHK_290287BFD9DD,s00277-024-05823-8 (1).pdf,SCIENTIFIC_PUBLICATION,1,China,115,PENDING_SME_REVIEW,NOT_REVIEWED,NOT_MLR_REVIEWED,2026-09-23T11:59:04.536685+00:00,True
CAND_FF8D6564A93F,SAFETY,Rates of Grade ≥ 3 treatment-emergent adverse events (TEAEs; 64.4% vs.,DRUG_ZANUBRUTINIB,DOC_5D2D931F3757,CHK_290287BFD9DD,s00277-024-05823-8 (1).pdf,SCIENTIFIC_PUBLICATION,1,China,105,PENDING_SME_REVIEW,NOT_REVIEWED,NOT_MLR_REVIEWED,2026-09-23T11:59:04.536685+00:00,True
CAND_7E35BC9BF942,EFFICACY,"Zanubrutinib demonstrated improved ORR, PFS, and OS vs. ibrutinib and a more favorable safety profile in patients with R/R CLL/SLL in China.",DRUG_ZANUBRUTINIB,DOC_5D2D931F3757,CHK_290287BFD9DD,s00277-024-05823-8 (1).pdf,SCIENTIFIC_PUBLICATION,1,China,105,PENDING_SME_REVIEW,NOT_REVIEWED,NOT_MLR_REVIEWED,2026-09-23T11:59:04.536685+00:00,True
CAND_BD167AEF930D,TRIAL_IDENTIFIER,"ClinicalTrials.gov: NCT03734016, registered November 7, 2018.",DRUG_ZANUBRUTINIB,DOC_5D2D931F3757,CHK_290287BFD9DD,s00277-024-05823-8 (1).pdf,SCIENTIFIC_PUBLICATION,1,China,65,PENDING_SME_REVIEW,NOT_REVIEWED,NOT_MLR_REVIEWED,2026-09-23T11:59:04.536685+00:00,True
CAND_77DA542DC839,SAFETY,"Since its approval, ibrutinib has revolutionized the treatment of CLL, despite its association with treatment resistance and increased risk for cardiovascular adverse events (AEs) such as atrial fibrillation, cardiac failure, bleeding, and hypertension [5].",DRUG_ZANUBRUTINIB,DOC_5D2D931F3757,CHK_829DEC282E2C,s00277-024-05823-8 (1).pdf,SCIENTIFIC_PUBLICATION,2,China,95,PENDING_SME_REVIEW,NOT_REVIEWED,NOT_MLR_REVIEWED,2026-09-23T11:59:04.536685+00:00,True
CAND_FFFCD5389D3A,TRIAL_DESIGN,"The global phase 3 ALPINE trial (NCT03734016) evalu­ ated the efficacy and safety of zanubrutinib vs. ibrutinib in patients with R/R CLL or SLL [13, 14].",DRUG_ZANUBRUTINIB,DOC_5D2D931F3757,CHK_829DEC282E2C,s00277-024-05823-8 (1).pdf,SCIENTIFIC_PUBLICATION,2,China,75,PENDING_SME_REVIEW,NOT_REVIEWED,NOT_MLR_REVIEWED,2026-09-23T11:59:04.536685+00:00,True
CAND_C8A45F5D0B71,TRIAL_IDENTIFIER,"The global phase 3 ALPINE trial (NCT03734016) evalu­ ated the efficacy and safety of zanubrutinib vs. ibrutinib in patients with R/R CLL or SLL [13, 14].",DRUG_ZANUBRUTINIB,DOC_5D2D931F3757,CHK_829DEC282E2C,s00277-024-05823-8 (1).pdf,SCIENTIFIC_PUBLICATION,2,China,65,PENDING_SME_REVIEW,NOT_REVIEWED,NOT_MLR_REVIEWED,2026-09-23T11:59:04.536685+00:00,True
CAND_19990016C1C9,EFFICACY,"The results showed that zanubrutinib treatment had a superior overall response rate (ORR) [14], significantly longer progression-free sur­ vival (PFS), and fewer AEs, including cardiac AEs, com­ pared with ibrutinib [13].",DRUG_ZANUBRUTINIB,DOC_5D2D931F3757,CHK_A24DC454A34D,s00277-024-05823-8 (1).pdf,SCIENTIFIC_PUBLICATION,2,China,105,PENDING_SME_REVIEW,NOT_REVIEWED,NOT_MLR_REVIEWED,2026-09-23T11:59:04.536685+00:00,True
CAND_3EE221FB9C9B,TRIAL_DESIGN,"Methods Study design and population ALPINE (NCT03734016) is a global, phase 3, open-label, randomized study investigating the efficacy and safety of zanubrutinib vs. ibrutinib in patients with R/R CLL/SLL.",DRUG_ZANUBRUTINIB,DOC_5D2D931F3757,CHK_A24DC454A34D,s00277-024-05823-8 (1).pdf,SCIENTIFIC_PUBLICATION,2,China,75,PENDING_SME_REVIEW,NOT_REVIEWED,NOT_MLR_REVIEWED,2026-09-23T11:59:04.536685+00:00,True
CAND_68D02867D83E,TRIAL_IDENTIFIER,"Methods Study design and population ALPINE (NCT03734016) is a global, phase 3, open-label, randomized study investigating the efficacy and safety of zanubrutinib vs. ibrutinib in patients with R/R CLL/SLL.",DRUG_ZANUBRUTINIB,DOC_5D2D931F3757,CHK_A24DC454A34D,s00277-024-05823-8 (1).pdf,SCIENTIFIC_PUBLICATION,2,China,65,PENDING_SME_REVIEW,NOT_REVIEWED,NOT_MLR_REVIEWED,2026-09-23T11:59:04.536685+00:00,True
CAND_0AA6E15B0688,DOSAGE,Patients were randomized 1:1 to receive either zanubru­ tinib 160 mg orally twice daily or ibrutinib 420 mg orally once daily until disease progression or unacceptable toxic­ ity.,DRUG_ZANUBRUTINIB,DOC_5D2D931F3757,CHK_DABE8C78A7C3,s00277-024-05823-8 (1).pdf,SCIENTIFIC_PUBLICATION,2,China,110,PENDING_SME_REVIEW,NOT_REVIEWED,NOT_MLR_REVIEWED,2026-09-23T11:59:04.536685+00:00,True
CAND_D56C631210ED,TRIAL_DESIGN,Patients were randomized 1:1 to receive either zanubru­ tinib 160 mg orally twice daily or ibrutinib 420 mg orally once daily until disease progression or unacceptable toxic­ ity.,DRUG_ZANUBRUTINIB,DOC_5D2D931F3757,CHK_DABE8C78A7C3,s00277-024-05823-8 (1).pdf,SCIENTIFIC_PUBLICATION,2,China,85,PENDING_SME_REVIEW,NOT_REVIEWED,NOT_MLR_REVIEWED,2026-09-23T11:59:04.536685+00:00,True
CAND_276ED8148978,EFFICACY,"Assessments In this subgroup analysis, ORR assessed by blinded inde­ pendent review committee (IRC) and by the investiga­ tor (INV) was evaluated.",DRUG_ZANUBRUTINIB,DOC_5D2D931F3757,CHK_DABE8C78A7C3,s00277-024-05823-8 (1).pdf,SCIENTIFIC_PUBLICATION,2,China,105,PENDING_SME_REVIEW,NOT_REVIEWED,NOT_MLR_REVIEWED,2026-09-23T11:59:04.536685+00:00,True
CAND_F767D14AB472,EFFICACY,"ORR was defined as a complete response or a complete response with incomplete bone marrow recovery, a nodular partial response, or a par",DRUG_ZANUBRUTINIB,DOC_5D2D931F3757,CHK_DABE8C78A7C3,s00277-024-05823-8 (1).pdf,SCIENTIFIC_PUBLICATION,2,China,105,PENDING_SME_REVIEW,NOT_REVIEWED,NOT_MLR_REVIEWED,2026-09-23T11:59:04.536685+00:00,True
CAND_6DF37D4EFD9E,EFFICACY,"ORR was defined as a complete response or a complete response with incomplete bone marrow recovery, a nodular partial response, or a partial response.",DRUG_ZANUBRUTINIB,DOC_5D2D931F3757,CHK_1044FE7C59BE,s00277-024-05823-8 (1).pdf,SCIENTIFIC_PUBLICATION,2,China,105,PENDING_SME_REVIEW,NOT_REVIEWED,NOT_MLR_REVIEWED,2026-09-23T11:59:04.536685+00:00,True
CAND_E5E30BB0E21F,EFFICACY,"Other key assessments included PFS, duration of response (DoR), and rate of partial response with lympho­ cytosis or better by IRC and INV; time to treatment fail­ ure; OS; and safety.",DRUG_ZANUBRUTINIB,DOC_5D2D931F3757,CHK_1044FE7C59BE,s00277-024-05823-8 (1).pdf,SCIENTIFIC_PUBLICATION,2,China,105,PENDING_SME_REVIEW,NOT_REVIEWED,NOT_MLR_REVIEWED,2026-09-23T11:59:04.536685+00:00,True
CAND_3DFE74E162A9,SAFETY,AEs were assessed and graded based on the National Cancer Institute Common Terminology Criteria for Adverse Events v4.03.,DRUG_ZANUBRUTINIB,DOC_5D2D931F3757,CHK_1044FE7C59BE,s00277-024-05823-8 (1).pdf,SCIENTIFIC_PUBLICATION,2,China,95,PENDING_SME_REVIEW,NOT_REVIEWED,NOT_MLR_REVIEWED,2026-09-23T11:59:04.536685+00:00,True
CAND_4A680031DE9F,TRIAL_DESIGN,Statistical analysis Demographic and baseline characteristics and efficacy were summarized for all Chinese patients randomized.,DRUG_ZANUBRUTINIB,DOC_5D2D931F3757,CHK_1044FE7C59BE,s00277-024-05823-8 (1).pdf,SCIENTIFIC_PUBLICATION,2,China,75,PENDING_SME_REVIEW,NOT_REVIEWED,NOT_MLR_REVIEWED,2026-09-23T11:59:04.536685+00:00,True
CAND_06DCC05AF2C1,TRIAL_DESIGN,icacy were summarized for all Chinese patients randomized.,DRUG_ZANUBRUTINIB,DOC_5D2D931F3757,CHK_5A9518C1747F,s00277-024-05823-8 (1).pdf,SCIENTIFIC_PUBLICATION,2,China,75,PENDING_SME_REVIEW,NOT_REVIEWED,NOT_MLR_REVIEWED,2026-09-23T11:59:04.536685+00:00,True
CAND_9E5C8FE8A50D,TRIAL_DESIGN,"Results Patients A total of 652 patients were randomized by the cutoff date of August 8, 2022, 90 of whom were from China.",DRUG_ZANUBRUTINIB,DOC_5D2D931F3757,CHK_77F4C06E0C77,s00277-024-05823-8 (1).pdf,SCIENTIFIC_PUBLICATION,3,China,75,PENDING_SME_REVIEW,NOT_REVIEWED,NOT_MLR_REVIEWED,2026-09-23T11:59:04.536685+00:00,True
CAND_BDEA5B63EC8B,TRIAL_DESIGN,Forty-seven were randomized to receive zanubrutinib and 43 to receive ibrutinib (Fig.,DRUG_ZANUBRUTINIB,DOC_5D2D931F3757,CHK_77F4C06E0C77,s00277-024-05823-8 (1).pdf,SCIENTIFIC_PUBLICATION,3,China,75,PENDING_SME_REVIEW,NOT_REVIEWED,NOT_MLR_REVIEWED,2026-09-23T11:59:04.536685+00:00,True
CAND_BF6B787074E3,SAFETY,"AE, adverse event; PD, progressive disease 1 3 4185",DRUG_ZANUBRUTINIB,DOC_5D2D931F3757,CHK_3F7D4877EF57,s00277-024-05823-8 (1).pdf,SCIENTIFIC_PUBLICATION,3,China,95,PENDING_SME_REVIEW,NOT_REVIEWED,NOT_MLR_REVIEWED,2026-09-23T11:59:04.536685+00:00,True
CAND_B902B5CD39A9,EFFICACY,"Annals of Hematology (2024) 103:4183–4191 IRC, the ORR was 87.2% with zanubrutinib and 76.7% with ibrutinib (Supplementary Table 2).",DRUG_ZANUBRUTINIB,DOC_5D2D931F3757,CHK_CAB05FB341FC,s00277-024-05823-8 (1).pdf,SCIENTIFIC_PUBLICATION,4,China,115,PENDING_SME_REVIEW,NOT_REVIEWED,NOT_MLR_REVIEWED,2026-09-23T11:59:04.536685+00:00,True
CAND_7B0FCA8F2B00,EFFICACY,"For DoR as assessed by Overall response With an overall median study follow-up of 25.3 months (range, 0.1–40.4), the ORR assessed by INV was higher in the zanubrutinib-treated group than in the ibrutinib group (80.9% vs.",DRUG_ZANUBRUTINIB,DOC_5D2D931F3757,CHK_CAB05FB341FC,s00277-024-05823-8 (1).pdf,SCIENTIFIC_PUBLICATION,4,China,115,PENDING_SME_REVIEW,NOT_REVIEWED,NOT_MLR_REVIEWED,2026-09-23T11:59:04.536685+00:00,True
CAND_C7AD425CE1B8,EFFICACY,"In the high-risk subgroup of patients with del(17p) or TP53 mutation, PFS also favored the zanubrutinib group over the ibrutinib group as assessed by INV (HR, 0.49 [95% CI, 0.14, 1.67]), and IRC (HR, 0.51 [95% CI, 0.12, 2.13]).",DRUG_ZANUBRUTINIB,DOC_5D2D931F3757,CHK_97D657ED7D5E,s00277-024-05823-8 (1).pdf,SCIENTIFIC_PUBLICATION,5,China,115,PENDING_SME_REVIEW,NOT_REVIEWED,NOT_MLR_REVIEWED,2026-09-23T11:59:04.536685+00:00,True
CAND_9AD1A0158A59,EFFICACY,"The PFS rate by INV at 18 months was 73.3% (95% CI, 43.6, 89.1) with zanubru­ tinib and 50.0% (95% CI, 22.9, 72.2) with ibrutinib.",DRUG_ZANUBRUTINIB,DOC_5D2D931F3757,CHK_97D657ED7D5E,s00277-024-05823-8 (1).pdf,SCIENTIFIC_PUBLICATION,5,China,115,PENDING_SME_REVIEW,NOT_REVIEWED,NOT_MLR_REVIEWED,2026-09-23T11:59:04.536685+00:00,True
CAND_FB2A367CC346,EFFICACY,Overall survival A total of 4 (8.5%) patients in the zanubrutinib group and 8 (18.6%) in the ibrutinib group died.,DRUG_ZANUBRUTINIB,DOC_5D2D931F3757,CHK_97D657ED7D5E,s00277-024-05823-8 (1).pdf,SCIENTIFIC_PUBLICATION,5,China,115,PENDING_SME_REVIEW,NOT_REVIEWED,NOT_MLR_REVIEWED,2026-09-23T11:59:04.536685+00:00,True
CAND_0A8265E893EC,EFFICACY,"Progression-free survival With a median follow-up of 22.6 months for the PFS end­ point, PFS by INV was improved with zanubrutinib vs. ibrutinib (HR, 0.34 [95% CI, 0.15, 0.77]) (Fig.",DRUG_ZANUBRUTINIB,DOC_5D2D931F3757,CHK_65D5537BED80,s00277-024-05823-8 (1).pdf,SCIENTIFIC_PUBLICATION,5,China,115,PENDING_SME_REVIEW,NOT_REVIEWED,NOT_MLR_REVIEWED,2026-09-23T11:59:04.536685+00:00,True
CAND_7CEE5B69C329,EFFICACY,Zanubru­ tinib also showed improved PFS compared with ibrutinib when assessed by IRC (Supplementary Fig.,DRUG_ZANUBRUTINIB,DOC_5D2D931F3757,CHK_65D5537BED80,s00277-024-05823-8 (1).pdf,SCIENTIFIC_PUBLICATION,5,China,105,PENDING_SME_REVIEW,NOT_REVIEWED,NOT_MLR_REVIEWED,2026-09-23T11:59:04.536685+00:00,True
CAND_BD7C6E187BD0,EFFICACY,"The PFS rate by INV at 18 months was 88.9% (95% CI, 75.3, 95.2) with zanubrutinib vs.",DRUG_ZANUBRUTINIB,DOC_5D2D931F3757,CHK_65D5537BED80,s00277-024-05823-8 (1).pdf,SCIENTIFIC_PUBLICATION,5,China,115,PENDING_SME_REVIEW,NOT_REVIEWED,NOT_MLR_REVIEWED,2026-09-23T11:59:04.536685+00:00,True
CAND_5D08262071AB,EFFICACY,"Median PFS by INV was not reached in the zanubrutinib group and was 32.1 months (95% CI, 21.4, not evaluable) in the ibrutinib",DRUG_ZANUBRUTINIB,DOC_5D2D931F3757,CHK_65D5537BED80,s00277-024-05823-8 (1).pdf,SCIENTIFIC_PUBLICATION,5,China,115,PENDING_SME_REVIEW,NOT_REVIEWED,NOT_MLR_REVIEWED,2026-09-23T11:59:04.536685+00:00,True
CAND_24846D575EC2,EFFICACY,"Median PFS by INV was not reached in the zanubrutinib group and was 32.1 months (95% CI, 21.4, not evaluable) in the ibrutinib group.",DRUG_ZANUBRUTINIB,DOC_5D2D931F3757,CHK_BDFC900E99A9,s00277-024-05823-8 (1).pdf,SCIENTIFIC_PUBLICATION,5,China,115,PENDING_SME_REVIEW,NOT_REVIEWED,NOT_MLR_REVIEWED,2026-09-23T11:59:04.536685+00:00,True
CAND_EF5825D2E8A2,EFFICACY,3 PFS by INV (a) and OS (b) in the Chinese subgroup (ITT).,DRUG_ZANUBRUTINIB,DOC_5D2D931F3757,CHK_BDFC900E99A9,s00277-024-05823-8 (1).pdf,SCIENTIFIC_PUBLICATION,5,China,105,PENDING_SME_REVIEW,NOT_REVIEWED,NOT_MLR_REVIEWED,2026-09-23T11:59:04.536685+00:00,True
CAND_ACD6B95D5970,EFFICACY,"INV, investigator assessment; ITT, intent-to-treat; OS, overall survival; PFS, progression-free survival Fig.",DRUG_ZANUBRUTINIB,DOC_5D2D931F3757,CHK_BDFC900E99A9,s00277-024-05823-8 (1).pdf,SCIENTIFIC_PUBLICATION,5,China,105,PENDING_SME_REVIEW,NOT_REVIEWED,NOT_MLR_REVIEWED,2026-09-23T11:59:04.536685+00:00,True
CAND_C254117FE60C,EFFICACY,"CR, complete response; CRi, complete response with incomplete bone marrow recovery; DC, discontinued prior to first assessment; INV, investigator assessment; ITT, intent-to-treat; NA, not assessed; NE, not evaluable; nPR, nodular partial response; ORR, overall response rate; PD, progressive disease; PR, partial response; PR-L, partial response with lymphocytosis; SD, stable disease 1 3 4187",DRUG_ZANUBRUTINIB,DOC_5D2D931F3757,CHK_BDFC900E99A9,s00277-024-05823-8 (1).pdf,SCIENTIFIC_PUBLICATION,5,China,105,PENDING_SME_REVIEW,NOT_REVIEWED,NOT_MLR_REVIEWED,2026-09-23T11:59:04.536685+00:00,True
CAND_87B072B6E0F0,SAFETY,"The most common fatal TEAEs were infections and infestations, which occurred in 2 patients (4.4%) in the zanubrutinib group and 1 patient (2.3%) in the ibrutinib group.",DRUG_ZANUBRUTINIB,DOC_5D2D931F3757,CHK_8A6228B4A220,s00277-024-05823-8 (1).pdf,SCIENTIFIC_PUBLICATION,6,China,105,PENDING_SME_REVIEW,NOT_REVIEWED,NOT_MLR_REVIEWED,2026-09-23T11:59:04.536685+00:00,True
CAND_574530E95603,SAFETY,"39.5%), atrial fibrillation/flutter (0% vs.",DRUG_ZANUBRUTINIB,DOC_5D2D931F3757,CHK_8A6228B4A220,s00277-024-05823-8 (1).pdf,SCIENTIFIC_PUBLICATION,6,China,105,PENDING_SME_REVIEW,NOT_REVIEWED,NOT_MLR_REVIEWED,2026-09-23T11:59:04.536685+00:00,False
CAND_17DB93A694E7,SAFETY,"4.7%), infections of any kind (77.8% vs.",DRUG_ZANUBRUTINIB,DOC_5D2D931F3757,CHK_8A6228B4A220,s00277-024-05823-8 (1).pdf,SCIENTIFIC_PUBLICATION,6,China,105,PENDING_SME_REVIEW,NOT_REVIEWED,NOT_MLR_REVIEWED,2026-09-23T11:59:04.536685+00:00,False
CAND_4C3E8B8DFE86,SAFETY,No Grade ≥ 3 atrial fibril­ lation/flutter or hemorrhage occurred in either group.,DRUG_ZANUBRUTINIB,DOC_5D2D931F3757,CHK_329696EEFE40,s00277-024-05823-8 (1).pdf,SCIENTIFIC_PUBLICATION,6,China,95,PENDING_SME_REVIEW,NOT_REVIEWED,NOT_MLR_REVIEWED,2026-09-23T11:59:04.536685+00:00,True
CAND_48377954DE54,SAFETY,Oppor­ tunistic infections of any grade occurred in 1 patient (2.2%) in the zanubrutinib group vs.,DRUG_ZANUBRUTINIB,DOC_5D2D931F3757,CHK_329696EEFE40,s00277-024-05823-8 (1).pdf,SCIENTIFIC_PUBLICATION,6,China,105,PENDING_SME_REVIEW,NOT_REVIEWED,NOT_MLR_REVIEWED,2026-09-23T11:59:04.536685+00:00,True
CAND_2BE068575689,SAFETY,Upper respi­ ratory tract infection (URTI) occurred in 35.6% vs.,DRUG_ZANUBRUTINIB,DOC_5D2D931F3757,CHK_329696EEFE40,s00277-024-05823-8 (1).pdf,SCIENTIFIC_PUBLICATION,6,China,105,PENDING_SME_REVIEW,NOT_REVIEWED,NOT_MLR_REVIEWED,2026-09-23T11:59:04.536685+00:00,True
CAND_494CEEC81162,SAFETY,"31 Table 2 Safety overview in the Chinese subgroup (safety analysis set) TEAEs, n (%) Zanubrutinib (n = 45) Ibrutinib (n = 43) ≥ 1 TEAE 44 (97.8) 42 (97.7) Grade ≥ 3 TEAEs 29 (64.4) 31 (72.1) Serious TEAEs 16 (35.6) 22 (51.2) Leading to dose modification 10 (22.2) 13 (30.2) TEAEs leading to discontinuation 3 (6.7) 6 (14.0) TEAEs leading to death 2 (4.4) 3 (7.0) Non-hematologic TEAEs occurring in ≥ 15% of patients in either arm URTI 16 (35.6) 13 (30.2) Pneumonia 11 (24.4) 13 (30.2) Hyperuricemia 9 (20.0) 10 (23.3) Rash 9 (20.0) 12 (27.9) Hypokalemia 8 (17.8) 5 (11.6) Urinary tract infection 7 (15.6) 3 (7.0) Blood creatinine increased 7 (15.6) 4 (9.3) Diarrhea 6 (13.3) 7 (16.3) Pyrexia 4 (8.9) 7 (16.3) TEAE, treatment-emergent adverse event; URTI, upper respiratory tract infection Table 3 AESI in the Chinese subgroup (safe",DRUG_ZANUBRUTINIB,DOC_5D2D931F3757,CHK_E1D0E92FBB18,s00277-024-05823-8 (1).pdf,SCIENTIFIC_PUBLICATION,6,China,105,PENDING_SME_REVIEW,NOT_REVIEWED,NOT_MLR_REVIEWED,2026-09-23T11:59:04.536685+00:00,True
CAND_879A7313CFCE,SAFETY,"While both the Chi­ nese and the full populations showed lower rates of atrial fibrillation/flutter in the zanubrutinib group vs. the ibru­ tinib group, there were also fewer instances of both atrial fibrillation/flutter and hypertension in the Chinese vs. the full population.",DRUG_ZANUBRUTINIB,DOC_5D2D931F3757,CHK_AE4EA529860E,s00277-024-05823-8 (1).pdf,SCIENTIFIC_PUBLICATION,7,China,95,PENDING_SME_REVIEW,NOT_REVIEWED,NOT_MLR_REVIEWED,2026-09-23T11:59:04.536685+00:00,True
CAND_B168ABE8A0FC,SAFETY,"Compared with the full population, a higher proportion of patients in the Chinese subgroup experienced adverse events of infections (full population: zanubrutinib, 71.3% and ibrutinib, 73.1% [13]; Chinese subgroup: zanubrutinib, 77.8% and ibrutinib, 79.1%).",DRUG_ZANUBRUTINIB,DOC_5D2D931F3757,CHK_AE4EA529860E,s00277-024-05823-8 (1).pdf,SCIENTIFIC_PUBLICATION,7,China,105,PENDING_SME_REVIEW,NOT_REVIEWED,NOT_MLR_REVIEWED,2026-09-23T11:59:04.536685+00:00,True
CAND_549910ED171E,SAFETY,"Other notable differences included a lower incidence of skin cancer and higher incidences of URTI, neutropenia, and thrombocytopenia in the Chinese vs. full population, regardless of treatment group.",DRUG_ZANUBRUTINIB,DOC_5D2D931F3757,CHK_274F000FD13F,s00277-024-05823-8 (1).pdf,SCIENTIFIC_PUBLICATION,7,China,95,PENDING_SME_REVIEW,NOT_REVIEWED,NOT_MLR_REVIEWED,2026-09-23T11:59:04.536685+00:00,True
CAND_7005FC06FAB1,SAFETY,"es included a lower incidence of skin cancer and higher incidences of URTI, neutropenia, and thrombocytopenia in the Chinese vs. full population, regardless of treatment group.",DRUG_ZANUBRUTINIB,DOC_5D2D931F3757,CHK_74F31ECDFED2,s00277-024-05823-8 (1).pdf,SCIENTIFIC_PUBLICATION,7,China,95,PENDING_SME_REVIEW,NOT_REVIEWED,NOT_MLR_REVIEWED,2026-09-23T11:59:04.536685+00:00,True
CAND_7D65DE75EAFE,EFFICACY,"Limitations to the interpretation of this analysis include a Chinese subgroup size that was not powered to draw statisti­ cal conclusions and the need for more time to fully evaluate the OS and PFS findings. characteristics were evident between Chinese patients and the intent-to-treat population of ALPINE, efficacy and safety findings were largely consistent between the 2 groups.",DRUG_ZANUBRUTINIB,DOC_5D2D931F3757,CHK_74F31ECDFED2,s00277-024-05823-8 (1).pdf,SCIENTIFIC_PUBLICATION,7,China,105,PENDING_SME_REVIEW,NOT_REVIEWED,NOT_MLR_REVIEWED,2026-09-23T11:59:04.536685+00:00,True
CAND_668286FC0350,EFFICACY,"Nonetheless, in both populations, the ORR was higher in the zanubruti­ nib vs. ibrutinib group (ORR by INV: Chinese, 80.9% vs.",DRUG_ZANUBRUTINIB,DOC_5D2D931F3757,CHK_BD2F68B8807C,s00277-024-05823-8 (1).pdf,SCIENTIFIC_PUBLICATION,7,China,115,PENDING_SME_REVIEW,NOT_REVIEWED,NOT_MLR_REVIEWED,2026-09-23T11:59:04.536685+00:00,True
CAND_821972817DE5,EFFICACY,PFS rates by both INV and IRC were also higher in the zanubrutinib group vs. the ibru­ tinib group in both the Chinese population and the overall population.,DRUG_ZANUBRUTINIB,DOC_5D2D931F3757,CHK_CD8094A67B8A,s00277-024-05823-8 (1).pdf,SCIENTIFIC_PUBLICATION,7,China,105,PENDING_SME_REVIEW,NOT_REVIEWED,NOT_MLR_REVIEWED,2026-09-23T11:59:04.536685+00:00,True
CAND_EDD0E8CF523E,EFFICACY,The PFS rate with zanubrutinib vs. ibrutinib at 24 months in the Chinese population was 84.1% vs.,DRUG_ZANUBRUTINIB,DOC_5D2D931F3757,CHK_CD8094A67B8A,s00277-024-05823-8 (1).pdf,SCIENTIFIC_PUBLICATION,7,China,115,PENDING_SME_REVIEW,NOT_REVIEWED,NOT_MLR_REVIEWED,2026-09-23T11:59:04.536685+00:00,True
CAND_66970AAE21BD,EFFICACY,"Addi­ tionally, in the subset of patients with del(17p)/TP53 muta­ tion, PFS was favorable in the zanubrutinib group for both the Chinese (HR [INV], 0.49) and the full (HR [INV], 0.53) populations.",DRUG_ZANUBRUTINIB,DOC_5D2D931F3757,CHK_CD8094A67B8A,s00277-024-05823-8 (1).pdf,SCIENTIFIC_PUBLICATION,7,China,105,PENDING_SME_REVIEW,NOT_REVIEWED,NOT_MLR_REVIEWED,2026-09-23T11:59:04.536685+00:00,True
CAND_54F1880D98CD,EFFICACY,"In the Chinese subgroup, zanubrutinib continued to show improved PFS and ORR over ibrutinib, including in high- risk patients.",DRUG_ZANUBRUTINIB,DOC_5D2D931F3757,CHK_AD527B0E212E,s00277-024-05823-8 (1).pdf,SCIENTIFIC_PUBLICATION,8,China,105,PENDING_SME_REVIEW,NOT_REVIEWED,NOT_MLR_REVIEWED,2026-09-23T11:59:04.536685+00:00,True
CAND_3954DF705A35,TRIAL_DESIGN,Circulation 143(21):e984–e1010 Publisher’s Note Springer Nature remains neutral with regard to juris­ dictional claims in published maps and institutional affiliations. and small lymphocytic lymphoma: interim analysis of a random­ ized phase III trial.,DRUG_ZANUBRUTINIB,DOC_5D2D931F3757,CHK_7DE871031528,s00277-024-05823-8 (1).pdf,SCIENTIFIC_PUBLICATION,9,China,75,PENDING_SME_REVIEW,NOT_REVIEWED,NOT_MLR_REVIEWED,2026-09-23T11:59:04.536685+00:00,True
