chunk_id,document_id,file_name,document_type,page_number,page_chunk_index,chunk_sequence,character_count,chunk_text
CHK_A459571ED9D7,DOC_448A3EF9F119,20260913_3e08fe23-d70e-424c-bc51-1222e320f902 (1).pdf,APPROVED_LABEL,1,1,1,1200,"BRUKINSA- zanubrutinib capsule BRUKINSA- zanubrutinib tablet, film coated BeOne Medicines USA, Inc. ---------- HIGHLIGHTS OF PRESCRIBING INFORMATION These highlights do not include all the information needed to use BRUKINSA safely and effectively. See full prescribing information for BRUKINSA. BRUKINSA (zanubrutinib) capsules, for oral use BRUKINSA (zanubrutinib) tablets, for oral use Initial U.S. Approval: 2019 INDICATIONS AND USAGE BRUKINSA is a kinase inhibitor indicated for the treatment of adult patients with: Mantle cell lymphoma (MCL) who have received at least one prior therapy. (1.1) This indication is approved under accelerated approval based on overall response rate. Continued approval for this indication may be contingent upon verification and description of clinical benefit in a confirmatory trial. Waldenström's macroglobulinemia (WM). (1.2) Relapsed or refractory marginal zone lymphoma (MZL) who have received at least one anti–CD20- based regimen. (1.3) This indication is approved under accelerated approval based on overall response rate. Continued approval for this indication may be contingent upon verification and description of clinical benefit in a confirmatory tr"
CHK_2D3B4017A223,DOC_448A3EF9F119,20260913_3e08fe23-d70e-424c-bc51-1222e320f902 (1).pdf,APPROVED_LABEL,1,2,2,1198,"approved under accelerated approval based on overall response rate. Continued approval for this indication may be contingent upon verification and description of clinical benefit in a confirmatory trial. Chronic lymphocytic leukemia (CLL) or small lymphocytic lymphoma (SLL). (1.4) Relapsed or refractory follicular lymphoma (FL), in combination with obinutuzumab, after two or more lines of systemic therapy. (1.5) This indication is approved under accelerated approval based on response rate and durability of response. Continued approval for this indication may be contingent upon verification and description of clinical benefit in a confirmatory trial. DOSAGE AND ADMINISTRATION Recommended dosage: 160 mg orally twice daily or 320 mg orally once daily with or without food; swallow whole with water. Tablets can be split in half as prescribed by the healthcare provider. (2.1) Reduce BRUKINSA dose in patients with severe hepatic impairment. (2.2, 8.7) Advise patients not to open, break, or chew capsules. (2.1) Advise patients not to chew or crush tablets. (2.1) Manage toxicity using treatment interruption, dose reduction, or discontinuation. (2.4) DOSAGE FORMS AND STRENGTHS Capsules: 80"
CHK_A0683D4E2B99,DOC_448A3EF9F119,20260913_3e08fe23-d70e-424c-bc51-1222e320f902 (1).pdf,APPROVED_LABEL,1,3,3,1075,"hew capsules. (2.1) Advise patients not to chew or crush tablets. (2.1) Manage toxicity using treatment interruption, dose reduction, or discontinuation. (2.4) DOSAGE FORMS AND STRENGTHS Capsules: 80 mg. (3) Tablets: 160 mg with functional scoring. (3) CONTRAINDICATIONS None. (4) WARNINGS AND PRECAUTIONS Hemorrhage: Monitor for bleeding and manage appropriately. (5.1) Infections: Monitor patients for signs and symptoms of infection, including opportunistic infections, and treat as needed. (5.2) Cytopenias: Monitor complete blood counts during treatment. (5.3) Second Primary Malignancies: Other malignancies have developed including skin cancers and non-skin carcinomas. Monitor and advise patients to use sun protection. (5.4) Cardiac Arrhythmias: Monitor for signs and symptoms of arrhythmias and manage appropriately. (5.5) Hepatotoxicity, Including Drug-Induced Liver Injury: Monitor hepatic function throughout treatment. (5.6) Embryo-Fetal Toxicity: Can cause fetal harm. Advise women of the potential risk to a fetus and to use effective contraception. (5.7) ® ®"
CHK_FA4EE0CC4AD0,DOC_448A3EF9F119,20260913_3e08fe23-d70e-424c-bc51-1222e320f902 (1).pdf,APPROVED_LABEL,2,1,4,1200,"ADVERSE REACTIONS The most common adverse reactions (≥30%), including laboratory abnormalities, are neutrophil count decreased, platelet count decreased, upper respiratory tract infection, hemorrhage, and musculoskeletal pain. (6.1) To report SUSPECTED ADVERSE REACTIONS, contact BeOne Medicines at 1-877-828-5596 or FDA at 1-800-FDA-1088 or www.fda.gov/medwatch. DRUG INTERACTIONS CYP3A Inhibitors: Modify BRUKINSA dose with moderate or strong CYP3A inhibitors as described. (2.3, 7.1) CYP3A Inducers: Avoid coadministration with strong or moderate CYP3A inducers. Dose adjustment may be recommended with moderate CYP3A inducers. (2.3, 7.1) USE IN SPECIFIC POPULATIONS Lactation: Advise not to breastfeed. (8.2) See 17 for PATIENT COUNSELING INFORMATION and FDA-approved patient labeling. Revised: 7/2026 FULL PRESCRIBING INFORMATION: CONTENTS* 1 INDICATIONS AND USAGE 1.1 Mantle Cell Lymphoma 1.2 Waldenström's Macroglobulinemia 1.3 Marginal Zone Lymphoma 1.4 Chronic Lymphocytic Leukemia or Small Lymphocytic Lymphoma 1.5 Follicular Lymphoma 2 DOSAGE AND ADMINISTRATION 2.1 Recommended Dosage 2.2 Dosage Modification for Use in Hepatic Impairment 2.3 Dosage Modifications for Drug Interactions 2.4"
CHK_1D80558CC4E0,DOC_448A3EF9F119,20260913_3e08fe23-d70e-424c-bc51-1222e320f902 (1).pdf,APPROVED_LABEL,2,2,5,746,"Lymphocytic Lymphoma 1.5 Follicular Lymphoma 2 DOSAGE AND ADMINISTRATION 2.1 Recommended Dosage 2.2 Dosage Modification for Use in Hepatic Impairment 2.3 Dosage Modifications for Drug Interactions 2.4 Dosage Modifications for Adverse Reactions 3 DOSAGE FORMS AND STRENGTHS 4 CONTRAINDICATIONS 5 WARNINGS AND PRECAUTIONS 5.1 Hemorrhage 5.2 Infections 5.3 Cytopenias 5.4 Second Primary Malignancies 5.5 Cardiac Arrhythmias 5.6 Hepatotoxicity, Including Drug-Induced Liver Injury 5.7 Embryo-Fetal Toxicity 6 ADVERSE REACTIONS 6.1 Clinical Trials Experience 6.2 Postmarketing Experience 7 DRUG INTERACTIONS 7.1 Effect of Other Drugs on BRUKINSA 8 USE IN SPECIFIC POPULATIONS 8.1 Pregnancy 8.2 Lactation 8.3 Females and Males of Reproductive Potential"
CHK_3087FAF53FC3,DOC_448A3EF9F119,20260913_3e08fe23-d70e-424c-bc51-1222e320f902 (1).pdf,APPROVED_LABEL,3,1,6,1200,"8.4 Pediatric Use 8.5 Geriatric Use 8.6 Renal Impairment 8.7 Hepatic Impairment 11 DESCRIPTION 12 CLINICAL PHARMACOLOGY 12.1 Mechanism of Action 12.2 Pharmacodynamics 12.3 Pharmacokinetics 13 NONCLINICAL TOXICOLOGY 13.1 Carcinogenesis, Mutagenesis, Impairment of Fertility 14 CLINICAL STUDIES 14.1 Mantle Cell Lymphoma 14.2 Waldenström's Macroglobulinemia 14.3 Marginal Zone Lymphoma 14.4 Chronic Lymphocytic Leukemia or Small Lymphocytic Lymphoma 14.5 Follicular Lymphoma 16 HOW SUPPLIED/STORAGE AND HANDLING 17 PATIENT COUNSELING INFORMATION * FULL PRESCRIBING INFORMATION 1 INDICATIONS AND USAGE 1.1 Mantle Cell Lymphoma BRUKINSA is indicated for the treatment of adult patients with mantle cell lymphoma (MCL) who have received at least one prior therapy. This indication is approved under accelerated approval based on overall response rate [see Clinical Studies (14.1)]. Continued approval for this indication may be contingent upon verification and description of clinical benefit in a confirmatory trial. 1.2 Waldenström's Macroglobulinemia BRUKINSA is indicated for the treatment of adult patients with Waldenström's macroglobulinemia (WM) [see Clinical Studies (14.2)]. 1.3 Marginal Zone Ly"
CHK_BE209D6EED21,DOC_448A3EF9F119,20260913_3e08fe23-d70e-424c-bc51-1222e320f902 (1).pdf,APPROVED_LABEL,3,2,7,716,atory trial. 1.2 Waldenström's Macroglobulinemia BRUKINSA is indicated for the treatment of adult patients with Waldenström's macroglobulinemia (WM) [see Clinical Studies (14.2)]. 1.3 Marginal Zone Lymphoma BRUKINSA is indicated for the treatment of adult patients with relapsed or refractory marginal zone lymphoma (MZL) who have received at least one anti–CD20-based regimen. This indication is approved under accelerated approval based on overall response rate [see Clinical Studies (14.3)]. Continued approval for this indication may be contingent upon verification and description of clinical benefit in a confirmatory trial. Sections or subsections omitted from the full prescribing information are not listed.
CHK_A6C1041C7B26,DOC_448A3EF9F119,20260913_3e08fe23-d70e-424c-bc51-1222e320f902 (1).pdf,APPROVED_LABEL,4,1,8,1200,"1.4 Chronic Lymphocytic Leukemia or Small Lymphocytic Lymphoma BRUKINSA is indicated for the treatment of adult patients with chronic lymphocytic leukemia (CLL) or small lymphocytic lymphoma (SLL) [see Clinical Studies (14.4)]. 1.5 Follicular Lymphoma BRUKINSA is indicated for the treatment of adult patients with relapsed or refractory follicular lymphoma (FL), in combination with obinutuzumab, after two or more lines of systemic therapy. This indication is approved under accelerated approval based on response rate and durability of response [see Clinical Studies (14.5)]. Continued approval for this indication may be contingent upon verification and description of clinical benefit in a confirmatory trial. 2 DOSAGE AND ADMINISTRATION 2.1 Recommended Dosage The recommended dosage of BRUKINSA for monotherapy or in combination with obinutuzumab is 160 mg taken orally twice daily or 320 mg taken orally once daily until disease progression or unacceptable toxicity. Capsule Administration Instructions Administer BRUKINSA capsules with or without food [see Clinical Pharmacology (12.3)]. Advise patients to swallow capsules whole with water and not to open, break, or chew capsules. Tablet Ad"
CHK_790965F5BB58,DOC_448A3EF9F119,20260913_3e08fe23-d70e-424c-bc51-1222e320f902 (1).pdf,APPROVED_LABEL,4,2,9,1200,"tructions Administer BRUKINSA capsules with or without food [see Clinical Pharmacology (12.3)]. Advise patients to swallow capsules whole with water and not to open, break, or chew capsules. Tablet Administration Instructions Administer BRUKINSA tablets with or without food [see Clinical Pharmacology (12.3)]. Advise patients to swallow tablets whole with water and not to chew or crush the tablets. The tablets can be split in half as prescribed by the healthcare provider. Missed Dose If a dose of BRUKINSA is missed, it should be taken as soon as possible on the same day with a return to the normal schedule the following day. 2.2 Dosage Modification for Use in Hepatic Impairment The recommended dosage of BRUKINSA for patients with severe hepatic impairment (Child-Pugh class C) is 80 mg orally twice daily; no dosage modification is recommended for patients with mild or moderate hepatic impairment (Child-Pugh class A or B) [see Use in Specific Populations (8.7) and Clinical Pharmacology (12.3)]. 2.3 Dosage Modifications for Drug Interactions Recommended dosage modifications of BRUKINSA for drug interactions are provided in Table 1 [see Drug Interactions (7.1)]. Table 1: Dosage Modifica"
CHK_09448B4282C4,DOC_448A3EF9F119,20260913_3e08fe23-d70e-424c-bc51-1222e320f902 (1).pdf,APPROVED_LABEL,4,3,10,238,2.3)]. 2.3 Dosage Modifications for Drug Interactions Recommended dosage modifications of BRUKINSA for drug interactions are provided in Table 1 [see Drug Interactions (7.1)]. Table 1: Dosage Modifications for Use with CYP3A Inhibitors or
CHK_B3A5131AD2B4,DOC_448A3EF9F119,20260913_3e08fe23-d70e-424c-bc51-1222e320f902 (1).pdf,APPROVED_LABEL,5,1,11,1200,"Inducers Coadministered Drug Recommended BRUKINSA Dosage (Starting Dose: 160 mg twice daily or 320 mg once daily) * † Clarithromycin 250 mg twice daily 80 mg twice daily Clarithromycin 500 mg twice daily 80 mg once daily Posaconazole suspension 100 mg once daily 80 mg twice daily Posaconazole suspension dosage higher than 100 mg once daily Posaconazole delayed-release tablets 300 mg once daily Posaconazole intravenous 300 mg once daily 80 mg once daily Other strong CYP3A inhibitor 80 mg once daily Moderate CYP3A inhibitor 80 mg twice daily Strong CYP3A inducer Avoid concomitant use. Moderate CYP3A inducer Avoid concomitant use. If these inducers cannot be avoided, increase BRUKINSA dose to 320 mg twice daily. After discontinuation of a CYP3A inhibitor or moderate CYP3A inducer, resume previous dose of BRUKINSA [see Dosage and Administration (2.1, 2.2) and Drug Interactions (7.1)]. 2.4 Dosage Modifications for Adverse Reactions Recommended dosage modifications of BRUKINSA for Grade 3 or higher adverse reactions are provided in Table 2. Table 2: Recommended Dosage Modifications for Adverse Reaction Adverse Reaction Adverse Reaction Occurrence Dosage Modification (Starting Dose: 160 m"
CHK_27C64ACE78FB,DOC_448A3EF9F119,20260913_3e08fe23-d70e-424c-bc51-1222e320f902 (1).pdf,APPROVED_LABEL,5,2,12,831,"higher adverse reactions are provided in Table 2. Table 2: Recommended Dosage Modifications for Adverse Reaction Adverse Reaction Adverse Reaction Occurrence Dosage Modification (Starting Dose: 160 mg twice daily or 320 mg once daily) Hematological toxicities [see Warnings and Precautions (5.3)] Grade 3 or Grade 4 febrile neutropenia Platelet count decreased to First Interrupt BRUKINSA Once toxicity has resolved to Grade 1 or lower or baseline: Resume at 160 mg twice daily Since clarithromycin 250 mg twice daily acts as a moderate CYP3A inhibitor, it is recommended that patients be administered clarithromycin 250 mg twice daily with 80 mg BRUKINSA twice daily [see Clinical Pharmacology (12.3)]. Modify or interrupt zanubrutinib dose as recommended for adverse reactions [see Dosage and Administration (2.4)]. * † † † † † †"
CHK_7CCBF9846C90,DOC_448A3EF9F119,20260913_3e08fe23-d70e-424c-bc51-1222e320f902 (1).pdf,APPROVED_LABEL,6,1,13,1200,"* Platelet count decreased to 25,000-50,000/mm with significant bleeding Neutrophil count decreased to <500/mm (lasting more than 10 consecutive days) Platelet count decreased to <25,000/mm (lasting more than 10 consecutive days) or 320 mg once daily. Second Interrupt BRUKINSA Once toxicity has resolved to Grade 1 or lower or baseline: Resume at 80 mg twice daily or 160 mg once daily. Third Interrupt BRUKINSA Once toxicity has resolved to Grade 1 or lower or baseline: Resume at 80 mg once daily. Fourth Discontinue BRUKINSA Nonhematological toxicities [see Warnings and Precautions (5.5) and Adverse Reactions (6.1)] Severe or life-threatening nonhematological toxicities First Interrupt BRUKINSA Once toxicity has resolved to Grade 1 or lower or baseline: Resume at 160 mg twice daily or 320 mg once daily. Second Interrupt BRUKINSA Once toxicity has resolved to Grade 1 or lower or baseline: Resume at 80 mg twice daily or 160 mg once daily. Third Interrupt BRUKINSA Once toxicity has resolved to Grade 1 or lower or baseline: Resume at 80 mg once daily. Fourth Discontinue BRUKINSA Asymptomatic lymphocytosis in CLL and MCL should not be regarded as an adverse reaction, and these patients sh"
CHK_1AAC5925C9C9,DOC_448A3EF9F119,20260913_3e08fe23-d70e-424c-bc51-1222e320f902 (1).pdf,APPROVED_LABEL,6,2,14,733,"to Grade 1 or lower or baseline: Resume at 80 mg once daily. Fourth Discontinue BRUKINSA Asymptomatic lymphocytosis in CLL and MCL should not be regarded as an adverse reaction, and these patients should continue taking BRUKINSA. Refer to the obinutuzumab prescribing information for management of obinutuzumab toxicities. 3 DOSAGE FORMS AND STRENGTHS Capsules: Each 80 mg capsule is a size 0, white to off-white opaque capsule marked with ""ZANU 80"" in black ink. Tablets: 160 mg, blue, oval, film-coated tablets debossed with ""zanu"" on one side and functional scoring on the other side. 4 CONTRAINDICATIONS None. Evaluate the benefit-risk before resuming treatment at the same dosage for Grade 4 nonhematological toxicity. 3 3 3 * *"
CHK_1C0ABB7B4B7A,DOC_448A3EF9F119,20260913_3e08fe23-d70e-424c-bc51-1222e320f902 (1).pdf,APPROVED_LABEL,7,1,15,1200,"5 WARNINGS AND PRECAUTIONS 5.1 Hemorrhage Fatal and serious hemorrhage has occurred in patients with hematological malignancies treated with BRUKINSA. Grade 3 or higher hemorrhage including intracranial and gastrointestinal hemorrhage, hematuria, and hemothorax was reported in 3.8% of patients treated with BRUKINSA in clinical trials, with fatalities occurring in 0.2% of patients. Bleeding of any grade, excluding purpura and petechiae, occurred in 32% of patients. Bleeding has occurred in patients with and without concomitant antiplatelet or anticoagulation therapy. Coadministration of BRUKINSA with antiplatelet or anticoagulant medications may further increase the risk of hemorrhage. Monitor for signs and symptoms of bleeding. Discontinue BRUKINSA if intracranial hemorrhage of any grade occurs. Consider the benefit-risk of withholding BRUKINSA for 3-7 days before and after surgery depending upon the type of surgery and the risk of bleeding. 5.2 Infections Fatal and serious infections (including bacterial, viral, or fungal infections) and opportunistic infections have occurred in patients with hematological malignancies treated with BRUKINSA. Grade 3 or higher infections occurred i"
CHK_22E2646CA19D,DOC_448A3EF9F119,20260913_3e08fe23-d70e-424c-bc51-1222e320f902 (1).pdf,APPROVED_LABEL,7,2,16,1200,"(including bacterial, viral, or fungal infections) and opportunistic infections have occurred in patients with hematological malignancies treated with BRUKINSA. Grade 3 or higher infections occurred in 26% of patients, most commonly pneumonia (7.9%), with fatal infections occurring in 3.2% of patients. Infections due to hepatitis B virus (HBV) reactivation have occurred. Consider prophylaxis for herpes simplex virus, pneumocystis jirovecii pneumonia, and other infections according to standard of care in patients who are at increased risk for infections. Monitor and evaluate patients for fever or other signs and symptoms of infection and treat appropriately. 5.3 Cytopenias Grade 3 or 4 cytopenias, including neutropenia (21%), thrombocytopenia (8%), and anemia (8%) based on laboratory measurements, developed in patients treated with BRUKINSA [see Adverse Reactions (6.1)]. Grade 4 neutropenia occurred in 10% of patients, and Grade 4 thrombocytopenia occurred in 2.5% of patients. Monitor complete blood counts regularly during treatment and interrupt treatment, reduce the dose, or discontinue treatment as warranted [see Dosage and Administration (2.4)]. Treat using growth factor or tran"
CHK_EC92A998221E,DOC_448A3EF9F119,20260913_3e08fe23-d70e-424c-bc51-1222e320f902 (1).pdf,APPROVED_LABEL,7,3,17,687,"omplete blood counts regularly during treatment and interrupt treatment, reduce the dose, or discontinue treatment as warranted [see Dosage and Administration (2.4)]. Treat using growth factor or transfusions, as needed. 5.4 Second Primary Malignancies Second primary malignancies, including non-skin carcinoma, have occurred in 14% of patients treated with BRUKINSA. The most frequent second primary malignancy was non-melanoma skin cancers (8%), followed by other solid tumors in 7% of the patients (including melanoma in 1% of patients) and hematologic malignancies (0.7%). Advise patients to use sun protection and monitor patients for the development of second primary malignancies."
CHK_8C20195E143A,DOC_448A3EF9F119,20260913_3e08fe23-d70e-424c-bc51-1222e320f902 (1).pdf,APPROVED_LABEL,8,1,18,1200,"5.5 Cardiac Arrhythmias Serious cardiac arrhythmias have occurred in patients treated with BRUKINSA. Atrial fibrillation and atrial flutter were reported in 4.4% of patients treated with BRUKINSA, including Grade 3 or higher cases in 1.9% of patients. Patients with cardiac risk factors, hypertension, and acute infections may be at increased risk. Grade 3 or higher ventricular arrhythmias were reported in 0.3% of patients. Monitor for signs and symptoms of cardiac arrhythmias (e.g., palpitations, dizziness, syncope, dyspnea, chest discomfort), manage appropriately [see Dosage and Administration (2.4)], and consider the risks and benefits of continued BRUKINSA treatment. 5.6 Hepatotoxicity, Including Drug-Induced Liver Injury Hepatotoxicity, including severe, life-threatening, and potentially fatal cases of drug- induced liver injury (DILI), has occurred in patients treated with Bruton tyrosine kinase inhibitors, including BRUKINSA. Evaluate bilirubin and transaminases at baseline and throughout treatment with BRUKINSA. For patients who develop abnormal liver tests after BRUKINSA, monitor more frequently for liver test abnormalities and clinical signs and symptoms of hepatic toxicity"
CHK_41A7F3653686,DOC_448A3EF9F119,20260913_3e08fe23-d70e-424c-bc51-1222e320f902 (1).pdf,APPROVED_LABEL,8,2,19,1200,"roughout treatment with BRUKINSA. For patients who develop abnormal liver tests after BRUKINSA, monitor more frequently for liver test abnormalities and clinical signs and symptoms of hepatic toxicity. If DILI is suspected, withhold BRUKINSA. Upon confirmation of DILI, discontinue BRUKINSA. 5.7 Embryo-Fetal Toxicity Based on findings in animals, BRUKINSA can cause fetal harm when administered to a pregnant woman. Administration of zanubrutinib to pregnant rats during the period of organogenesis caused embryo-fetal toxicity, including malformations at exposures that were 5 times higher than those reported in patients at the recommended dose of 160 mg twice daily. Advise women to avoid becoming pregnant while taking BRUKINSA and for 1 week after the last dose. Advise men to avoid fathering a child during treatment and for 1 week after the last dose. If this drug is used during pregnancy, or if the patient becomes pregnant while taking this drug, the patient should be apprised of the potential hazard to a fetus [see Use in Specific Populations (8.1)]. 6 ADVERSE REACTIONS The following clinically significant adverse reactions are discussed in more detail in other sections of the labeli"
CHK_5D0031D58D00,DOC_448A3EF9F119,20260913_3e08fe23-d70e-424c-bc51-1222e320f902 (1).pdf,APPROVED_LABEL,8,3,20,748,"ntial hazard to a fetus [see Use in Specific Populations (8.1)]. 6 ADVERSE REACTIONS The following clinically significant adverse reactions are discussed in more detail in other sections of the labeling: Hemorrhage [see Warnings and Precautions (5.1)] Infections [see Warnings and Precautions (5.2)] Cytopenias [see Warnings and Precautions (5.3)] Second Primary Malignancies [see Warnings and Precautions (5.4)] Cardiac Arrhythmias [see Warnings and Precautions (5.5)] Hepatotoxicity, including DILI [see Warnings and Precautions (5.6)] 6.1 Clinical Trials Experience Because clinical trials are conducted under widely varying conditions, adverse reaction rates observed in the clinical trials of a drug cannot be directly compared to rates in the"
CHK_5B3687820A13,DOC_448A3EF9F119,20260913_3e08fe23-d70e-424c-bc51-1222e320f902 (1).pdf,APPROVED_LABEL,9,1,21,1200,"clinical trials of another drug and may not reflect the rates observed in practice. The data in the WARNINGS AND PRECAUTIONS reflect exposure to BRUKINSA in nine monotherapy and 2 combination clinical trials, administered at 160 mg twice daily in 1608 patients and at 320 mg once daily in 121 patients. Among these 1729 patients, the median duration of exposure was 27.6 months, 78% of patients were exposed for at least 12 months, and 60% of patients were exposed for at least 24 months. In this pooled safety population, the most common adverse reactions (≥30%), including laboratory abnormalities, were neutrophil count decreased (51%), platelet count decreased (41%), upper respiratory tract infection (38%), hemorrhage (32%), and musculoskeletal pain (31%). Mantle Cell Lymphoma (MCL) The safety of BRUKINSA was evaluated in 118 patients with MCL who received at least one prior therapy in two single-arm clinical trials, BGB-3111-206 [NCT03206970] and BGB-3111-AU-003 [NCT02343120] [see Clinical Studies (14.1)]. The median age of patients who received BRUKINSA in studies BGB-3111-206 and BGB-3111-AU-003 was 62 years (range: 34 to 86), 75% were male, 75% were Asian, 21% were White, and 94% h"
CHK_D64526882A11,DOC_448A3EF9F119,20260913_3e08fe23-d70e-424c-bc51-1222e320f902 (1).pdf,APPROVED_LABEL,9,2,22,1200,"l Studies (14.1)]. The median age of patients who received BRUKINSA in studies BGB-3111-206 and BGB-3111-AU-003 was 62 years (range: 34 to 86), 75% were male, 75% were Asian, 21% were White, and 94% had an ECOG performance status of 0 to 1. Patients had a median of 2 prior lines of therapy (range: 1 to 4). The BGB-3111-206 trial required a platelet count ≥75 × 10 /L and an absolute neutrophil count ≥1 × 10 /L independent of growth factor support, hepatic enzymes ≤2.5 × upper limit of normal, total bilirubin ≤1.5 × ULN. The BGB- 3111-AU-003 trial required a platelet count ≥50 × 10 /L and an absolute neutrophil count ≥1 × 10 /L independent of growth factor support, hepatic enzymes ≤3 × upper limit of normal, total bilirubin ≤1.5 × ULN. Both trials required a creatinine clearance (CLcr) ≥30 mL/min. Both trials excluded patients with prior allogeneic hematopoietic stem cell transplant, exposure to a BTK inhibitor, known infection with HIV, and serologic evidence of active hepatitis B or hepatitis C infection, and patients requiring strong CYP3A inhibitors or strong CYP3A inducers. Patients received BRUKINSA 160 mg twice daily or 320 mg once daily. Among patients receiving BRUKINSA, 79%"
CHK_145CD5379A73,DOC_448A3EF9F119,20260913_3e08fe23-d70e-424c-bc51-1222e320f902 (1).pdf,APPROVED_LABEL,9,3,23,1200,"patitis C infection, and patients requiring strong CYP3A inhibitors or strong CYP3A inducers. Patients received BRUKINSA 160 mg twice daily or 320 mg once daily. Among patients receiving BRUKINSA, 79% were exposed for 6 months or longer, and 68% were exposed for greater than one year. Fatal adverse reactions within 30 days of the last dose of BRUKINSA occurred in 8 (7%) of 118 patients with MCL. Fatal cases included pneumonia in 2 patients and cerebral hemorrhage in one patient. Serious adverse reactions were reported in 36 patients (31%). The most frequent serious adverse reactions that occurred were pneumonia (11%) and hemorrhage (5%). Of the 118 patients with MCL treated with BRUKINSA, 8 (7%) patients discontinued treatment due to adverse reactions in the trials. The most frequent adverse reaction leading to treatment discontinuation was pneumonia (3.4%). One (0.8%) patient experienced an adverse reaction leading to dose reduction (hepatitis B). Table 3 summarizes the adverse reactions in BGB-3111-206 and BGB-3111-AU-003. Table 3: Adverse Reactions (≥10%) in Patients Receiving BRUKINSA in BGB-3111-206 and BGB-3111-AU-003 Trials Body System Adverse Reaction Percent of Patients (N"
CHK_BB2915F77ACA,DOC_448A3EF9F119,20260913_3e08fe23-d70e-424c-bc51-1222e320f902 (1).pdf,APPROVED_LABEL,9,4,24,235,ons in BGB-3111-206 and BGB-3111-AU-003. Table 3: Adverse Reactions (≥10%) in Patients Receiving BRUKINSA in BGB-3111-206 and BGB-3111-AU-003 Trials Body System Adverse Reaction Percent of Patients (N=118) All Grades Grade 3 or 9 9 9 9
CHK_63CECBDF71FC,DOC_448A3EF9F119,20260913_3e08fe23-d70e-424c-bc51-1222e320f902 (1).pdf,APPROVED_LABEL,10,1,25,1200,"% Higher % * † ‡ § ¶ # Þ Infections and infestations Upper respiratory tract infection 39 0 Pneumonia 15 10 Urinary tract infection 11 0.8 Skin and subcutaneous tissue disorders Rash 36 0 Bruising 14 0 Gastrointestinal disorders Diarrhea 23 0.8 Constipation 13 0 Vascular disorders Hypertension 12 3.4 Hemorrhage 11 3.4 Musculoskeletal and connective tissue disorders Musculoskeletal pain 14 3.4 Respiratory, thoracic, and mediastinal disorders Cough 12 0 Other clinically significant adverse reactions that occurred in <10% of patients with mantle cell lymphoma include major hemorrhage (defined as ≥ Grade 3 hemorrhage or CNS hemorrhage of any grade) (5%) and headache (4.2%). Table 4: Selected Laboratory Abnormalities (>20%) in Patients with MCL in Studies BGB-3111-206 and BGB-3111-AU-003 Laboratory Parameter Percent of Patients (N=118) All Grades (%) Grade 3 or 4 (%) Hematologic abnormalities Neutrophils decreased 45 20 Lymphocytosis 41 16 Platelets decreased 40 7 Hemoglobin decreased 27 6 Upper respiratory tract infection includes upper respiratory tract infection, upper respiratory tract infection viral. Pneumonia includes pneumonia, pneumonia fungal, pneumonia cryptococcal, pneumonia"
CHK_3EE71E6938C3,DOC_448A3EF9F119,20260913_3e08fe23-d70e-424c-bc51-1222e320f902 (1).pdf,APPROVED_LABEL,10,2,26,756,"Upper respiratory tract infection includes upper respiratory tract infection, upper respiratory tract infection viral. Pneumonia includes pneumonia, pneumonia fungal, pneumonia cryptococcal, pneumonia streptococcal, atypical pneumonia, lung infection, lower respiratory tract infection, lower respiratory tract infection bacterial, lower respiratory tract infection viral. Includes fatal adverse reaction. Rash includes all related terms containing rash. Bruising includes all related terms containing bruise, bruising, contusion, ecchymosis. Hemorrhage includes all related terms containing hemorrhage, hematoma. Musculoskeletal pain includes musculoskeletal pain, musculoskeletal discomfort, myalgia, back pain, arthralgia, arthritis. * † ‡ § ¶ # ‡ Þ * †"
CHK_0EACA103A7E0,DOC_448A3EF9F119,20260913_3e08fe23-d70e-424c-bc51-1222e320f902 (1).pdf,APPROVED_LABEL,11,1,27,1200,"* † Chemistry abnormalities Blood uric acid increased 29 2.6 ALT increased 28 0.9 Bilirubin increased 24 0.9 Waldenström's Macroglobulinemia (WM) The safety of BRUKINSA was investigated in two cohorts of Study BGB-3111-302 (ASPEN). Cohort 1 included 199 patients with MYD88 mutation (MYD88 ) WM, randomized to and treated with either BRUKINSA (101 patients) or ibrutinib (98 patients). The trial also included a non-randomized arm, Cohort 2, with 26 wild type MYD88 (MYD88 ) WM patients and 2 patients with unknown MYD88 status [see Clinical Studies (14.2)]. Among patients who received BRUKINSA, 93% were exposed for 6 months or longer, and 89% were exposed for greater than 1 year. In Cohort 1 of the ASPEN study safety population (N=101), the median age of patients who received BRUKINSA was 70 years (45-87 years old); 67% were male, 86% were White, 4% were Asian, and 10% were not reported (unknown race). In Cohort 2 of the ASPEN study safety population (N=28), the median age of patients who received BRUKINSA was 72 (39-87 years old); 50% were male, 96% were White, and 4% were not reported (unknown race). In Cohort 1, serious adverse reactions occurred in 44% of patients who received BRUKI"
CHK_94A296B1B9F7,DOC_448A3EF9F119,20260913_3e08fe23-d70e-424c-bc51-1222e320f902 (1).pdf,APPROVED_LABEL,11,2,28,1200,"eceived BRUKINSA was 72 (39-87 years old); 50% were male, 96% were White, and 4% were not reported (unknown race). In Cohort 1, serious adverse reactions occurred in 44% of patients who received BRUKINSA. Serious adverse reactions in >2% of patients included influenza (3%), pneumonia (4%), neutropenia and neutrophil count decreased (3%), hemorrhage (4%), pyrexia (3%), and febrile neutropenia (3%). In Cohort 2, serious adverse reactions occurred in 39% of patients. Serious adverse reactions in >2 patients included pneumonia (14%). Permanent discontinuation of BRUKINSA due to an adverse reaction occurred in 2% of patients in Cohort 1 and included hemorrhage (1 patient), and neutropenia and neutrophil count decreased (1 patient); in Cohort 2, permanent discontinuation of BRUKINSA due to an adverse reaction occurred in 7% of patients and included subdural hemorrhage (1 patient) and diarrhea (1 patient). Dosage interruptions of BRUKINSA due to an adverse reaction occurred in 32% of patients in Cohort 1 and in 29% in Cohort 2. Adverse reactions which required dosage interruption in >2% of patients included neutropenia, vomiting, hemorrhage, thrombocytopenia, and pneumonia in Cohort 1. Ad"
CHK_14492844669E,DOC_448A3EF9F119,20260913_3e08fe23-d70e-424c-bc51-1222e320f902 (1).pdf,APPROVED_LABEL,11,3,29,817,"in Cohort 1 and in 29% in Cohort 2. Adverse reactions which required dosage interruption in >2% of patients included neutropenia, vomiting, hemorrhage, thrombocytopenia, and pneumonia in Cohort 1. Adverse reactions leading to dosage interruption in >2 patients in Cohort 2 included pneumonia and pyrexia. Dose reductions of BRUKINSA due to an adverse reaction occurred in 11% of patients in Cohort 1 and in 7% in Cohort 2. Adverse reactions which required dose reductions in >2% of patients included neutropenia in Cohort 1. Adverse reaction leading to dose reduction occurred in 2 patients in Cohort 2 (each with one event: diarrhea and pneumonia). Table 5 summarizes the adverse reactions in Cohort 1 in ASPEN. Based on laboratory measurements. Asymptomatic lymphocytosis is a known effect of BTK inhibition. MUT WT"
CHK_950A225C62B6,DOC_448A3EF9F119,20260913_3e08fe23-d70e-424c-bc51-1222e320f902 (1).pdf,APPROVED_LABEL,12,1,30,1200,"Table 5: Adverse Reactions (≥10%) Occurring in Patients with WM Who Received BRUKINSA in Cohort 1 Body System Adverse Reaction BRUKINSA (N=101) Ibrutinib (N=98) All Grades (%) Grade 3 or 4 (%) All Grades (%) Grade 3 or 4 (%) * † ‡ § ¶ # Þ Infections and infestations Upper respiratory tract infection 44 0 40 2 Pneumonia 12 4 26 10 Urinary tract infection 11 0 13 2 Gastrointestinal disorders Diarrhea 22 3 34 2 Nausea 18 0 13 1 Constipation 16 0 7 0 Vomiting 12 0 14 1 General disorders Fatigue 31 1 25 1 Pyrexia 16 4 13 2 Edema peripheral 12 0 20 0 Skin and subcutaneous tissue disorders Bruising 20 0 34 0 Rash 29 0 32 0 Pruritus 11 1 6 0 Musculoskeletal and connective tissue disorders Musculoskeletal pain 45 9 39 1 Muscle spasms 10 0 28 1 Nervous system disorders Headache 18 1 14 1 Dizziness 13 1 12 0 Respiratory, thoracic, and mediastinal disorders Cough 16 0 18 0 Dyspnea 14 0 7 0 Vascular disorders Hemorrhage 42 4 43 9 Hypertension 14 9 19 14 Upper respiratory tract infection includes upper respiratory tract infection, laryngitis, nasopharyngitis, sinusitis, rhinitis, viral upper respiratory tract infection, pharyngitis, rhinovirus infection, upper respiratory tract congestion. Pneum"
CHK_4BBD855F57AE,DOC_448A3EF9F119,20260913_3e08fe23-d70e-424c-bc51-1222e320f902 (1).pdf,APPROVED_LABEL,12,2,31,1024,"per respiratory tract infection, laryngitis, nasopharyngitis, sinusitis, rhinitis, viral upper respiratory tract infection, pharyngitis, rhinovirus infection, upper respiratory tract congestion. Pneumonia includes lower respiratory tract infection, lung infiltration, pneumonia, pneumonia aspiration, pneumonia viral. Fatigue includes asthenia, fatigue, lethargy. Bruising includes all related terms containing bruise, contusion, or ecchymosis. Rash includes all related terms rash, maculo-papular rash, erythema, rash erythematous, drug eruption, dermatitis allergic, dermatitis atopic, rash pruritic, dermatitis, photodermatoses, dermatitis acneiform, stasis dermatitis, vasculitic rash, eyelid rash, urticaria, skin toxicity. Musculoskeletal pain includes back pain, arthralgia, pain in extremity, musculoskeletal pain, myalgia, bone pain, spinal pain, musculoskeletal chest pain, neck pain, arthritis, musculoskeletal discomfort. Hemorrhage includes epistaxis, hematuria, conjunctival hemorrhage, hematoma, * † ‡ § ¶ # Þ"
CHK_8887EC953B86,DOC_448A3EF9F119,20260913_3e08fe23-d70e-424c-bc51-1222e320f902 (1).pdf,APPROVED_LABEL,13,1,32,1200,"Clinically relevant adverse reactions in <10% of patients who received BRUKINSA included localized infection, atrial fibrillation or atrial flutter, and hematuria. Table 6 summarizes the laboratory abnormalities in ASPEN. Table 6: Select Laboratory Abnormalities (≥20%) that Worsened from Baseline in Patients with WM Who Received BRUKINSA in Cohort 1 Laboratory Abnormality BRUKINSA Ibrutinib All Grades (%) Grade 3 or 4 (%) All Grades (%) Grade 3 or 4 (%) * † Hematologic abnormalities Neutrophils decreased 50 24 34 9 Platelets decreased 35 8 39 5 Hemoglobin decreased 20 7 20 7 Chemistry abnormalities Glucose increased 45 2.3 33 2.3 Creatinine increased 31 1 21 1 Calcium decreased 27 2 26 0 Potassium increased 24 2 12 0 Phosphate decreased 20 3.1 18 0 Urate increased 16 3.2 34 6 Bilirubin increased 12 1 33 1 Marginal Zone Lymphoma The safety of BRUKINSA was evaluated in 88 patients with previously treated MZL in two single-arm clinical studies, BGB-3111-214 and BGB-3111-AU-003 [see Clinical Studies (14.3)]. The trials required an absolute neutrophil count ≥1 × 10 /L, platelet count ≥50 or ≥75 × 10 /L and adequate hepatic function and excluded patients requiring a strong CYP3A inhibito"
CHK_F2B2A3CC5D9A,DOC_448A3EF9F119,20260913_3e08fe23-d70e-424c-bc51-1222e320f902 (1).pdf,APPROVED_LABEL,13,2,33,1200,"al Studies (14.3)]. The trials required an absolute neutrophil count ≥1 × 10 /L, platelet count ≥50 or ≥75 × 10 /L and adequate hepatic function and excluded patients requiring a strong CYP3A inhibitor or inducer. Patients received BRUKINSA 160 mg twice daily (97%) or 320 mg once daily (3%). The median age in both studies combined was 70 years (range: 37 to 95), 52% were male, 64% were White, and 19% were Asian. Most patients (92%) had an ECOG performance status of 0 to 1. Eighty percent received BRUKINSA for 6 months or longer, and 67% received treatment for more than one year. rectal hemorrhage, periorbital hemorrhage, mouth hemorrhage, post procedural hemorrhage, hemoptysis, skin hemorrhage, hemorrhoidal hemorrhage, ear hemorrhage, eye hemorrhage, hemorrhagic diathesis, periorbital hematoma, subdural hemorrhage, wound hemorrhage, gastric hemorrhage, lower gastrointestinal hemorrhage, spontaneous hematoma, traumatic hematoma, traumatic intracranial hemorrhage, tumor hemorrhage, retinal hemorrhage, hematochezia, diarrhea hemorrhagic, hemorrhage, melena, post-procedural hematoma, subdural hematoma, anal hemorrhage, hemorrhagic disorder, pericardial hemorrhage, postmenopausal hemorr"
CHK_81AA05806CED,DOC_448A3EF9F119,20260913_3e08fe23-d70e-424c-bc51-1222e320f902 (1).pdf,APPROVED_LABEL,13,3,34,455,"al hemorrhage, hematochezia, diarrhea hemorrhagic, hemorrhage, melena, post-procedural hematoma, subdural hematoma, anal hemorrhage, hemorrhagic disorder, pericardial hemorrhage, postmenopausal hemorrhage, stoma site hemorrhage, subarachnoid hemorrhage. * † † Based on laboratory measurements. The denominator used to calculate the rate varied from 86 to 101 based on the number of patients with a baseline value and at least one post-treatment value. 9 9"
CHK_B55AD0284DFD,DOC_448A3EF9F119,20260913_3e08fe23-d70e-424c-bc51-1222e320f902 (1).pdf,APPROVED_LABEL,14,1,35,1200,"Two fatal adverse reactions (2.3%) occurred within 30 days of the last dose of BRUKINSA, including myocardial infarction and a Covid-19–related death. Serious adverse reactions occurred in 40% of patients. The most frequent serious adverse reactions were pyrexia (8%) and pneumonia (7%). Adverse reactions lead to treatment discontinuation in 6% of patients, dose reduction in 2.3%, and dose interruption in 34%. The leading cause of dose modification was respiratory tract infections (13%). Table 7 summarizes selected adverse reactions in BGB-3111-214 and BGB-3111-AU- 003. Table 7: Adverse Reactions Occurring in ≥10% Patients with MZL Who Received BRUKINSA Body System Adverse Reaction BRUKINSA (N=88) All Grades (%) Grade 3 or 4 (%) * † ‡ § ¶ # Þ ß Infections and infestations Upper respiratory tract infection 26 3.4 Urinary tract infection 11 2.3 Pneumonia 10 6 Gastrointestinal disorders Diarrhea 25 3.4 Abdominal pain 14 2.3 Nausea 13 0 Skin and subcutaneous tissue disorders Bruising 24 0 Rash 21 0 Musculoskeletal and connective tissue disorders Musculoskeletal pain 27 1.1 Vascular disorders Hemorrhage 23 1.1 General disorders Fatigue 21 2.3 Respiratory, thoracic, and mediastinal disord"
CHK_1CA9880AB29C,DOC_448A3EF9F119,20260913_3e08fe23-d70e-424c-bc51-1222e320f902 (1).pdf,APPROVED_LABEL,14,2,36,1039,"ash 21 0 Musculoskeletal and connective tissue disorders Musculoskeletal pain 27 1.1 Vascular disorders Hemorrhage 23 1.1 General disorders Fatigue 21 2.3 Respiratory, thoracic, and mediastinal disorders Cough 10 0 Upper respiratory tract infection includes upper respiratory tract infection, nasopharyngitis, sinusitis, tonsillitis, rhinitis, viral upper respiratory tract infection. Urinary tract infection includes urinary tract infection, cystitis, Escherichia urinary tract infection, pyelonephritis, cystitis. Pneumonia includes COVID-19 pneumonia, pneumonia, bronchopulmonary aspergillosis, lower respiratory tract infection, organizing pneumonia. Includes 2 fatalities from COVID-19 pneumonia. Diarrhea includes diarrhea and diarrhea hemorrhagic. Abdominal pain includes abdominal pain, abdominal pain upper, abdominal discomfort. Bruising includes contusion, ecchymosis, increased tendency to bruise, post procedural contusion. Rash includes rash, rash maculo-papular, rash pruritic, dermatitis, dermatitis * † ‡,§ ¶ # Þ ß à è ð ø"
CHK_BE8A16AD4B1D,DOC_448A3EF9F119,20260913_3e08fe23-d70e-424c-bc51-1222e320f902 (1).pdf,APPROVED_LABEL,15,1,37,1200,"à è ð ø Clinically relevant adverse reactions in <10% of patients who received BRUKINSA included peripheral neuropathy, second primary malignancies, dizziness, edema, headache, petechiae, purpura, and atrial fibrillation or flutter. Table 8 summarizes select laboratory abnormalities. Table 8: Select Laboratory Abnormalities (≥20%) that Worsened from Baseline in Patients with MZL Laboratory Abnormality BRUKINSA All Grades (%) Grade 3 or 4 (%) * Hematologic abnormalities Neutrophils decreased 43 15 Platelets decreased 33 10 Lymphocytes decreased 32 8 Hemoglobin decreased 26 6 Chemistry abnormalities Glucose increased 54 4.6 Creatinine increased 34 1.1 Phosphate decreased 27 2.3 Calcium decreased 23 0 ALT increased 22 1.1 Chronic Lymphocytic Leukemia or Small Lymphocytic Lymphoma The safety data described below reflect exposure to BRUKINSA (160 mg twice daily) in 675 patients with CLL from two randomized controlled clinical trials [see Clinical Studies (14.4)]. The trials required patients to be unsuitable for fludarabine, cyclophosphamide, and rituximab (FCR) therapy defined as age ≥65 years, or age 18 to <65 years with either a total Cumulative Illness Rating Scale (CIRS) >6, CLcr 3"
CHK_7F77DC22BEAD,DOC_448A3EF9F119,20260913_3e08fe23-d70e-424c-bc51-1222e320f902 (1).pdf,APPROVED_LABEL,15,2,38,1200,"s to be unsuitable for fludarabine, cyclophosphamide, and rituximab (FCR) therapy defined as age ≥65 years, or age 18 to <65 years with either a total Cumulative Illness Rating Scale (CIRS) >6, CLcr 30 to 69 mL/min, or history of serious or frequent infections. The trial excluded patients with AST or ALT ≥2 times the upper limit of normal (ULN) or bilirubin ≥3 times (ULN) and patients requiring a strong CYP3A inhibitor or inducer. SEQUOIA allergic, dermatitis atopic, dermatitis contact, drug reaction with eosinophilia and systemic symptoms, erythema, photosensitivity reaction, rash erythematous, rash papular, seborrheic dermatitis. Musculoskeletal pain includes back pain, arthralgia, musculoskeletal pain, myalgia, pain in extremity, musculoskeletal chest pain, bone pain, musculoskeletal discomfort, neck pain. Hemorrhage includes epistaxis, hematuria, hemorrhoidal hemorrhage, hematoma, hemoptysis, conjunctival hemorrhage, diarrhea hemorrhagic, hemorrhage urinary tract, mouth hemorrhage, pulmonary hematoma, subcutaneous hematoma, gingival bleeding, melena, upper gastrointestinal hemorrhage. Fatigue includes fatigue, lethargy, asthenia. Cough includes cough and productive cough. * The"
CHK_57EB916BE90C,DOC_448A3EF9F119,20260913_3e08fe23-d70e-424c-bc51-1222e320f902 (1).pdf,APPROVED_LABEL,15,3,39,352,"pulmonary hematoma, subcutaneous hematoma, gingival bleeding, melena, upper gastrointestinal hemorrhage. Fatigue includes fatigue, lethargy, asthenia. Cough includes cough and productive cough. * The denominator used to calculate the rate varied from 87 to 88 based on the number of patients with a baseline value and at least one post-treatment value."
CHK_82585CFCDE50,DOC_448A3EF9F119,20260913_3e08fe23-d70e-424c-bc51-1222e320f902 (1).pdf,APPROVED_LABEL,16,1,40,1200,"The safety of BRUKINSA monotherapy in patients with previously untreated CLL/SLL was evaluated in a randomized, multicenter, open-label, actively controlled trial [see Clinical Studies (14.4)]. Patients without deletion of chromosome 17p13.1 (17p deletion) (Cohort 1) received either BRUKINSA 160 mg twice daily until disease progression or unacceptable toxicity (n=240) or bendamustine plus rituximab (BR) for 6 cycles (n=227). Bendamustine was dosed at 90 mg/m /day intravenously on the first 2 days of each cycle, and rituximab was dosed at 375 mg/m on day 1 of Cycle 1 and 500 mg/m on day 1 of Cycles 2 to 6. Additionally, the same BRUKINSA regimen was evaluated in 111 patients with previously untreated CLL/SLL with 17p deletion in a non-randomized single arm (Cohort 2). Randomized Cohort: Previously Untreated CLL/SLL without 17p Deletion In patients with previously untreated CLL/SLL without 17p deletion, the median age was 70, 62% were male, 89% were White, 2% were Asian, and 2% were Black. Most patients (93%) had an ECOG performance status of 0 to 1. The median duration of exposure to BRUKINSA was 26 months, with 71% exposed for more than 2 years. Serious adverse reactions occurred i"
CHK_4C975C6FC5FD,DOC_448A3EF9F119,20260913_3e08fe23-d70e-424c-bc51-1222e320f902 (1).pdf,APPROVED_LABEL,16,2,41,1200,"k. Most patients (93%) had an ECOG performance status of 0 to 1. The median duration of exposure to BRUKINSA was 26 months, with 71% exposed for more than 2 years. Serious adverse reactions occurred in 36% of patients who received BRUKINSA. Serious adverse reactions that occurred in ≥5% of patients were COVID-19, pneumonia, and second primary malignancy (5% each). Fatal adverse reactions occurred in 11 (4.6%) patients with the leading cause of death being COVID-19 (2.1%). Adverse reactions led to permanent discontinuation of BRUKINSA in 8% of patients, dose reduction in 8%, and dose interruption in 46%. The most common adverse reactions leading to permanent discontinuation were second primary malignancy and COVID-19. The leading causes of dose modification (≥5% of all patients) were respiratory infections (COVID-19, pneumonia) and hemorrhage. Table 9 summarizes select adverse reactions in this randomized cohort. Table 9: Adverse Reactions in ≥10% Patients with Previously Untreated CLL/SLL without 17p Deletion in SEQUOIA CLL/SLL without 17p deletion BRUKINSA (N=240) BR (N=227) System Organ Class Preferred Term All Grades (%) Grade 3 or 4 (%) All Grades (%) Grade 3 or 4 (%) Musculosk"
CHK_819F4030BFA1,DOC_448A3EF9F119,20260913_3e08fe23-d70e-424c-bc51-1222e320f902 (1).pdf,APPROVED_LABEL,16,3,42,455,SLL without 17p Deletion in SEQUOIA CLL/SLL without 17p deletion BRUKINSA (N=240) BR (N=227) System Organ Class Preferred Term All Grades (%) Grade 3 or 4 (%) All Grades (%) Grade 3 or 4 (%) Musculoskeletal and connective tissue disorders Musculoskeletal pain 33 1.7 17 0.4 Infections and infestations Upper respiratory tract infection 28 1.3 15 0.9 Pneumonia 13 5 8 4 Vascular disorders Hemorrhage 27 4 4 0.4 Hypertension 14 7 5 2.6 2 2 2 * † ‡ § ¶ # § Þ
CHK_907F0C55B097,DOC_448A3EF9F119,20260913_3e08fe23-d70e-424c-bc51-1222e320f902 (1).pdf,APPROVED_LABEL,17,1,43,1200,"* † ‡ § ¶ # Þ ß à è ð ø Skin and subcutaneous tissue disorders Rash 24 1.3 30 5 Bruising 24 0 2.6 0 Respiratory, thoracic, and mediastinal disorders Cough 15 0 10 0 Gastrointestinal disorders Diarrhea 14 0.8 12 0.9 Constipation 10 0.4 18 0 Nausea 10 0 33 1.3 General disorders Fatigue 14 1.3 21 1.8 Neoplasms Second primary malignancy 13 6 1.3 0.4 Nervous system disorders Headache 12 0 8 0 Dizziness 11 0.8 5 0 Other clinically significant adverse reactions occurring in <10% of BRUKINSA recipients in this cohort included COVID-19 (9%), edema (8%), abdominal pain (8%), urinary tract infection (7%), and atrial fibrillation or flutter (3.3%). Table 10 summarizes select laboratory abnormalities in this cohort. Table 10: Select Laboratory Abnormalities (≥20%) that Worsened from Baseline in Patients with Previously Untreated CLL/SLL without 17p Deletion in SEQUOIA Laboratory Abnormality BRUKINSA BR All Grades (%) Grade 3 or 4 (%) All Grades (%) Grade 3 or 4 (%) Hematologic abnormalities Neutrophils decreased 37 15 80 53 Musculoskeletal pain: musculoskeletal pain, arthralgia, back pain, pain in extremity, myalgia, neck pain, spinal pain, musculoskeletal discomfort, bone pain. Upper respirato"
CHK_07BDE745B33B,DOC_448A3EF9F119,20260913_3e08fe23-d70e-424c-bc51-1222e320f902 (1).pdf,APPROVED_LABEL,17,2,44,1200,"hils decreased 37 15 80 53 Musculoskeletal pain: musculoskeletal pain, arthralgia, back pain, pain in extremity, myalgia, neck pain, spinal pain, musculoskeletal discomfort, bone pain. Upper respiratory tract infection: upper respiratory tract infection, nasopharyngitis, sinusitis, rhinitis, pharyngitis, upper respiratory tract congestion, laryngitis, tonsillitis and upper respiratory tract inflammation, and related terms. Pneumonia: pneumonia, COVID-19 pneumonia, lower respiratory tract infection, lung infiltration, and related terms including specific types of infection. Includes 3 fatal outcomes. Includes 2 fatal outcomes. Hemorrhage: all terms containing hematoma, hemorrhage, hemorrhagic, and related terms indicative of bleeding. Includes multiple similar adverse reaction terms. Rash: Rash, dermatitis, drug eruption, and related terms. Bruising: all terms containing bruise, bruising, contusion, or ecchymosis. Fatigue: fatigue, asthenia, and lethargy. Second primary malignancy: includes non-melanoma skin cancer, malignant solid tumors (including lung, renal, genitourinary, breast, ovarian, and rectal), and chronic myeloid leukemia. Dizziness: dizziness and vertigo. ß à Þ ¶ è ð §"
CHK_4276974AD637,DOC_448A3EF9F119,20260913_3e08fe23-d70e-424c-bc51-1222e320f902 (1).pdf,APPROVED_LABEL,17,3,45,206,"udes non-melanoma skin cancer, malignant solid tumors (including lung, renal, genitourinary, breast, ovarian, and rectal), and chronic myeloid leukemia. Dizziness: dizziness and vertigo. ß à Þ ¶ è ð § Þ ø *"
CHK_308984AE0858,DOC_448A3EF9F119,20260913_3e08fe23-d70e-424c-bc51-1222e320f902 (1).pdf,APPROVED_LABEL,18,1,46,1199,"* † ‡ Hemoglobin decreased 29 2.5 66 8 Platelets decreased 27 1.7 61 11 Leukocytes increased 21 21 0.4 0.4 Chemistry abnormalities Glucose increased 55 7 67 10 Creatinine increased 22 0.8 18 0.4 Magnesium increased 22 0 14 0.4 Alanine aminotransferase increased 21 2.1 23 2.2 Single-Arm Cohort: Previously Untreated CLL/SLL and 17p Deletion In 111 patients with previously untreated, 17p del CLL/SLL, the median age was 70, 71% were male, 95% were White, and 1% were Asian. Most patients (87%) had an ECOG performance status of 0 to 1. The median duration of exposure to BRUKINSA was 30 months. Fatal adverse reactions occurred in 3 (2.7%) patients, including pneumonia, renal insufficiency, and aortic dissection (1 patient each). Serious adverse reactions occurred in 41% of patients treated with BRUKINSA. Serious adverse reactions reported in ≥5% of patients were pneumonia (8%) and second primary malignancy (7%). Adverse reactions led to treatment discontinuation in 5% of patients, dose reduction in 5%, and dose interruption in 51%. The leading causes of dose modification (≥5% of all patients) were pneumonia, neutropenia, second primary malignancy, and diarrhea. Table 11 summarizes select"
CHK_B65E0977FF34,DOC_448A3EF9F119,20260913_3e08fe23-d70e-424c-bc51-1222e320f902 (1).pdf,APPROVED_LABEL,18,2,47,971,"ion in 5%, and dose interruption in 51%. The leading causes of dose modification (≥5% of all patients) were pneumonia, neutropenia, second primary malignancy, and diarrhea. Table 11 summarizes select adverse reactions in this cohort. Table 11: Adverse Reactions in ≥10% of Patients with Previously Untreated CLL/SLL and 17p Deletion in SEQUOIA CLL/SLL with 17p Deletion BRUKINSA (N=111) System Organ Class Preferred Term All Grades (%) Grade 3 or 4 (%) Infections and infestations Upper respiratory tract infection 38 0 Pneumonia 20 8 Musculoskeletal and connective tissue disorders Musculoskeletal pain 38 2.7 Skin and subcutaneous tissue disorders Rash 28 0 Bruising 26 0.9 The denominator used to calculate the rate was 239 in the BRUKINSA arm and 227 in the BR arm, based on the number of patients with a baseline value and at least one post-treatment value. Grading is based on NCI CTCAE criteria. Lymphocytes increased in 15%. Nonfasting conditions. † ‡ * † ‡ § ¶ #"
CHK_4AE67CA80F60,DOC_448A3EF9F119,20260913_3e08fe23-d70e-424c-bc51-1222e320f902 (1).pdf,APPROVED_LABEL,19,1,48,1200,"* † ‡ § ¶ # Þ ß à è ð Vascular disorders Hemorrhage 28 4.5 Hypertension 11 5.4 Neoplasms Second primary malignancy 22 6 Gastrointestinal disorders Diarrhea 18 0.9 Nausea 16 0 Constipation 15 0 Abdominal pain 12 1.8 Respiratory, thoracic, and mediastinal disorders Cough 18 0 Dyspnea 13 0 General disorders and administration site conditions Fatigue 14 0.9 Nervous system disorders Headache 11 1.8 Clinically significant adverse reactions occurring in <10% of BRUKINSA recipients in this cohort included urinary tract infection (8%), edema (7%), atrial fibrillation or flutter (4.5%), and COVID-19 (3.6%). Table 12 summarizes select laboratory abnormalities in this cohort. Table 12: Select Laboratory Abnormalities (≥20%) that Worsened from Baseline in Patients with Previously Untreated CLL/SLL and 17p Deletion in SEQUOIA Laboratory Abnormality BRUKINSA All Grades (%) Grade 3 or 4 (%) Hematologic abnormalities Neutrophils decreased 42 19 Hemoglobin decreased 26 3.6 Upper respiratory tract infection: upper respiratory tract infection, nasopharyngitis, sinusitis, rhinitis, pharyngitis, upper respiratory tract congestion, upper respiratory tract inflammation, viral upper respiratory tract infec"
CHK_7193C98CB75F,DOC_448A3EF9F119,20260913_3e08fe23-d70e-424c-bc51-1222e320f902 (1).pdf,APPROVED_LABEL,19,2,49,1094,"ion: upper respiratory tract infection, nasopharyngitis, sinusitis, rhinitis, pharyngitis, upper respiratory tract congestion, upper respiratory tract inflammation, viral upper respiratory tract infection, and related terms. Pneumonia: pneumonia, COVID-19 pneumonia, lower respiratory tract infection, and related terms including specific types of infection. Includes 1 fatal outcome. Musculoskeletal pain: musculoskeletal pain, arthralgia, back pain, pain in extremity, myalgia, neck pain, bone pain. Rash: Rash, dermatitis, toxic skin eruption, and related terms. Bruising: all terms containing bruise, bruising, contusion, or ecchymosis. Hemorrhage: all terms containing hematoma, hemorrhage, hemorrhagic, and related terms indicative of bleeding. Second primary malignancy: includes non-melanoma skin cancer, malignant solid tumors (including bladder, lung, renal, breast, prostate, ovarian, pelvis, and ureter), and malignant melanoma. Includes non-melanoma skin cancer in 13%. Includes multiple similar adverse reaction terms. Fatigue: fatigue, asthenia, and lethargy. Þ è ß à è è è ð * †"
CHK_F001D0CFFB28,DOC_448A3EF9F119,20260913_3e08fe23-d70e-424c-bc51-1222e320f902 (1).pdf,APPROVED_LABEL,20,1,50,1200,"* † ‡ Platelets decreased 23 0.9 Chemistry abnormalities Glucose increased 52 6 Magnesium increased 31 0 Creatinine increased 27 0.9 ALPINE The safety of BRUKINSA monotherapy was evaluated in patients with previously treated CLL/SLL in a randomized, multicenter, open-label, actively controlled trial [see Clinical Studies (14.4)]. In ALPINE, 324 patients received BRUKINSA monotherapy, 160 mg orally twice daily and 324 patients received ibrutinib monotherapy, 420 mg orally daily until disease progression or unacceptable toxicity. In ALPINE, the median duration of exposure was 24 months for BRUKINSA. Adverse reactions leading to death in the BRUKINSA arm occurred in 24 (7%) patients. Adverse reactions leading to death that occurred in >1% of patients were pneumonia (2.8%) and COVID-19 infection (1.9%). One hundred and four patients in the BRUKINSA arm (32%) reported ≥1 serious adverse reaction. Serious adverse reactions occurring in ≥5% of patients were pneumonia (10%), COVID-19 (7%), and second primary malignancies (5%). Adverse reactions led to treatment discontinuation in 13% of patients, dose reduction in 11%, and dose interruption in 42%. The leading cause of treatment discontinu"
CHK_8DDFEA332847,DOC_448A3EF9F119,20260913_3e08fe23-d70e-424c-bc51-1222e320f902 (1).pdf,APPROVED_LABEL,20,2,51,1126,"second primary malignancies (5%). Adverse reactions led to treatment discontinuation in 13% of patients, dose reduction in 11%, and dose interruption in 42%. The leading cause of treatment discontinuation was pneumonia. The leading causes of dose modification (≥5% of all patients) were respiratory infections (COVID-19, pneumonia) and neutropenia. Table 13 summarizes select adverse reactions in ALPINE. Table 13: Adverse Reactions in ≥10% of Patients with Relapsed or Refractory CLL/SLL Who Received BRUKINSA in ALPINE System Organ Class Preferred Term BRUKINSA (N=324) Ibrutinib (N=324) All Grades (%) Grade 3 or 4 (%) All Grades (%) Grade 3 or 4 (%) Infections and infestations Upper respiratory tract infection 27 1.2 22 1.2 Pneumonia 18 9 19 11 COVID-19 14 7 10 4.6 Musculoskeletal and connective tissue disorders Musculoskeletal pain 26 0.6 28 0.6 Vascular disorders The denominator used to calculate the rate varied from 110 to 111 based on the number of patients with a baseline value and at least one post-treatment value. Grading is based on NCI CTCAE criteria. Grade 4, 9%. Nonfasting conditions. ‡ * † ‡ § ¶ ‡ § #"
CHK_8190DF01AAC7,DOC_448A3EF9F119,20260913_3e08fe23-d70e-424c-bc51-1222e320f902 (1).pdf,APPROVED_LABEL,21,1,52,1200,"* † ‡ § ¶ # Þ ß à è ð Hemorrhage 24 2.5 26 3.7 Hypertension 19 13 20 13 Skin and subcutaneous tissue disorders Rash 20 1.2 21 0.9 Bruising 16 0 14 0 Gastrointestinal disorders Diarrhea 14 1.5 22 0.9 General disorders Fatigue 13 0.9 14 0.9 Respiratory, thoracic, and mediastinal disorders Cough 11 0.3 11 0 Nervous system disorders Dizziness 10 0 7 0 Clinically relevant adverse reactions in <10% of patients who received BRUKINSA included urinary tract infection (9%), supraventricular arrhythmias (9%) including atrial fibrillation or flutter (4.6%), abdominal pain (8%), headache (8%), pruritus (6.2%), constipation (5.9%), and edema (4.6%). Table 14 summarizes select laboratory abnormalities in ALPINE. Table 14: Select Laboratory Abnormalities (≥20%) that Worsened from Baseline in Patients Who Received BRUKINSA in ALPINE Laboratory Abnormality BRUKINSA Ibrutinib All Grades (%) Grade 3 or 4 (%) All Grades (%) Grade 3 or 4 (%) Hematologic abnormalities Neutrophils decreased 43 15 33 16 Hemoglobin decreased 28 4 32 3.7 Lymphocytes increased 24 19 26 19 Platelets decreased 22 4 24 3.4 Upper respiratory tract infection: upper respiratory tract infection, sinusitis, pharyngitis, rhinitis, nas"
CHK_BA8DDA8FDE44,DOC_448A3EF9F119,20260913_3e08fe23-d70e-424c-bc51-1222e320f902 (1).pdf,APPROVED_LABEL,21,2,53,1199,"obin decreased 28 4 32 3.7 Lymphocytes increased 24 19 26 19 Platelets decreased 22 4 24 3.4 Upper respiratory tract infection: upper respiratory tract infection, sinusitis, pharyngitis, rhinitis, nasopharyngitis, laryngitis, tonsillitis, and related terms. Pneumonia: Pneumonia, COVID-19 pneumonia, lower respiratory tract infection, lung infiltration, and related terms including specific types of infection. Includes fatal outcomes: pneumonia (9 patients), COVID-19 (8 patients), and hemorrhage (1 patient). Includes fatal outcomes: pneumonia (10 patients), COVID-19 (9 patients), and hemorrhage (2 patients). COVID-19: COVID-19, COVID-19 pneumonia, postacute COVID-19 syndrome, SARS-CoV-2 test positive. Musculoskeletal pain: musculoskeletal pain, arthralgia, back pain, pain in extremity, myalgia, neck pain, spinal pain, bone pain, and musculoskeletal discomfort. Hemorrhage: all terms containing hematoma, hemorrhage, hemorrhagic, and related terms indicative of bleeding. Includes multiple similar adverse reaction terms. Rash: Rash, Dermatitis, and related terms. Bruising: all terms containing bruise, bruising, contusion, or ecchymosis. Fatigue: asthenia, fatigue, lethargy. Þ ‡ § ß à è ð"
CHK_63D5BC4153C5,DOC_448A3EF9F119,20260913_3e08fe23-d70e-424c-bc51-1222e320f902 (1).pdf,APPROVED_LABEL,21,3,54,205,"milar adverse reaction terms. Rash: Rash, Dermatitis, and related terms. Bruising: all terms containing bruise, bruising, contusion, or ecchymosis. Fatigue: asthenia, fatigue, lethargy. Þ ‡ § ß à è ð ß ß *"
CHK_7930B1ACCBC3,DOC_448A3EF9F119,20260913_3e08fe23-d70e-424c-bc51-1222e320f902 (1).pdf,APPROVED_LABEL,22,1,55,1199,"* Chemistry abnormalities Glucose increased 52 5 29 2.8 Creatinine increased 26 0 23 0 Phosphate decreased 21 2.5 13 2.2 Calcium decreased 21 0.6 29 0 Follicular Lymphoma The safety of BRUKINSA in combination with obinutuzumab was evaluated in 143 adult patients with relapsed or refractory follicular lymphoma (FL) in study BGB-3111-212 (ROSEWOOD), a randomized, multicenter, open-label trial [see Clinical Studies (14.5)]. The trial required an absolute neutrophil count ≥1 × 10 /L, platelet count ≥50 × 10 /L, and CLcr ≥30 mL/min and excluded patients requiring a strong CYP3A inhibitor or inducer. Patients were randomized to receive either BRUKINSA 160 mg twice daily until disease progression or unacceptable toxicity plus obinutuzumab (n=143) or obinutuzumab monotherapy (n=71). Obinutuzumab was dosed at 1,000 mg intravenously on Days 1, 8, and 15 of Cycle 1; on Day 1 of Cycles 2 to 6; and then every 8 weeks for up to 20 doses. At the discretion of the investigator, obinutuzumab was administered intravenously on Day 1 (100 mg) and on Day 2 (900 mg) of Cycle 1 instead of 1,000 mg on Day 1 of Cycle 1. In patients who received BRUKINSA in combination with obinutuzumab, the median age was"
CHK_8BB5C94EAFA9,DOC_448A3EF9F119,20260913_3e08fe23-d70e-424c-bc51-1222e320f902 (1).pdf,APPROVED_LABEL,22,2,56,1200,"stered intravenously on Day 1 (100 mg) and on Day 2 (900 mg) of Cycle 1 instead of 1,000 mg on Day 1 of Cycle 1. In patients who received BRUKINSA in combination with obinutuzumab, the median age was 63, 49% were female, 63% were White, and 21% were Asian. Most patients (97%) had an ECOG performance status of 0 to 1. The median duration of BRUKINSA treatment was 12 months, with 24% of patients treated for at least 2 years. Serious adverse reactions occurred in 35% of patients who received BRUKINSA in combination with obinutuzumab. Serious adverse reactions in ≥5% of patients included pneumonia (11%) and COVID-19 (10%). Fatal adverse reactions occurred in 4.2% of patients, with the leading cause of death being COVID-19 (2.1%). Adverse reactions led to permanent discontinuation of BRUKINSA in 17% of patients, dose reduction in 9%, and dose interruption in 40%. Adverse reactions leading to permanent discontinuation in ≥2% of patients were pneumonia, COVID-19, and second primary malignancy. The leading causes of BRUKINSA dosage modification (42% of all patients) were pneumonia, COVID-19, thrombocytopenia, and neutropenia. Table 15 summarizes adverse reactions in BGB-3111-212. Table 15:"
CHK_84F0E31C4F9C,DOC_448A3EF9F119,20260913_3e08fe23-d70e-424c-bc51-1222e320f902 (1).pdf,APPROVED_LABEL,22,3,57,686,". The leading causes of BRUKINSA dosage modification (42% of all patients) were pneumonia, COVID-19, thrombocytopenia, and neutropenia. Table 15 summarizes adverse reactions in BGB-3111-212. Table 15: Adverse Reactions in ≥10% of Patients with Relapsed or Refractory FL Who Received BRUKINSA in Study BGB-3111-212 System Organ Class Preferred Term BGB-3111-212 BRUKINSA + Obinutuzumab (N=143) Obinutuzumab (N=71) Grade 3 Grade 3 The denominator used to calculate the rate was 321 in the BRUKINSA arm, and varied from 320 to 321 in the ibrutinib arm, based on the number of patients with a baseline value and at least one post-treatment value. Grading is based on NCI CTCAE criteria. 9 9"
CHK_BD7E01E3DDED,DOC_448A3EF9F119,20260913_3e08fe23-d70e-424c-bc51-1222e320f902 (1).pdf,APPROVED_LABEL,23,1,58,1200,"All Grades (%) Grade 3 or 4 (%) All Grades (%) Grade 3 or 4 (%) * † ‡ § ¶ # Þ ß à è General disorders and administration site conditions Fatigue 27 1.4 25 1.4 Pyrexia 13 0 20 0 Musculoskeletal and connective tissue disorders Musculoskeletal pain 22 3.5 23 1.4 Vascular disorders Hemorrhage 20 1.4 10 1.4 Gastrointestinal disorders Diarrhea 18 2.8 17 1.4 Constipation 13 0 9 0 Abdominal pain 11 2.1 11 0 Infections and infestations Upper respiratory tract infection 17 2.8 10 0 Pneumonia 15 13 11 7 COVID-19 13 9 11 4.2 Herpes virus infection 11 2.1 1.4 0 Urinary tract infection 10 1.4 7 0 Respiratory, thoracic, and mediastinal disorders Cough 14 0 14 0 Dyspnea 11 2.1 13 0 Skin and subcutaneous tissue disorders Rash 11 0 14 0 Clinically relevant adverse reactions in <10% of patients who received BRUKINSA in combination with obinutuzumab included bruising, edema, pruritus, petechiae, vomiting, headache, arthralgia, hypertension, sepsis, cardiac arrhythmias, renal insufficiency, febrile neutropenia, transaminase elevation, and pneumonitis. Includes multiple related terms. Fatigue: Fatigue, asthenia, and lethargy. Musculoskeletal pain: Back pain, musculoskeletal pain, musculoskeletal discomf"
CHK_A2F7EC87CB88,DOC_448A3EF9F119,20260913_3e08fe23-d70e-424c-bc51-1222e320f902 (1).pdf,APPROVED_LABEL,23,2,59,1200,"enia, transaminase elevation, and pneumonitis. Includes multiple related terms. Fatigue: Fatigue, asthenia, and lethargy. Musculoskeletal pain: Back pain, musculoskeletal pain, musculoskeletal discomfort, noncardiac chest pain, neck pain, pain in extremity, myalgia, spinal pain, bone pain, arthralgia, and related terms. Hemorrhage: All terms containing hematoma, hemorrhage, hemorrhagic, and related terms indicative of bleeding. Upper respiratory tract infection: Upper respiratory tract infection, sinusitis, pharyngitis, laryngitis, rhinitis, nasopharyngitis, laryngopharyngitis, tonsillitis bacterial, and related terms. Pneumonia: Pneumonia, COVID-19 pneumonia, lung infiltration, lung consolidation, and related terms including specific types of infection. Includes fatal outcomes: COVID-19 (3 patients), pneumonia (2 patients), dyspnea (1 patient). Herpes virus infection: Herpes viral infection, herpes zoster, herpes simplex, herpes simplex reactivation, varicella, and Epstein-Barr viremia. Urinary tract infection: Urinary tract infection, cystitis, pyelonephritis, and related terms. Rash: Rash, erythema, dermatitis, drug eruption, skin reaction, and related terms. *,† *,‡ *,§ * *,¶ *"
CHK_A98201B4B776,DOC_448A3EF9F119,20260913_3e08fe23-d70e-424c-bc51-1222e320f902 (1).pdf,APPROVED_LABEL,23,3,60,222,"a. Urinary tract infection: Urinary tract infection, cystitis, pyelonephritis, and related terms. Rash: Rash, erythema, dermatitis, drug eruption, skin reaction, and related terms. *,† *,‡ *,§ * *,¶ *,#,Þ *,Þ ß à * *,Þ *,è"
CHK_5F14176F27EA,DOC_448A3EF9F119,20260913_3e08fe23-d70e-424c-bc51-1222e320f902 (1).pdf,APPROVED_LABEL,24,1,61,1200,"Table 16: Select Laboratory Abnormalities (≥20%) that Worsened from Baseline in Patients Who Received BRUKINSA in Study BGB- 3111-212 Laboratory Abnormality BGB-3111-212 BRUKINSA + Obinutuzumab Obinutuzumab All Grades (%) Grade 3 or 4 (%) All Grades (%) Grade 3 or 4 (%) * † Hematologic abnormalities Platelets decreased 65 11 43 11 Neutrophils decreased 47 17 42 14 Hemoglobin decreased 31 0.8 23 0 Lymphocytes decreased 30 11 51 25 Chemistry Glucose increased 53 8 41 9 Alanine aminotransferase increased 23 0 28 0 Phosphate decreased 21 0.8 14 0 6.2 Postmarketing Experience The following adverse reactions have been identified during postapproval use of BRUKINSA. Because these reactions are reported voluntarily from a population of uncertain size, it is not always possible to reliably estimate their frequency or establish a causal relationship to drug exposure. Hepatobiliary disorder: drug-induced liver injury 7 DRUG INTERACTIONS 7.1 Effect of Other Drugs on BRUKINSA Table 17: Drug Interactions that Affect Zanubrutinib Moderate and Strong CYP3A Inhibitors Clinical Impact Coadministration with a moderate or strong CYP3A inhibitor increases zanubrutinib C and AUC [see Clinical Pharmacolo"
CHK_93FAE59D8DC1,DOC_448A3EF9F119,20260913_3e08fe23-d70e-424c-bc51-1222e320f902 (1).pdf,APPROVED_LABEL,24,2,62,644,"tions that Affect Zanubrutinib Moderate and Strong CYP3A Inhibitors Clinical Impact Coadministration with a moderate or strong CYP3A inhibitor increases zanubrutinib C and AUC [see Clinical Pharmacology (12.3)] which may increase the risk of BRUKINSA toxicities. Prevention or Reduce BRUKINSA dosage when coadministered with moderate or strong * The denominator used to calculate the rate was 122 in the BRUKINSA + obinutuzumab arm, and varied from 56 to 58 in the obinutuzumab arm, based on the number of patients with a baseline value and at least one post-treatment value. Grading is based on NCI CTCAE criteria. Nonfasting conditions. † max"
CHK_1C2AAAB98BB3,DOC_448A3EF9F119,20260913_3e08fe23-d70e-424c-bc51-1222e320f902 (1).pdf,APPROVED_LABEL,25,1,63,1200,"Prevention or management CYP3A inhibitors [see Dosage and Administration (2.3)]. Moderate and Strong CYP3A Inducers Clinical Impact Coadministration with a moderate or strong CYP3A inducer decreases zanubrutinib C and AUC [see Clinical Pharmacology (12.3)] which may reduce BRUKINSA efficacy. Prevention or management Avoid coadministration of BRUKINSA with strong CYP3A inducers [see Dosage and Administration (2.3)]. Avoid coadministration of BRUKINSA with moderate CYP3A inducers [see Dosage and Administration (2.3)]. If these inducers cannot be avoided, increase BRUKINSA dosage to 320 mg twice daily [see Dosage and Administration (2.3)]. 8 USE IN SPECIFIC POPULATIONS 8.1 Pregnancy Risk Summary Based on findings in animals, BRUKINSA can cause fetal harm when administered to pregnant women. There are no available data on BRUKINSA use in pregnant women to evaluate for a drug-associated risk of major birth defects, miscarriage, or adverse maternal or fetal outcomes. In animal reproduction studies, oral administration of zanubrutinib to pregnant rats during the period of organogenesis was associated with fetal heart malformation at approximately 5-fold human exposures (see Data). Women s"
CHK_A23674DE9515,DOC_448A3EF9F119,20260913_3e08fe23-d70e-424c-bc51-1222e320f902 (1).pdf,APPROVED_LABEL,25,2,64,1200,"tudies, oral administration of zanubrutinib to pregnant rats during the period of organogenesis was associated with fetal heart malformation at approximately 5-fold human exposures (see Data). Women should be advised to avoid pregnancy while taking BRUKINSA. If BRUKINSA is used during pregnancy, or if the patient becomes pregnant while taking BRUKINSA, the patient should be apprised of the potential hazard to the fetus. The estimated background risk of major birth defects and miscarriage for the indicated population is unknown. All pregnancies have a background risk of birth defect, loss, or other adverse outcomes. In the U.S. general population, the estimated background risk of major birth defects and miscarriage in clinically recognized pregnancies is 2% to 4% and 15% to 20%, respectively. Data Animal Data Embryo-fetal development toxicity studies were conducted in both rats and rabbits. Zanubrutinib was administered orally to pregnant rats during the period of organogenesis at doses of 30, 75, and 150 mg/kg/day. Malformations in the heart (2 or 3-chambered hearts) were noted at all dose levels in the absence of maternal toxicity. The dose of 30 mg/kg/day is approximately 5 times"
CHK_D1F52D999848,DOC_448A3EF9F119,20260913_3e08fe23-d70e-424c-bc51-1222e320f902 (1).pdf,APPROVED_LABEL,25,3,65,288,"of 30, 75, and 150 mg/kg/day. Malformations in the heart (2 or 3-chambered hearts) were noted at all dose levels in the absence of maternal toxicity. The dose of 30 mg/kg/day is approximately 5 times the exposure (AUC) in patients receiving the recommended dose of 160 mg twice daily. max"
CHK_42FF1315BB8E,DOC_448A3EF9F119,20260913_3e08fe23-d70e-424c-bc51-1222e320f902 (1).pdf,APPROVED_LABEL,26,1,66,1200,"Administration of zanubrutinib to pregnant rabbits during the period of organogenesis at 30, 70, and 150 mg/kg/day resulted in postimplantation loss at the highest dose. The dose of 150 mg/kg is approximately 32 times the exposure (AUC) in patients at the recommended dose and was associated with maternal toxicity. In a pre and postnatal developmental toxicity study, zanubrutinib was administered orally to rats at doses of 30, 75, and 150 mg/kg/day from implantation through weaning. The offspring from the middle and high dose groups had decreased body weights preweaning, and all dose groups had adverse ocular findings (e.g., cataract, protruding eye). The dose of 30 mg/kg/day is approximately 5 times the AUC in patients receiving the recommended dose. 8.2 Lactation Risk Summary There are no data on the presence of zanubrutinib or its metabolites in human milk, the effects on the breastfed child, or the effects on milk production. Because of the potential for serious adverse reactions from BRUKINSA in a breastfed child, advise lactating women not to breastfeed during treatment with BRUKINSA and for two weeks following the last dose. 8.3 Females and Males of Reproductive Potential BRU"
CHK_9DFE6D6EAC2C,DOC_448A3EF9F119,20260913_3e08fe23-d70e-424c-bc51-1222e320f902 (1).pdf,APPROVED_LABEL,26,2,67,1200,"om BRUKINSA in a breastfed child, advise lactating women not to breastfeed during treatment with BRUKINSA and for two weeks following the last dose. 8.3 Females and Males of Reproductive Potential BRUKINSA can cause embryo-fetal harm when administered to pregnant women [see Use in Specific Populations (8.1)]. Pregnancy Testing Pregnancy testing is recommended for females of reproductive potential prior to initiating BRUKINSA therapy. Contraception Females Advise female patients of reproductive potential to use effective contraception during treatment with BRUKINSA and for 1 week following the last dose of BRUKINSA. If this drug is used during pregnancy, or if the patient becomes pregnant while taking this drug, the patient should be informed of the potential hazard to a fetus. Males Advise men to avoid fathering a child while receiving BRUKINSA and for 1 week following the last dose of BRUKINSA. 8.4 Pediatric Use Safety and effectiveness of BRUKINSA in pediatric patients have not been established. 8.5 Geriatric Use Of the 1729 patients with MCL, MZL, WM, CLL/SLL, and FL in clinical studies with BRUKINSA, 59% were ≥65 years of age, and 21% were ≥75 years of age. Patients ≥65 years o"
CHK_19E88764DF11,DOC_448A3EF9F119,20260913_3e08fe23-d70e-424c-bc51-1222e320f902 (1).pdf,APPROVED_LABEL,26,3,68,362,"established. 8.5 Geriatric Use Of the 1729 patients with MCL, MZL, WM, CLL/SLL, and FL in clinical studies with BRUKINSA, 59% were ≥65 years of age, and 21% were ≥75 years of age. Patients ≥65 years of age had numerically higher rates of Grade 3 or higher adverse reactions and serious adverse reactions (57% and 38%, respectively) than patients <65 years of age"
CHK_076DCC78F2BB,DOC_448A3EF9F119,20260913_3e08fe23-d70e-424c-bc51-1222e320f902 (1).pdf,APPROVED_LABEL,27,1,69,1200,"(51% and 29%, respectively). No overall differences in effectiveness were observed between younger and older patients. 8.6 Renal Impairment No dosage modification is recommended in patients with mild, moderate, or severe renal impairment (CLcr ≥15 mL/min, estimated by Cockcroft-Gault). Monitor for BRUKINSA adverse reactions in patients on dialysis [see Clinical Pharmacology (12.3)]. 8.7 Hepatic Impairment Dosage modification of BRUKINSA is recommended in patients with severe hepatic impairment [see Dosage and Administration (2.2)]. The safety of BRUKINSA has not been evaluated in patients with severe hepatic impairment. No dosage modification is recommended in patients with mild to moderate hepatic impairment. Monitor for BRUKINSA adverse reactions in patients with hepatic impairment [see Clinical Pharmacology (12.3)]. 11 DESCRIPTION BRUKINSA (zanubrutinib) is a kinase inhibitor. The empirical formula of zanubrutinib is C H N O and the chemical name is (S)-7-(1-acryloylpiperidin-4-yl)-2-(4- phenoxyphenyl)-4,5,6,7-tetrahydropyrazolo[1,5-a]pyrimidine-3-carboxamide. Zanubrutinib is a white to off-white powder, with a pH of 7.8 in saturated solution. The aqueous solubility of zanubruti"
CHK_E3227373DEB2,DOC_448A3EF9F119,20260913_3e08fe23-d70e-424c-bc51-1222e320f902 (1).pdf,APPROVED_LABEL,27,2,70,1073,"2-(4- phenoxyphenyl)-4,5,6,7-tetrahydropyrazolo[1,5-a]pyrimidine-3-carboxamide. Zanubrutinib is a white to off-white powder, with a pH of 7.8 in saturated solution. The aqueous solubility of zanubrutinib is pH dependent, from very slightly soluble to practically insoluble. The molecular weight of zanubrutinib is 471.55 Daltons. Zanubrutinib has the following structure: Each BRUKINSA capsule for oral administration contains 80 mg zanubrutinib and the following inactive ingredients: colloidal silicon dioxide, croscarmellose sodium, magnesium stearate, microcrystalline cellulose, and sodium lauryl sulfate. The capsule shell contains edible black ink, gelatin, and titanium dioxide. Each BRUKINSA tablet for oral administration contains 160 mg zanubrutinib and the following inactive ingredients: colloidal silicon dioxide, croscarmellose sodium, lactose monohydrate, magnesium stearate, microcrystalline cellulose, povidone, and sodium lauryl sulfate. The film coating contains FD&C Blue No. 1, FD&C Blue No. 2, hypromellose, titanium dioxide, and triacetin. 27 29 5 3"
CHK_8DA0D0A77C38,DOC_448A3EF9F119,20260913_3e08fe23-d70e-424c-bc51-1222e320f902 (1).pdf,APPROVED_LABEL,28,1,71,1200,"12 CLINICAL PHARMACOLOGY 12.1 Mechanism of Action Zanubrutinib is a small-molecule inhibitor of Bruton's tyrosine kinase (BTK). Zanubrutinib forms a covalent bond with a cysteine residue in the BTK active site, leading to inhibition of BTK activity. BTK is a signaling molecule of the B-cell antigen receptor (BCR) and cytokine receptor pathways. In B-cells, BTK signaling results in activation of pathways necessary for B-cell proliferation, trafficking, chemotaxis, and adhesion. In nonclinical studies, zanubrutinib inhibited malignant B-cell proliferation and reduced tumor growth. 12.2 Pharmacodynamics BTK Occupancy in PBMCs and Lymph Nodes The median steady-state BTK occupancy in peripheral blood mononuclear cells was maintained at 100% over 24 hours at a total daily dose of 320 mg in patients with B-cell malignancies. The median steady-state BTK occupancy in lymph nodes was 94% to 100% following the approved recommended dosage. Cardiac Electrophysiology At the approved recommended doses (160 mg twice daily or 320 mg once daily), there were no clinically relevant effects on the QTc interval. The effect of BRUKINSA on the QTc interval above the therapeutic exposure has not been evalu"
CHK_DB6E7E6B6177,DOC_448A3EF9F119,20260913_3e08fe23-d70e-424c-bc51-1222e320f902 (1).pdf,APPROVED_LABEL,28,2,72,1200,"s (160 mg twice daily or 320 mg once daily), there were no clinically relevant effects on the QTc interval. The effect of BRUKINSA on the QTc interval above the therapeutic exposure has not been evaluated. In Vitro Platelet Aggregation In blood samples from healthy donors, patients on anticoagulant or antiplatelet therapy, and those with severe renal dysfunction, zanubrutinib demonstrated inhibition of platelet aggregation mediated by collagen, CRP-XL, or rhodocytin. Zanubrutinib did not show meaningful inhibition of platelet aggregation for ADP and PAR4-AP. 12.3 Pharmacokinetics Zanubrutinib maximum plasma concentration (C ) and area under the plasma drug concentration over time curve (AUC) increase proportionally over a dosage range from 40 mg to 320 mg (0.13 to 1 time the recommended total daily dose). Limited systemic accumulation of zanubrutinib was observed following repeated administration. The geometric mean (%CV) zanubrutinib steady-state daily AUC is 2,099 (42%) ng∙h/mL following 160 mg twice daily and 1,917 (59%) ng∙h/mL following 320 mg once daily. The geometric mean (%CV) zanubrutinib steady-state C is 295 (55%) ng/mL following 160 mg twice daily and 537 (55%) ng/mL fo"
CHK_31B93367BA6C,DOC_448A3EF9F119,20260913_3e08fe23-d70e-424c-bc51-1222e320f902 (1).pdf,APPROVED_LABEL,28,3,73,509,"wing 160 mg twice daily and 1,917 (59%) ng∙h/mL following 320 mg once daily. The geometric mean (%CV) zanubrutinib steady-state C is 295 (55%) ng/mL following 160 mg twice daily and 537 (55%) ng/mL following 320 mg once daily. Absorption The median t of zanubrutinib is 2 hours. Effect of Food BRUKINSA Capsules: Zanubrutinib AUC decreased 7% and C increased 3% following administration of BRUKINSA capsules with a high-fat meal (1,000 calories, 50% fat) in healthy subjects. BRUKINSA Tablets: max max max max"
CHK_8F3CE1E50699,DOC_448A3EF9F119,20260913_3e08fe23-d70e-424c-bc51-1222e320f902 (1).pdf,APPROVED_LABEL,29,1,74,1200,"Zanubrutinib AUC increased up to 17% and C up to 79% following administration of BRUKINSA tablets with a high-fat meal (1,000 calories, 50% fat) in healthy subjects. Distribution The geometric mean (%CV) apparent volume of distribution (Vz/F) of zanubrutinib is 537 (73%) L. The plasma protein binding of zanubrutinib is approximately 94% and the blood-to-plasma ratio is 0.7 to 0.8. Elimination The mean half-life (t ) of zanubrutinib is approximately 2 to 4 hours following a single oral zanubrutinib dose of 160 mg or 320 mg. The geometric mean (%CV) apparent oral clearance (CL/F) of zanubrutinib is 128 (58%) L/h. Metabolism Zanubrutinib is primarily metabolized by cytochrome P450(CYP)3A. Excretion Following a single radiolabeled zanubrutinib dose of 320 mg to healthy subjects, approximately 87% of the dose was recovered in feces (38% unchanged) and 8% in urine (less than 1% unchanged). Specific Populations No clinically significant differences in the pharmacokinetics of zanubrutinib were observed based on age (19 to 90 years), sex, race (Asian, White, and Other), body weight (36 to 144 kg), or mild, moderate or severe renal impairment (CLcr ≥15 mL/min as estimated by Cockcroft-Gault)"
CHK_7E5E7CE1C8FD,DOC_448A3EF9F119,20260913_3e08fe23-d70e-424c-bc51-1222e320f902 (1).pdf,APPROVED_LABEL,29,2,75,1199,"observed based on age (19 to 90 years), sex, race (Asian, White, and Other), body weight (36 to 144 kg), or mild, moderate or severe renal impairment (CLcr ≥15 mL/min as estimated by Cockcroft-Gault). The effect of dialysis on zanubrutinib pharmacokinetics is unknown. Hepatic Impairment The total AUC of zanubrutinib increased by 11% in subjects with mild hepatic impairment (Child-Pugh class A), by 21% in subjects with moderate hepatic impairment (Child-Pugh class B), and by 60% in subjects with severe hepatic impairment (Child-Pugh class C) relative to subjects with normal liver function. The unbound AUC of zanubrutinib increased by 23% in subjects with mild hepatic impairment (Child-Pugh class A), by 43% in subjects with moderate hepatic impairment (Child-Pugh class B) and by 194% in subjects with severe hepatic impairment (Child-Pugh class C) relative to subjects with normal liver function. Drug Interaction Studies Clinical Studies and Model-Informed Approaches CYP3A Inhibitors: Coadministration of multiple doses of CYP3A inhibitors increases zanubrutinib C and AUC (Table 18). Table 18: Observed or Predicted Increase in Zanubrutinib Exposure After Coadministration of CYP3A Inhib"
CHK_016881C72C7D,DOC_448A3EF9F119,20260913_3e08fe23-d70e-424c-bc51-1222e320f902 (1).pdf,APPROVED_LABEL,29,3,76,306,dministration of multiple doses of CYP3A inhibitors increases zanubrutinib C and AUC (Table 18). Table 18: Observed or Predicted Increase in Zanubrutinib Exposure After Coadministration of CYP3A Inhibitors Coadministered CYP3A Inhibitor Increase in Zanubrutinib C Increase in Zanubrutinib AUC max ½ max max
CHK_5F452E9BD454,DOC_448A3EF9F119,20260913_3e08fe23-d70e-424c-bc51-1222e320f902 (1).pdf,APPROVED_LABEL,30,1,77,1200,* † ‡ Observed Itraconazole (200 mg once daily) 157% 278% Fluconazole (400 mg once daily) 81% 88% Diltiazem (180 mg once daily) 62% 62% Voriconazole (200 mg twice daily) 229% 230% Clarithromycin (250 mg twice daily) 101% 92% Predicted Posaconazole suspension (100 mg once daily) 169% 180% Posaconazole suspension (100 mg twice daily) 207% 279% Posaconazole delayed-release tablets (300 mg once daily) 232% 407% Posaconazole intravenously (300 mg once daily) 205% 333% Itraconazole (200 mg once daily) 273% 320% CYP3A Inducers: Coadministration of multiple doses of rifampin (strong CYP3A inducer) decreased the zanubrutinib C by 92% and AUC by 93%. Coadministration of multiple doses of rifabutin (moderate CYP3A inducer) decreased the zanubrutinib C by 48% and AUC by 44%. Coadministration of multiple doses of efavirenz (moderate CYP3A inducer) is predicted to decrease zanubrutinib C by 58% and AUC by 60%. CYP3A Substrates: Coadministration of multiple doses of zanubrutinib decreased midazolam (CYP3A substrate) C by 30% and AUC by 47%. CYP2C19 Substrates: Coadministration of multiple doses of zanubrutinib decreased omeprazole (CYP2C19 substrate) C by 20% and AUC by 36%. Other CYP Substrates:
CHK_43EFA9FCCD9D,DOC_448A3EF9F119,20260913_3e08fe23-d70e-424c-bc51-1222e320f902 (1).pdf,APPROVED_LABEL,30,2,78,1200,"CYP3A substrate) C by 30% and AUC by 47%. CYP2C19 Substrates: Coadministration of multiple doses of zanubrutinib decreased omeprazole (CYP2C19 substrate) C by 20% and AUC by 36%. Other CYP Substrates: No clinically significant differences were observed with warfarin (CYP2C9 substrate) pharmacokinetics when coadministered with zanubrutinib. Transporter Systems: Coadministration of multiple doses of zanubrutinib increased digoxin (P-gp substrate) C by 34% and AUC by 11%. No clinically significant differences in the pharmacokinetics of rosuvastatin (BCRP substrate) were observed when coadministered with zanubrutinib. Gastric Acid Reducing Agents: No clinically significant differences in zanubrutinib pharmacokinetics were observed when coadministered with gastric acid reducing agents (proton pump inhibitors, H2-receptor antagonists). In Vitro Studies CYP Enzymes: Zanubrutinib is an inducer of CYP2B6 and CYP2C8. The assessment was conducted in healthy subjects with a single dose of zanubrutinib 20 mg. The assessment was conducted in patients with B-cell lymphoma administered multiple doses of zanubrutinib at the respective recommended zanubrutinib dosages in Table 1. The predicted value"
CHK_716F65021936,DOC_448A3EF9F119,20260913_3e08fe23-d70e-424c-bc51-1222e320f902 (1).pdf,APPROVED_LABEL,30,3,79,379,inib 20 mg. The assessment was conducted in patients with B-cell lymphoma administered multiple doses of zanubrutinib at the respective recommended zanubrutinib dosages in Table 1. The predicted values were based on simulations with patients administered multiple doses of zanubrutinib at the respective recommended dosages in Table 1. * † † † † ‡ ‡ ‡ ‡ ‡ max max max max max max
CHK_EC417F16BCD4,DOC_448A3EF9F119,20260913_3e08fe23-d70e-424c-bc51-1222e320f902 (1).pdf,APPROVED_LABEL,31,1,80,1200,"y Transporter Systems: Zanubrutinib is likely to be a substrate of P-gp. Zanubrutinib is not a substrate or inhibitor of OAT1, OAT3, OCT2, OATP1B1, or OATP1B3. 13 NONCLINICAL TOXICOLOGY 13.1 Carcinogenesis, Mutagenesis, Impairment of Fertility Carcinogenicity studies have not been conducted with zanubrutinib. Zanubrutinib was not mutagenic in a bacterial mutagenicity (Ames) assay, was not clastogenic in a chromosome aberration assay in mammalian (CHO) cells, nor was it clastogenic in an in vivo bone marrow micronucleus assay in rats. A combined male and female fertility and early embryonic development study was conducted in rats at oral zanubrutinib doses of 30 to 300 mg/kg/day. Male rats were dosed 4 weeks prior to mating and through mating and female rats were dosed 2 weeks prior to mating and to gestation day 7. No effect on male or female fertility was noted at lower doses, but at the highest dose tested, morphological abnormalities in sperm and increased postimplantation loss were noted. The high dose of 300 mg/kg/day is approximately 10 times the human recommended dose, based on body surface area. 14 CLINICAL STUDIES 14.1 Mantle Cell Lymphoma The efficacy of BRUKINSA was asse"
CHK_C5537179B0CC,DOC_448A3EF9F119,20260913_3e08fe23-d70e-424c-bc51-1222e320f902 (1).pdf,APPROVED_LABEL,31,2,81,1199,"noted. The high dose of 300 mg/kg/day is approximately 10 times the human recommended dose, based on body surface area. 14 CLINICAL STUDIES 14.1 Mantle Cell Lymphoma The efficacy of BRUKINSA was assessed in BGB-3111-206 [NCT03206970], a Phase 2, open-label, multicenter, single-arm trial of 86 previously treated patients with MCL who had received at least one prior therapy. BRUKINSA was given orally at a dose of 160 mg twice daily until disease progression or unacceptable toxicity. The median age of patients was 60.5 years (range: 34 to 75) and the majority were male (78%). The median time since diagnosis to study entry was 30 months (range: 3 to 102) and the median number of prior therapies was 2 (range: 1 to 4). The most common prior regimens were CHOP-based (91%) followed by rituximab-based (74%). The majority of patients had extranodal involvement (71%) and refractory disease (52%). Blastoid variant of MCL was present in 14% of patients. The MIPI score was low in 58%, intermediate in 29%, and high risk in 13%. The efficacy of BRUKINSA was also assessed in BGB-3111-AU-003 [NCT02343120], a Phase 1/2, open-label, dose-escalation, global, multicenter, single-arm trial of B cell mal"
CHK_849233E1D012,DOC_448A3EF9F119,20260913_3e08fe23-d70e-424c-bc51-1222e320f902 (1).pdf,APPROVED_LABEL,31,3,82,849,"in 29%, and high risk in 13%. The efficacy of BRUKINSA was also assessed in BGB-3111-AU-003 [NCT02343120], a Phase 1/2, open-label, dose-escalation, global, multicenter, single-arm trial of B cell malignancies including 32 previously treated MCL patients treated with BRUKINSA. BRUKINSA was given orally at doses of 160 mg twice daily or 320 mg daily. The median age of patients with previously treated MCL was 70 years (range: 42 to 86) and 38% of patients were ≥75 years old. Most patients were male (69%) and White (78%). The MIPI score was low in 28%, intermediate in 41%, and high risk in 31%. Tumor response was according to the 2014 Lugano Classification for both studies, and the primary efficacy endpoint was overall response rate as assessed by an Independent Review Committee (IRC). Table 19: Efficacy Results per IRC in Patients with MCL"
CHK_EE947F159504,DOC_448A3EF9F119,20260913_3e08fe23-d70e-424c-bc51-1222e320f902 (1).pdf,APPROVED_LABEL,32,1,83,1200,"y p Study BGB-3111-206 (N=86) Study BGB-3111-AU- 003 (N=32) ORR: overall response rate, CR: complete response, PR: partial response, DOR: duration of response, CI: confidence interval, NE: not estimable. * ORR (95% CI) 84% (74, 91) 84% (67, 95) CR 59% 22% PR 24% 62% Median DOR in months (95% CI) 19.5 (16.6, NE) 18.5 (12.6, NE) 14.2 Waldenström's Macroglobulinemia The efficacy of BRUKINSA was evaluated in ASPEN [NCT03053440], a randomized, active control, open-label trial, comparing BRUKINSA and ibrutinib in patients with MYD88 L265P mutation (MYD88 ) WM. Patients in Cohort 1 (n=201) were randomized 1:1 to receive BRUKINSA 160 mg twice daily or ibrutinib 420 mg once daily until disease progression or unacceptable toxicity. Randomization was stratified by number of prior therapies (0 vs 1-3 vs >3) and CXCR4 status (presence or absence of a WHIM-like mutation as measured by Sanger assay). The major efficacy outcome was the response rate defined as PR or better as assessed by IRC based on standard consensus response criteria from the International Workshop on Waldenström's Macroglobulinemia (IWWM)-6 criteria. An additional efficacy outcome measure was duration of response (DOR). The me"
CHK_DCF4C9B511CD,DOC_448A3EF9F119,20260913_3e08fe23-d70e-424c-bc51-1222e320f902 (1).pdf,APPROVED_LABEL,32,2,84,1200,"standard consensus response criteria from the International Workshop on Waldenström's Macroglobulinemia (IWWM)-6 criteria. An additional efficacy outcome measure was duration of response (DOR). The median age was 70 years (range: 38 to 90) and 68% were male. Of those enrolled, 2% were Asian, 91% were White, and 7% were of unknown race. ECOG performance status of 0 or 1 was present in 93% patients at baseline and 7% had a baseline ECOG performance status of 2. A total of 82% had relapsed/refractory disease with 85% having received prior alkylating agents and 91% prior anti-CD20 therapy. The median number of prior therapies in those with relapsed/refractory disease was 1 (range: 1 to 8). A total of 91 (45%) patients had International Prognostic Scoring System (IPSS) high WM. The study did not meet statistical significance for the prespecified efficacy outcome of superior CR+VGPR as assessed by IRC, tested first in patients with R/R disease in ASPEN. Table 20 shows the response rates in ASPEN based on IRC assessment. Table 20: Response Rate and Duration of Response Based on IRC Assessment in ASPEN Standard IWWM-6 Modified IWWM-6 Response Category BRUKINSA (N=102) Ibrutinib (N=99) BRUK"
CHK_CC294B206D1B,DOC_448A3EF9F119,20260913_3e08fe23-d70e-424c-bc51-1222e320f902 (1).pdf,APPROVED_LABEL,32,3,85,394,"SPEN based on IRC assessment. Table 20: Response Rate and Duration of Response Based on IRC Assessment in ASPEN Standard IWWM-6 Modified IWWM-6 Response Category BRUKINSA (N=102) Ibrutinib (N=99) BRUKINSA (N=102) Ibrutinib (N=99) Response rate (CR+VGPR+PR), n (%) 79 (77.5) 77 (77.8) 79 (77.5) 77 (77.8) (68 1 (68 3 (68 1 (68 3 FDG-PET scans were not required for response assessment. * MUT * †"
CHK_2D2829241AB1,DOC_448A3EF9F119,20260913_3e08fe23-d70e-424c-bc51-1222e320f902 (1).pdf,APPROVED_LABEL,33,1,86,1200,"* † ‡ § 95% CI (%) (68.1, 85.1) (68.3, 85.5) (68.1, 85.1) (68.3, 85.5) Complete Response (CR) 0 (0) 0 (0) 0 (0) 0 (0) Very Good Partial Response (VGPR) 16 (15.7) 7 (7.1) 29 (28.4) 19 (19.2) Partial Response (PR) 63 (61.8) 70 (70.7) 50 (49) 58 (58.6) Duration of response (DOR), Event-free at 12 months (95% CI) 94.4% (85.8, 97.9) 87.9% (77, 93.8) 94.4% (85.8, 97.9) 87.9% (77, 93.8) ASPEN Cohort 2 Cohort 2 enrolled patients with MYD88 wildtype (MYD88 ) or MYD88 mutation unknown WM (N=26 and 2, respectively) and received BRUKINSA 160 mg twice daily. The median age was 72 years (range: 39 to 87) with 43% >75 years, 50% were male, 96% were White, and 4% were not reported (unknown race). Eighty-six percent of patients had a baseline ECOG performance status 0 or 1 and 14% had a baseline performance status of 2. Twenty-three of the 28 patients in Cohort 2 had relapsed or refractory disease. In Cohort 2, response (CR+VGPR+PR) as assessed by IRC using IWWM-6 or modified IWWM-6 was seen in 50% (13 out of 26 response evaluable patients; 95% CI: 29.9, 70.1). 14.3 Marginal Zone Lymphoma The efficacy of BRUKINSA was assessed in Study BGB-3111-214 [NCT03846427], an open-label, multicenter, single-a"
CHK_13CFF0EF17B1,DOC_448A3EF9F119,20260913_3e08fe23-d70e-424c-bc51-1222e320f902 (1).pdf,APPROVED_LABEL,33,2,87,1199,"out of 26 response evaluable patients; 95% CI: 29.9, 70.1). 14.3 Marginal Zone Lymphoma The efficacy of BRUKINSA was assessed in Study BGB-3111-214 [NCT03846427], an open-label, multicenter, single-arm trial that evaluated 66 patients with MZL who received at least one prior anti–CD20-based therapy. BRUKINSA was given orally at a dosage of 160 mg twice daily until disease progression or unacceptable toxicity. The median age was 70 years (range: 37 to 85); 55% were male; 38% had extranodal MZL, 38% nodal, 18% splenic, and 6% had unknown subtype. The median number of prior systemic therapies was 2 (range: 1 to 6), with 27% having 3 or more lines of systemic therapy; 88% had prior rituximab-based chemotherapy; 32% had refractory disease at study entry. The efficacy of BRUKINSA was also assessed in BGB-3111-AU-003 [NCT02343120], an open-label, multicenter, single-arm trial that included 20 patients with previously treated MZL (45% having extranodal MZL, 25% nodal, 30% splenic). BRUKINSA was given orally at dosages of 160 mg twice daily or 320 mg once daily. The median age was 70 years (range: 52 to 85); 50% were male. The median number of prior systemic therapies was 2 (range: 1 to 5)"
CHK_C5A1A64C7DA4,DOC_448A3EF9F119,20260913_3e08fe23-d70e-424c-bc51-1222e320f902 (1).pdf,APPROVED_LABEL,33,3,88,873,"as given orally at dosages of 160 mg twice daily or 320 mg once daily. The median age was 70 years (range: 52 to 85); 50% were male. The median number of prior systemic therapies was 2 (range: 1 to 5), with 20% having 3 or more lines of systemic therapy; 95% had prior rituximab-based chemotherapy. Efficacy was based on overall response rate (ORR) and duration of response as assessed by an Independent Review Committee (IRC) using 2014 Lugano criteria (Table IWWM-6 criteria (Owen et al, 2013) require complete resolution of extramedullary disease (EMD) if present at baseline for VGPR to be assessed. Modified IWWM-6 criteria (Treon, 2015) require a reduction in EMD if present at baseline for VGPR to be assessed. 2-sided Clopper-Pearson 95% confidence interval. Estimated by Kaplan-Meier method with 95% CIs estimated using the method of Brookmeyer and Crowley. ‡ § WT"
CHK_7A5BE0B805E3,DOC_448A3EF9F119,20260913_3e08fe23-d70e-424c-bc51-1222e320f902 (1).pdf,APPROVED_LABEL,34,1,89,1199,"21). Table 21: Efficacy Results per IRC in Patients with MZL Parameter Study BGB-3111-214 (N=66) Study BGB-3111-AU- 003 (N=20) ORR: overall response rate, CR: complete response, PR: partial response, DOR: duration of response, CI: confidence interval, NE: not estimable. * † Overall response rate (CT-based) ORR, n 37 (56%) 16 (80%) (95% CI, %) (43, 68) (56, 94) CR, n 13 (20%) 4 (20%) PR, n 24 (36%) 12 (60%) Time to response Median (range), months 2.9 (1.8, 11.1) 2.9 (2.6, 23.1) Duration of response Median DOR (95% CI), months NE (NE, NE) NE (8.4, NE) Rate at 12 months (95% CI) 85% (67, 93) 72% (40, 88) In study BGB-3111-214, ORR prioritizing PET-CT when available (55 patients, with the remainder assessed by CT scan) was 67% (95% CI: 54, 78) with a CR rate of 26%. 14.4 Chronic Lymphocytic Leukemia or Small Lymphocytic Lymphoma The efficacy of BRUKINSA in patients with CLL/SLL was evaluated in two randomized controlled trials. SEQUOIA The efficacy of BRUKINSA in patients with previously untreated CLL/SLL was evaluated in a multicenter, open-label trial (SEQUOIA; NCT03336333). The trial required patients to be unsuitable for FCR therapy defined as either age ≥65 years or age 18 to <65"
CHK_416ACB11B1C5,DOC_448A3EF9F119,20260913_3e08fe23-d70e-424c-bc51-1222e320f902 (1).pdf,APPROVED_LABEL,34,2,90,1200,"ntreated CLL/SLL was evaluated in a multicenter, open-label trial (SEQUOIA; NCT03336333). The trial required patients to be unsuitable for FCR therapy defined as either age ≥65 years or age 18 to <65 with a total Cumulative Illness Rating Scale (CIRS) >6, creatinine clearance 30 to 69 mL/min, or history of serious or recurrent infection. Patients without 17p deletion (17p del) were randomized to receive either BRUKINSA 160 mg twice daily until disease progression or unacceptable toxicity (n=241) or bendamustine plus rituximab (BR) for 6 cycles (n=238). Bendamustine was dosed at 90 mg/m /day intravenously on the first 2 days of each cycle, and rituximab was dosed at 375 mg/m on day 1 of Cycle 1 and 500 mg/m on day 1 of Cycles 2 to 6 with a 28-day cycle length. Randomization was stratified by age, Binet stage, immunoglobulin variable region heavy chain (IGHV) mutational status, and geographic region. Additionally, the same BRUKINSA regimen was evaluated in 110 patients with previously Per 2014 CT-based Lugano criteria. FDG-PET scans were not considered for this response assessment. Based on Kaplan-Meier estimation. Estimated median follow-up for DOR was 8.3 months for Study BGB-3111-"
CHK_4C11CFB4EC17,DOC_448A3EF9F119,20260913_3e08fe23-d70e-424c-bc51-1222e320f902 (1).pdf,APPROVED_LABEL,34,3,91,256,r 2014 CT-based Lugano criteria. FDG-PET scans were not considered for this response assessment. Based on Kaplan-Meier estimation. Estimated median follow-up for DOR was 8.3 months for Study BGB-3111-214 and 31.4 months for Study BGB-3111-AU-003. * † 2 2 2
CHK_081746B0B249,DOC_448A3EF9F119,20260913_3e08fe23-d70e-424c-bc51-1222e320f902 (1).pdf,APPROVED_LABEL,35,1,92,1200,"untreated 17p del CLL/SLL in a non-randomized cohort. Efficacy is summarized according to cohort. Randomized Cohort: Previously Untreated CLL/SLL without 17p Deletion In the randomized cohort of patients with previously untreated CLL/SLL without 17p deletion, the median age was 70 years; 62% were male, 89% were White, 3% were Asian, and 1% were Black. Fifty-three percent of patients had an unmutated IGHV gene and 29% had Binet Stage C disease. Baseline characteristics were generally similar between treatment arms. Efficacy in this cohort was based on progression-free survival as assessed by an IRC. Efficacy results are presented in Table 22 and Figure 1. Table 22: Efficacy Results per IRC in Patients with Previously Untreated CLL/SLL without 17p Deletion in SEQUOIA (Randomized Cohort) Parameter CLL/SLL without del(17p) BRUKINSA (N=241) Bendamustine + Rituximab (N=238) CI=Confidence interval, CR=complete response, CRi=complete response with incomplete hematopoietic recovery, HR=hazard ratio, NE=not estimable, nPR=nodular partial response, ORR=overall response rate, PFS=progression-free survival, PR=partial response. * † ‡ § ¶ Progression-free survival Number of Events, n 36 (15%) 71"
CHK_98A23A0BD245,DOC_448A3EF9F119,20260913_3e08fe23-d70e-424c-bc51-1222e320f902 (1).pdf,APPROVED_LABEL,35,2,93,1090,"atio, NE=not estimable, nPR=nodular partial response, ORR=overall response rate, PFS=progression-free survival, PR=partial response. * † ‡ § ¶ Progression-free survival Number of Events, n 36 (15%) 71 (30%) Disease Progression 27 (11%) 59 (25%) Death 9 (3.7%) 12 (5%) Median PFS (95% CI), months NE (NE, NE) 33.7 (28.1, NE) HR (95% CI) 0.42 (0.28, 0.63) P-value <0.0001 Overall response rate ORR, n (%) 225 (93) 203 (85) 95% CI, % (89, 96) (80, 90) CR, n (%) 16 (7) 36 (15) nPR, n (%) 3 (1.2) 14 (6) PR, n (%) 206 (85) 153 (64) Figure 1: Kaplan-Meier Plot of IRC-Assessed Progression-Free Survival in * Efficacy was assessed using the 2008 International Workshop for Chronic Lymphocytic Leukemia (iwCLL) guidelines and 2014 Lugano criteria for SLL. Based on Kaplan-Meier estimation. Estimated median follow-up for PFS was 25 months. Based on a stratified Cox-regression model with bendamustine + rituximab as the reference group. Based on a stratified log-rank test, with a 2-sided significance level of 0.0372. Defined as CR, CRi, PR, and nPR. No patients had CRi as best response. † ‡ § ¶"
CHK_B7194F364FA2,DOC_448A3EF9F119,20260913_3e08fe23-d70e-424c-bc51-1222e320f902 (1).pdf,APPROVED_LABEL,36,1,94,1091,"Patients with Previously Untreated CLL/SLL without 17p Deletion in SEQUOIA At the time of analysis, overall survival data were immature. With an estimated median follow-up of 25.7 months, median overall survival was not reached in either arm, with fewer than 7% of patients experiencing an event. Single-Arm Cohort: Previously Untreated CLL/SLL with 17p Deletion In this cohort, 110 patients with previously untreated CLL/SLL and centrally confirmed 17p deletion received BRUKINSA 160 mg twice daily until disease progression or unacceptable toxicity. The median age was 70, 71% were male, 95% were White, and 1% were Asian. Sixty percent of patients had an unmutated IGHV gene and 35% had Binet Stage C disease. Efficacy was based on overall response rate and duration of response as assessed by an IRC. Efficacy results are presented in Table 23. Table 23: Efficacy Results per IRC in Patients with Previously Untreated CLL/SLL and 17p Deletion in SEQUOIA Parameter del(17p) CLL/SLL N=110 Overall response rate ORR, n (%) 97 (88) (95% CI, %) (81, 94) CR, n (%) 7 (6) nPR, n (%) 2 (1.8) * †"
CHK_81377BAC7D08,DOC_448A3EF9F119,20260913_3e08fe23-d70e-424c-bc51-1222e320f902 (1).pdf,APPROVED_LABEL,37,1,95,1200,"DOR=duration of response. A + sign indicates a censored observation. * † ‡ PR, n (%) 88 (80) Time to response Median (range), months 2.9 (1.9 to 13.9) Duration of response Median DOR (95% CI), months NE (NE, NE) Range, months (5.6 to 35.9+) Rate at 12 months, % (95% CI) 96 (89, 98) Rate at 18 months, % (95% CI) 95 (88, 98) ALPINE The efficacy of BRUKINSA in patients with relapsed or refractory CLL/SLL was evaluated in ALPINE, a randomized, multicenter, open-label, actively controlled trial (NCT03734016). The trial enrolled 652 patients with relapsed or refractory CLL/SLL after at least 1 systemic therapy. The patients were randomized in a 1:1 ratio to receive either BRUKINSA 160 mg orally twice daily (n=327) or ibrutinib 420 mg orally once daily (n=325), each administered until disease progression or unacceptable toxicity. Randomization was stratified by age, geographic region, refractoriness to last therapy, and 17p deletion/TP53 mutation status. Baseline characteristics were similar between treatment arms. Overall, the median age was 67 years, 68% were male, 81% were White, 14% were Asian, and 1% were Black. Forty-three percent had advanced stage disease, 73% had an unmutated IGH"
CHK_C82C8348CAAE,DOC_448A3EF9F119,20260913_3e08fe23-d70e-424c-bc51-1222e320f902 (1).pdf,APPROVED_LABEL,37,2,96,1199,"between treatment arms. Overall, the median age was 67 years, 68% were male, 81% were White, 14% were Asian, and 1% were Black. Forty-three percent had advanced stage disease, 73% had an unmutated IGHV gene, and 23% had 17p deletion or TP53 mutation. Patients had a median of one prior line of therapy (range: 1-8), 18% of patients had ≥3 prior lines of therapy, 78% had prior chemoimmunotherapy, and 2.3% had prior BCL2 inhibitor. Efficacy was based on overall response rate and duration of response as determined by an IRC. For progression-free survival per IRC, the final analysis occurred with a median follow-up of 31 months. Efficacy results are shown in Table 24 and Figure 2. Table 24: Efficacy Results per IRC in Patients with Relapsed or Refractory CLL/SLL in ALPINE Parameter BRUKINSA (N=327) Ibrutinib (N=325) Overall response rate ORR, n (%) 263 (80) 237 (73) (95% CI, %) (76, 85) (68, 78) CR, n (%) 13 (4) 8 (2.5) nPR, n (%) 1 (0.3) 0 (0) PR, n (%) 249 (76) 229 (70) Response Rate Ratio (95% CI) 1.10 (1.01, 1.20) 2-sided p-value 0.0264 Duration of response Efficacy was assessed using the 2008 iwCLL guidelines and Lugano criteria for SLL. Defined as CR, CRi, PR, and nPR. No patients"
CHK_1D6567FA358D,DOC_448A3EF9F119,20260913_3e08fe23-d70e-424c-bc51-1222e320f902 (1).pdf,APPROVED_LABEL,37,3,97,313,"(95% CI) 1.10 (1.01, 1.20) 2-sided p-value 0.0264 Duration of response Efficacy was assessed using the 2008 iwCLL guidelines and Lugano criteria for SLL. Defined as CR, CRi, PR, and nPR. No patients had CRi as best response. Kaplan-Meier estimate. Estimated median follow-up for DOR was 25.1 months. ‡ ‡ ‡ * † ‡ §"
CHK_8D4CF9D0B83F,DOC_448A3EF9F119,20260913_3e08fe23-d70e-424c-bc51-1222e320f902 (1).pdf,APPROVED_LABEL,38,1,98,1200,"CI=Confidence interval, CR=complete response, CRi=complete response with incomplete hematopoietic recovery, DOR=duration of response, HR=hazard ratio, NE=not estimable, nPR=nodular partial response, ORR=overall response rate, PR=partial response. A + sign indicates a censored observation. * † ‡ § ¶ # Þ ß Median DOR (95% CI) NE (NE, NE) NE (NE, NE) Range, months (1.4 to 30.4+) (1.9+ to 30.8+) Rate at 12 months, % (95% CI) 92 (87, 95) 86 (80, 91) Progression-free survival Events, n (%) 88 (27) 120 (37) Median PFS (95% CI), months NE (34.3, NE) 35 (33.2, 44.3) HR (95% CI) 0.65 (0.49, 0.86) 2-sided p-value 0.0024 The median time to response was 5.5 months for BRUKINSA and 5.6 months for ibrutinib. Figure 2: Kaplan-Meier Plot of Progression-Free Survival by IRC in ALPINE At the time of final analysis, the median overall survival was not reached in either arm. There were a total of 108 deaths: 48 (14.7%) in the zanubrutinib arm and 60 (18.5%) in the ibrutinib arm. Efficacy was based on 2008 iwCLL guidelines for CLL and the Lugano criteria for SLL. Defined as CR + CRi + nPR + PR. No patients had CRi as best response. Estimate stratified by randomization stratification factors. 2-sided sig"
CHK_78E2B3CF54AF,DOC_448A3EF9F119,20260913_3e08fe23-d70e-424c-bc51-1222e320f902 (1).pdf,APPROVED_LABEL,38,2,99,567,iwCLL guidelines for CLL and the Lugano criteria for SLL. Defined as CR + CRi + nPR + PR. No patients had CRi as best response. Estimate stratified by randomization stratification factors. 2-sided significance level of 0.0469 was allocated for ORR superiority testing. Based on Kaplan-Meier estimate. Estimated median follow-up for DOR was 14.1 months. Based on Kaplan-Meier estimation. Estimated median follow-up for PFS was 30.7 months. Based on a stratified Cox-regression model with ibrutinib as the reference group. Based on a stratified log-rank test. ¶ ¶ # Þ ß
CHK_F75EEDF510D6,DOC_448A3EF9F119,20260913_3e08fe23-d70e-424c-bc51-1222e320f902 (1).pdf,APPROVED_LABEL,39,1,100,1200,"14.5 Follicular Lymphoma The efficacy of BRUKINSA, in combination with obinutuzumab, was evaluated in Study BGB-3111-212 (ROSEWOOD; NCT03332017), an open-label, multicenter, randomized trial that enrolled 217 adult patients with relapsed or refractory FL after at least 2 prior systemic treatments. The study required prior receipt of an anti-CD20 antibody and an alkylator-based combination therapy, and excluded patients with FL Grade 3b, transformed lymphoma, and prior exposure to a BTK inhibitor. Patients were randomized in a 2:1 ratio to receive either BRUKINSA 160 mg orally twice daily until disease progression or unacceptable toxicity plus obinutuzumab, or obinutuzumab alone. Obinutuzumab was administered 1,000 mg intravenously on days 1, 8, and 15 of Cycle 1, 1,000 mg on Day 1 of Cycles 2 to 6; and then 1,000 mg every 8 weeks for up to 20 doses. At the discretion of the investigator, obinutuzumab could be administered as 100 mg on Day 1 and 900 mg on Day 2 of Cycle 1. Randomization was stratified by the number of prior lines of therapy (2 to 3 vs ˃3), rituximab-refractory status (yes vs no), and geographic region. Of the 217 patients randomized (145 to BRUKINSA plus obinutuzuma"
CHK_A7995BA6334C,DOC_448A3EF9F119,20260913_3e08fe23-d70e-424c-bc51-1222e320f902 (1).pdf,APPROVED_LABEL,39,2,101,1199,"was stratified by the number of prior lines of therapy (2 to 3 vs ˃3), rituximab-refractory status (yes vs no), and geographic region. Of the 217 patients randomized (145 to BRUKINSA plus obinutuzumab, 72 to obinutuzumab monotherapy), the median age was 64 years (range: 31 to 88), 50% were male, 64% were White, and 22% were Asian. In total, 83% had stage 3 or 4 disease and 57% met Groupe d'Etude des Lymphomes Folliculaires (GELF) criteria at enrollment. Patients had a median of 3 prior lines of therapy (range: 2-11), with 27% of patients having more than 3 prior lines of therapy. In the BRUKINSA in combination with obinutuzumab arm, 5% had received lenalidomide plus rituximab, 21% had received stem cell transplantation, 53% had refractory disease to rituximab, and 37% had progression of disease within 24 months of the first systemic therapy. Efficacy was based on overall response rate and duration of response, as determined by an IRC. Efficacy results are shown in Table 25. The median time to response in the BRUKINSA combination arm was 2.8 months (range 2 to 23 months). Table 25: Efficacy Results per IRC in Patients with Relapsed or Refractory Follicular Lymphoma Parameter BRUKIN"
CHK_1EE8912193C5,DOC_448A3EF9F119,20260913_3e08fe23-d70e-424c-bc51-1222e320f902 (1).pdf,APPROVED_LABEL,39,3,102,651,"time to response in the BRUKINSA combination arm was 2.8 months (range 2 to 23 months). Table 25: Efficacy Results per IRC in Patients with Relapsed or Refractory Follicular Lymphoma Parameter BRUKINSA + Obinutuzumab (N=145) Obinutuzumab (N=72) CI=Confidence interval, CR=complete response, DOR=duration of response, NE=not estimable, ORR=overall response rate, PR=partial response. Overall response rate ORR, n (%) 100 (69) 33 (46) (95% CI) (61, 76) (34, 58) CR 57 (39) 14 (19) PR 43 (30) 19 (26) Risk difference, % (95% CI) 22.7 (9, 36.5) 2-sided p-value 0.0012 Duration of response Median DOR (95% CI), months NE (25.3, NE) 14 (9.2, 25.1) * † †,‡ §"
CHK_F3C91800567F,DOC_448A3EF9F119,20260913_3e08fe23-d70e-424c-bc51-1222e320f902 (1).pdf,APPROVED_LABEL,40,1,103,1199,"* † ‡ § The estimated DOR rate at 18 months was 69% (95% CI: 58, 78) in the BRUKINSA combination arm and 42% (95% CI: 23, 60) in the obinutuzumab monotherapy arm. 16 HOW SUPPLIED/STORAGE AND HANDLING How Supplied StrengthDescription Package Size NDC Number 80 mg white to off-white opaque capsule, marked with ""ZANU 80"" in black ink 120-count capsules in a bottle with a child-resistant cap 72579-011- 02 160 mg blue, oval, film-coated tablets debossed with ""zanu"" on one side and functional scoring on the other side 60-count tablets in a bottle with a child-resistant cap 72579-122- 01 Storage Store at 20°C to 25°C (68°F to 77°F); excursions permitted between 15°C and 30°C (59°F and 86°F) [See USP Controlled Room Temperature]. 17 PATIENT COUNSELING INFORMATION Advise patients to read the FDA-approved patient labeling (Patient Information). Hemorrhage Inform patients to report signs or symptoms of severe bleeding. Inform patients that BRUKINSA may need to be interrupted for major surgeries or procedures [see Warnings and Precautions (5.1)]. Infections Inform patients to report signs or symptoms suggestive of infection [see Warnings and Precautions (5.2)]. Cytopenias Inform patients that"
CHK_CD297AF59EC9,DOC_448A3EF9F119,20260913_3e08fe23-d70e-424c-bc51-1222e320f902 (1).pdf,APPROVED_LABEL,40,2,104,657,"r procedures [see Warnings and Precautions (5.1)]. Infections Inform patients to report signs or symptoms suggestive of infection [see Warnings and Precautions (5.2)]. Cytopenias Inform patients that they will need periodic blood tests to check blood counts during treatment with BRUKINSA [see Warnings and Precautions (5.3)]. Second Primary Malignancies Inform patients that other malignancies have been reported in patients who have been Estimated using the Clopper-Pearson method. Estimated by stratified Cochran-Mantel-Haenszel method. Significance level, 0.05. Estimated by Kaplan-Meier method. Estimated median follow-up for DOR was 19 months overall."
CHK_86BD3139D4F8,DOC_448A3EF9F119,20260913_3e08fe23-d70e-424c-bc51-1222e320f902 (1).pdf,APPROVED_LABEL,41,1,105,1200,"treated with BRUKINSA, including skin cancer and other solid tumors. Advise patients to use sun protection and have monitoring for development of other cancers [see Warnings and Precautions (5.4)]. Cardiac Arrhythmias Counsel patients to report any signs of palpitations, lightheadedness, dizziness, fainting, shortness of breath, and chest discomfort [see Warnings and Precautions (5.5)]. Hepatotoxicity, Including Drug-Induced Liver Injury Inform patients that liver problems, including drug-induced liver injury and abnormalities in liver tests, may develop during BRUKINSA treatment. Advise patients to contact their healthcare provider immediately if they experience abdominal discomfort, dark urine, or jaundice [see Warnings and Precautions (5.6)]. Embryo-Fetal Toxicity Advise pregnant women and females of reproductive potential of the potential hazard to a fetus and to use effective contraception during treatment and for 1 week after the last dose of BRUKINSA [see Warnings and Precautions (5.7)]. Advise males with female sexual partners of reproductive potential to use effective contraception during BRUKINSA treatment and for 1 week after the last dose of BRUKINSA [see Use in Specifi"
CHK_DF5DB8ACA145,DOC_448A3EF9F119,20260913_3e08fe23-d70e-424c-bc51-1222e320f902 (1).pdf,APPROVED_LABEL,41,2,106,1199,"s (5.7)]. Advise males with female sexual partners of reproductive potential to use effective contraception during BRUKINSA treatment and for 1 week after the last dose of BRUKINSA [see Use in Specific Populations (8.3)]. Lactation Advise females not to breastfeed during treatment with BRUKINSA and for 2 weeks after the last dose [see Use in Specific Populations (8.2)]. Administration Instructions BRUKINSA capsules may be taken with or without food. Advise patients that BRUKINSA capsules should be swallowed whole with a glass of water and not to open, break, or chew the capsules [see Dosage and Administration (2.1)]. BRUKINSA tablets may be taken with or without food. Advise patients that BRUKINSA tablets should be swallowed whole with a glass of water and not to chew or crush the tablets. Tablets can be split in half as prescribed by the healthcare provider [see Dosage and Administration (2.1)]. Missed Dose Advise patients that if they miss a dose of BRUKINSA, they may still take it as soon as possible on the same day with a return to the normal schedule the following day [see Dosage and Administration (2.1)]. Drug Interactions Advise patients to inform their healthcare providers"
CHK_02ADEE2F5916,DOC_448A3EF9F119,20260913_3e08fe23-d70e-424c-bc51-1222e320f902 (1).pdf,APPROVED_LABEL,41,3,107,434,"s soon as possible on the same day with a return to the normal schedule the following day [see Dosage and Administration (2.1)]. Drug Interactions Advise patients to inform their healthcare providers of all concomitant medications, including over-the-counter medications, vitamins, and herbal products [see Drug Interactions (7.1)]. BRUKINSA Capsules: Manufactured for: BeOne Medicines USA, Inc. Pennington, NJ 08534 BRUKINSA Tablets:"
CHK_C8201AF58299,DOC_448A3EF9F119,20260913_3e08fe23-d70e-424c-bc51-1222e320f902 (1).pdf,APPROVED_LABEL,42,1,108,1200,"Manufactured for: BeOne Medicines USA, Inc. Pennington, NJ 08534 BRUKINSA is a registered trademark owned by BeOne Medicines I GmbH or its affiliates. © BeOne Medicines I GmbH, 2026. All Rights Reserved. PATIENT INFORMATION BRUKINSA (BROO-kin-sah) (zanubrutinib) capsules BRUKINSA (BROO-kin-sah) (zanubrutinib) tablets What is BRUKINSA? BRUKINSA is a prescription medicine used to treat adults with: Mantle cell lymphoma (MCL) who have received at least one prior treatment for their cancer. Waldenström's macroglobulinemia (WM). Marginal zone lymphoma (MZL) when the disease has come back or did not respond to treatment and who have received at least one certain type of treatment. Chronic lymphocytic leukemia (CLL) or small lymphocytic lymphoma (SLL). Follicular lymphoma (FL), in combination with the medicine obinutuzumab, when the disease has come back or did not respond to treatment and who have received at least two prior treatments. It is not known if BRUKINSA is safe and effective in children. Before taking BRUKINSA, tell your healthcare provider about all of your medical conditions, including if you: have bleeding problems. have had recent surgery or plan to have surgery. Your heal"
CHK_0D94DEA4A018,DOC_448A3EF9F119,20260913_3e08fe23-d70e-424c-bc51-1222e320f902 (1).pdf,APPROVED_LABEL,42,2,109,1199,"ildren. Before taking BRUKINSA, tell your healthcare provider about all of your medical conditions, including if you: have bleeding problems. have had recent surgery or plan to have surgery. Your healthcare provider may stop BRUKINSA for any planned medical, surgical, or dental procedure. have an infection or have been advised that you are at increased risk of infection. have or had heart rhythm problems. have high blood pressure. have liver problems, including a history of hepatitis B virus (HBV) infection. are pregnant or plan to become pregnant. BRUKINSA can harm your unborn baby. Females who are able to become pregnant: You should avoid getting pregnant during treatment and for 1 week after the last dose of BRUKINSA. Your healthcare provider may do a pregnancy test before starting treatment with BRUKINSA. You should use effective birth control (contraception) during treatment and for 1 week after the last dose of BRUKINSA. Tell your healthcare provider right away if you become pregnant or think you are pregnant during treatment with BRUKINSA. Males with female partners who are able to become pregnant: You should avoid getting female partners pregnant during treatment and for 1"
CHK_81531DCA1260,DOC_448A3EF9F119,20260913_3e08fe23-d70e-424c-bc51-1222e320f902 (1).pdf,APPROVED_LABEL,42,3,110,363,nant or think you are pregnant during treatment with BRUKINSA. Males with female partners who are able to become pregnant: You should avoid getting female partners pregnant during treatment and for 1 week after the last dose of BRUKINSA. You should use effective birth control (contraception) during treatment and for 1 week after the last dose of BRUKINSA. ® ® ®
CHK_4D7F59B67D84,DOC_448A3EF9F119,20260913_3e08fe23-d70e-424c-bc51-1222e320f902 (1).pdf,APPROVED_LABEL,43,1,111,1199,"are breastfeeding or plan to breastfeed. It is not known if BRUKINSA passes into your breast milk. Do not breastfeed during treatment with BRUKINSA and for 2 weeks after the last dose of BRUKINSA. Tell your healthcare provider about all the medicines you take, including prescription and over-the-counter medicines, vitamins, and herbal supplements. Especially tell your healthcare provider if you take a blood thinner medicine. Taking BRUKINSA with certain other medications may affect how BRUKINSA works and can cause side effects. How should I take BRUKINSA? Take BRUKINSA exactly as your healthcare provider tells you to take it. Do not change your dose or stop taking BRUKINSA unless your healthcare provider tells you to. Your healthcare provider may tell you to decrease your dose, temporarily stop, or completely stop taking BRUKINSA if you develop certain side effects. Take BRUKINSA with or without food. Swallow BRUKINSA capsules whole with a glass of water. Do not open, break, or chew the capsules. Swallow BRUKINSA tablets whole with a glass of water. Do not chew or crush the tablets. BRUKINSA tablets can be split in half as prescribed by your healthcare provider. If you miss a dose"
CHK_9FF69925445C,DOC_448A3EF9F119,20260913_3e08fe23-d70e-424c-bc51-1222e320f902 (1).pdf,APPROVED_LABEL,43,2,112,1200,"e capsules. Swallow BRUKINSA tablets whole with a glass of water. Do not chew or crush the tablets. BRUKINSA tablets can be split in half as prescribed by your healthcare provider. If you miss a dose of BRUKINSA, take it as soon as you remember on the same day. Return to your normal schedule the next day. What are the possible side effects of BRUKINSA? BRUKINSA may cause serious side effects, including: Bleeding problems (hemorrhage). Bleeding problems are common with BRUKINSA, and can be serious and may lead to death. Your risk of bleeding may increase if you are also taking a blood thinner medicine. Tell your healthcare provider if you develop any signs or symptoms of bleeding, including: blood in your stools or black stools (looks like tar) pink or brown urine unexpected bleeding, or bleeding that is severe or you cannot control vomit blood or vomit that looks like coffee grounds cough up blood or blood clots increased bruising dizziness weakness confusion change in speech headache that lasts a long time Infections that can be serious and may lead to death. Tell your healthcare provider right away if you develop fever, chills, or flu-like symptoms during your treatment with BRUK"
CHK_2B0737097793,DOC_448A3EF9F119,20260913_3e08fe23-d70e-424c-bc51-1222e320f902 (1).pdf,APPROVED_LABEL,43,3,113,631,"that lasts a long time Infections that can be serious and may lead to death. Tell your healthcare provider right away if you develop fever, chills, or flu-like symptoms during your treatment with BRUKINSA. Decrease in blood cell counts (white blood cells, platelets, and red blood cells). Your healthcare provider should do blood tests during treatment with BRUKINSA to check your blood counts. Second primary cancers. New cancers have happened in people during treatment with BRUKINSA, including cancers of the skin or other organs. Your healthcare provider will check you for other cancers during treatment with BRUKINSA. Use sun"
CHK_E7CB9BA86701,DOC_448A3EF9F119,20260913_3e08fe23-d70e-424c-bc51-1222e320f902 (1).pdf,APPROVED_LABEL,44,1,114,1200,"protection when you are outside in sunlight. Heart rhythm problems. Serious heart problems, including atrial fibrillation, atrial flutter, and ventricular arrhythmias, have happened in people treated with BRUKINSA and may lead to death. Your risk for heart rhythm problems may be increased if you have high blood pressure or have had heart rhythm problems in the past or have a short-term (acute) infection. Tell your healthcare provider if you develop any of the following signs or symptoms: your heartbeat is fast or irregular feel lightheaded or dizzy pass out (faint) shortness of breath chest discomfort Liver problems. Liver problems, which may be severe or life-threatening, or lead to death, can happen in people treated with BRUKINSA. Your healthcare provider will do blood tests to check your liver before and during treatment with BRUKINSA. Tell your healthcare provider or get medical help right away if you develop any signs of liver problems, including stomach pain or discomfort, dark-colored urine, or yellow skin and eyes. The most common side effects of BRUKINSA include: decreased white blood cell count decreased platelet count cold-like symptoms (upper respiratory tract infectio"
CHK_71219713861C,DOC_448A3EF9F119,20260913_3e08fe23-d70e-424c-bc51-1222e320f902 (1).pdf,APPROVED_LABEL,44,2,115,1200,"colored urine, or yellow skin and eyes. The most common side effects of BRUKINSA include: decreased white blood cell count decreased platelet count cold-like symptoms (upper respiratory tract infection) muscle, bone, or joint pain These are not all the possible side effects of BRUKINSA. Call your doctor for medical advice about side effects. You may report side effects to FDA at 1-800-FDA-1088. How should I store BRUKINSA? Store BRUKINSA at room temperature between 68°F and 77°F (20°C and 25°C). BRUKINSA comes in a bottle with a child-resistant cap. Keep BRUKINSA and all medicines out of the reach of children. General information about the safe and effective use of BRUKINSA. Medicines are sometimes prescribed for purposes other than those listed in a Patient Information leaflet. Do not use BRUKINSA for a condition for which it was not prescribed. Do not give BRUKINSA to other people, even if they have the same symptoms that you have. It may harm them. You can ask your healthcare provider or pharmacist for more information about BRUKINSA that is written for healthcare professionals. What are the ingredients in BRUKINSA? Active ingredient: zanubrutinib Capsule inactive ingredients: c"
CHK_6AF751DB5503,DOC_448A3EF9F119,20260913_3e08fe23-d70e-424c-bc51-1222e320f902 (1).pdf,APPROVED_LABEL,44,3,116,691,"er or pharmacist for more information about BRUKINSA that is written for healthcare professionals. What are the ingredients in BRUKINSA? Active ingredient: zanubrutinib Capsule inactive ingredients: colloidal silicon dioxide, croscarmellose sodium, magnesium stearate, microcrystalline cellulose, and sodium lauryl sulfate. The capsule shell contains edible black ink, gelatin, and titanium dioxide. Tablet inactive ingredients: colloidal silicon dioxide, croscarmellose sodium, lactose monohydrate, magnesium stearate, microcrystalline cellulose, povidone, and sodium lauryl sulfate. The film-coating contains FD&C Blue No. 1, FD&C Blue No. 2, hypromellose, titanium dioxide, and triacetin."
CHK_BE80EB92EF83,DOC_448A3EF9F119,20260913_3e08fe23-d70e-424c-bc51-1222e320f902 (1).pdf,APPROVED_LABEL,45,1,117,565,"This Patient Information has been approved by the U.S. Food and Drug Administration. Revised: 7/2026 Manufactured for: BeOne Medicines USA, Inc., Pennington, NJ 08534 BRUKINSA is a registered trademark owned by BeOne Medicines I GmbH or its affiliates. © BeOne Medicines I GmbH, 2026. All Rights Reserved. For more information, go to www.BRUKINSA.com or call 1-833-969-2463. PRINCIPAL DISPLAY PANEL - 80 mg Capsule Carton NDC 72579-011-02 Rx only Brukinsa zanubrutinib capsules 80 mg Swallow capsules whole. Do not open, break or chew the capsules. 120 capsules ® ®"
CHK_34C7F7F96FF8,DOC_448A3EF9F119,20260913_3e08fe23-d70e-424c-bc51-1222e320f902 (1).pdf,APPROVED_LABEL,46,1,118,161,PRINCIPAL DISPLAY PANEL - 160 mg Tablet Carton Rx only Brukinsa zanubrutinib tablets 160 mg Swallow tablets whole. Do not crush or chew the tablets. 60 tablets ®
CHK_DAE1BAFD4A0E,DOC_448A3EF9F119,20260913_3e08fe23-d70e-424c-bc51-1222e320f902 (1).pdf,APPROVED_LABEL,47,1,119,429,BRUKINSA zanubrutinib capsule Product Information Product Type HUMAN PRESCRIPTION DRUG Item Code (Source) NDC:72579-011 Route of Administration ORAL Active Ingredient/Active Moiety Ingredient Name Basis of Strength Strength ZANUBRUTINIB (UNII: AG9MHG098Z) (ZANUBRUTINIB - UNII:AG9MHG098Z) ZANUBRUTINIB 80 mg Inactive Ingredients Ingredient Name Strength SILICON DIOXIDE (UNII: ETJ7Z6XBU4) CROSCARMELLOSE SODIUM (UNII: M28OL1HH48)
CHK_291EEB344647,DOC_448A3EF9F119,20260913_3e08fe23-d70e-424c-bc51-1222e320f902 (1).pdf,APPROVED_LABEL,48,1,120,1162,"( ) MAGNESIUM STEARATE (UNII: 70097M6I30) MICROCRYSTALLINE CELLULOSE (UNII: OP1R32D61U) SODIUM LAURYL SULFATE (UNII: 368GB5141J) GELATIN, UNSPECIFIED (UNII: 2G86QN327L) TITANIUM DIOXIDE (UNII: 15FIX9V2JP) FERROSOFERRIC OXIDE (UNII: XM0M87F357) Product Characteristics Color WHITE (off-white) Score no score Shape CAPSULE Size 22mm Flavor Imprint Code ZANU;80 Contains Packaging # Item Code Package Description Marketing Start Date Marketing End Date 1 NDC:72579- 011-02 1 in 1 CARTON 11/14/2019 1 120 in 1 BOTTLE, PLASTIC; Type 0: Not a Combination Product 2 NDC:72579- 011-01 1 in 1 CARTON 11/14/2019 09/30/2021 2 60 in 1 BOTTLE, PLASTIC; Type 0: Not a Combination Product Marketing Information Marketing Category Application Number or Monograph Citation Marketing Start Date Marketing End Date NDA NDA213217 11/14/2019 BRUKINSA zanubrutinib tablet, film coated Product Information Product Type HUMAN PRESCRIPTION DRUG Item Code (Source) NDC:72579-122 Route of Administration ORAL Active Ingredient/Active Moiety Ingredient Name Basis of Strength Strength ZANUBRUTINIB (UNII: AG9MHG098Z) (ZANUBRUTINIB - UNII:AG9MHG098Z) ZANUBRUTINIB 160 mg Inactive Ingredients"
CHK_91F0BE71D5CE,DOC_448A3EF9F119,20260913_3e08fe23-d70e-424c-bc51-1222e320f902 (1).pdf,APPROVED_LABEL,49,1,121,1200,"Ingredient Name Strength CROSCARMELLOSE SODIUM (UNII: M28OL1HH48) LACTOSE MONOHYDRATE (UNII: EWQ57Q8I5X) MAGNESIUM STEARATE (UNII: 70097M6I30) MICROCRYSTALLINE CELLULOSE 102 (UNII: PNR0YF693Y) POVIDONE K30 (UNII: U725QWY32X) SODIUM LAURYL SULFATE (UNII: 368GB5141J) SILICON DIOXIDE (UNII: ETJ7Z6XBU4) FD&C BLUE NO. 1 (UNII: H3R47K3TBD) FD&C BLUE NO. 2 (UNII: L06K8R7DQK) HYPROMELLOSE, UNSPECIFIED (UNII: 3NXW29V3WO) TITANIUM DIOXIDE (UNII: 15FIX9V2JP) TRIACETIN (UNII: XHX3C3X673) Product Characteristics Color blue Score 2 pieces Shape OVAL Size 16mm Flavor Imprint Code zanu Contains Packaging # Item Code Package Description Marketing Start Date Marketing End Date 1 NDC:72579-122- 01 1 in 1 CARTON 08/18/2025 1 60 in 1 BOTTLE; Type 0: Not a Combination Product Marketing Information Marketing Category Application Number or Monograph Citation Marketing Start Date Marketing End Date NDA NDA218785 08/18/2025 Labeler - BeOne Medicines USA, Inc. (119367185) Establishment Name Address ID/FEI Business Operations AndersonBrecon Inc. 053217022 PACK(72579-011, 72579-122) , LABEL(72579-011, 72579-122) Establishment Name Address ID/FEI Business Operations Changzhou SynTheAll Pharmaceutical Co., Ltd 5"
CHK_E16C7E998D15,DOC_448A3EF9F119,20260913_3e08fe23-d70e-424c-bc51-1222e320f902 (1).pdf,APPROVED_LABEL,49,2,122,279,"ss Operations AndersonBrecon Inc. 053217022 PACK(72579-011, 72579-122) , LABEL(72579-011, 72579-122) Establishment Name Address ID/FEI Business Operations Changzhou SynTheAll Pharmaceutical Co., Ltd 544385021 ANALYSIS(72579-011, 72579-122) , API MANUFACTURE(72579-011, 72579-122)"
CHK_D3D01DD4BD73,DOC_448A3EF9F119,20260913_3e08fe23-d70e-424c-bc51-1222e320f902 (1).pdf,APPROVED_LABEL,50,1,123,821,"BeOne Medicines USA, Inc. Establishment Name Address ID/FEI Business Operations Catalent CTS, LLC 962674474 ANALYSIS(72579-011) , MANUFACTURE(72579-011) Establishment Name Address ID/FEI Business Operations Catalent Pharma Solutions, LLC 829672745 ANALYSIS(72579-122) , MANUFACTURE(72579-122) Establishment Name Address ID/FEI Business Operations Allpack Group AG 484572565 PACK(72579-122) , LABEL(72579-122) Establishment Name Address ID/FEI Business Operations Siegfried Evionnaz SA 480093164 ANALYSIS(72579-122) , API MANUFACTURE(72579-122) Establishment Name Address ID/FEI Business Operations Sharp Packaging Services, LLC 117503828 PACK(72579-122) , LABEL(72579-122) Establishment Name Address ID/FEI Business Operations BeOne Pharmaceutical (Suzhou) Co.,Ltd 543941083 ANALYSIS(72579-011, 72579-122) Revised: 9/2026"
CHK_A7AC5A7F0D78,DOC_21FF4F1370C5,jco-41-1035 (2).pdf,SCIENTIFIC_PUBLICATION,1,1,1,1200,"original reports Zanubrutinib Versus Ibrutinib in Relapsed/ Refractory Chronic Lymphocytic Leukemia and Small Lymphocytic Lymphoma: Interim Analysis of a Randomized Phase III Trial Peter Hillmen, MBChB, PhD1; Barbara Eichhorst, MD2; Jennifer R. Brown, MD, PhD3; Nicole Lamanna, MD4; Susan M. O’Brien, MD5; Constantine S. Tam, MBBS, MD6-9; Lugui Qiu, MD, PhD10; Maciej Kazmierczak, MD, PhD11; Keshu Zhou, MD, PhD12; Martin ˇSimkoviˇc, MD, PhD13,14; Jiˇr´ı Mayer, MD15; Amanda Gillespie-Twardy, MD16; Mazyar Shadman, MD, MPH17,18; Alessandra Ferrajoli, MD19; Peter S. Ganly, BMBCh, PhD20; Robert Weinkove, MBBS, PhD21,22; Sebastian Grosicki, MD, PhD23; Andrzej Mital, MD, PhD24; Tadeusz Robak, MD, PhD25; Anders ¨Osterborg, MD, PhD26,27; Habte A. Yimer, MD28; Tommi Salmi, MD29; Meng Ji, MD30; Jessica Yecies, PhD29; Adam Idoine, PhD29; Kenneth Wu, PhD29; Jane Huang, MD29; and Wojciech Jurczak, MD, PhD31 abstract PURPOSE Zanubrutinib is a potent, irreversible next-generation Bruton tyrosine kinase (BTK) inhibitor designed to maximize BTK occupancy and minimize off-target kinase inhibition. We hypothesized that complete/ sustained BTK occupancy may improve efﬁcacy outcomes and increased BTK speci"
CHK_4E5F822FBF7B,DOC_21FF4F1370C5,jco-41-1035 (2).pdf,SCIENTIFIC_PUBLICATION,1,2,2,1200,"BTK) inhibitor designed to maximize BTK occupancy and minimize off-target kinase inhibition. We hypothesized that complete/ sustained BTK occupancy may improve efﬁcacy outcomes and increased BTK speciﬁcity may minimize off- target inhibition-related toxicities. PATIENTS AND METHODS ALPINE (ClinicalTrials.gov identiﬁer: NCT03734016) is a global, randomized, open-label phase III study of zanubrutinib versus ibrutinib in patients with relapsed/refractory chronic lymphocytic leukemia. The primary end point was investigator-assessed overall response rate (ORR). The preplanned interim analysis was scheduled approximately 12 months after the ﬁrst 415 patients were enrolled. RESULTS Between November 1, 2018, and December 14, 2020, 652 patients were enrolled. We present the interim analysis of the ﬁrst 415 enrolled patients randomly assigned to receive zanubrutinib (n 5 207) or ibrutinib (n 5 208). At 15 months of median follow-up, ORR (partial or complete response) was signiﬁcantly higher with zanubrutinib (78.3%; 95% CI, 72.0 to 83.7) versus ibrutinib (62.5%; 95% CI, 55.5 to 69.1; two- sided P , .001). ORR was higher with zanubrutinib versus ibrutinib in subgroups with del(17p)/TP53 mutat"
CHK_94DC8E7A5C28,DOC_21FF4F1370C5,jco-41-1035 (2).pdf,SCIENTIFIC_PUBLICATION,1,3,3,1198,"zanubrutinib (78.3%; 95% CI, 72.0 to 83.7) versus ibrutinib (62.5%; 95% CI, 55.5 to 69.1; two- sided P , .001). ORR was higher with zanubrutinib versus ibrutinib in subgroups with del(17p)/TP53 mutations (80.5% v 50.0%) and del(11q) (83.6% v 69.1%); 12-month progression-free survival in all patients was higher with zanubrutinib (94.9%) versus ibrutinib (84.0%; hazard ratio, 0.40; 95% CI, 0.23 to 0.69). Atrial ﬁbrillation rate was signiﬁcantly lower with zanubrutinib versus ibrutinib (2.5% v 10.1%; two-sided P 5 .001). Rates of cardiac events, major hemorrhages, and adverse events leading to treatment discontinuation/death were lower with zanubrutinib. CONCLUSION Zanubrutinib had a signiﬁcantly higher ORR, lower atrial ﬁbrillation rate, and improved progression- free survival and overall cardiac safety proﬁle versus ibrutinib. These data support improved efﬁcacy/safety outcomes with selective BTK inhibition. J Clin Oncol 41:1035-1045. © 2022 by American Society of Clinical Oncology Creative Commons Attribution Non-Commercial No Derivatives 4.0 License INTRODUCTION Chronic lymphocytic leukemia (CLL) is the most common leukemia in the western world with an inci- dence of 4.2/100,000"
CHK_EB72B274547C,DOC_21FF4F1370C5,jco-41-1035 (2).pdf,SCIENTIFIC_PUBLICATION,1,4,4,1200,"ative Commons Attribution Non-Commercial No Derivatives 4.0 License INTRODUCTION Chronic lymphocytic leukemia (CLL) is the most common leukemia in the western world with an inci- dence of 4.2/100,000 persons per year.1 Chemo- immunotherapy has improved outcomes for patients with CLL,2 but the advent of nonchemotherapy-based treatments, including B-cell receptor inhibitors, has transformed CLL treatment.3 A ﬁrst-generation Bruton tyrosine kinase inhibitor (BTKi), ibrutinib, is a standard treatment option for untreated and relapsed/refractory CLL.3 However, ibrutinib is associated with adverse events (AEs) which may be attributed to off- target kinase inhibition, such as hemorrhage, atrial ﬁ- brillation, ventricular arrhythmias, and hypertension.4-6 Approximately 16%-23% of patients discontinue ibru- tinib because of treatment-related toxicities.7-10 In RESONATE, a landmark study comparing ibrutinib versus ofatumumab in patients with relapsed/refractory CLL or small lymphocytic lymphoma (SLL), 37% dis- continued ibrutinib because of progressive disease (PD) ASSOCIATED CONTENT Data Supplement Protocol Author afﬁliations and support information (if applicable) appear at the end of this"
CHK_F8D8855A4426,DOC_21FF4F1370C5,jco-41-1035 (2).pdf,SCIENTIFIC_PUBLICATION,1,5,5,372,"(SLL), 37% dis- continued ibrutinib because of progressive disease (PD) ASSOCIATED CONTENT Data Supplement Protocol Author afﬁliations and support information (if applicable) appear at the end of this article. Accepted on September 14, 2022 and published at ascopubs.org/journal/ jco on November 17, 2022: DOI https://doi. org/10.1200/JCO.22. 00510 Volume 41, Issue 5 1035"
CHK_0DEBFBCC76AF,DOC_21FF4F1370C5,jco-41-1035 (2).pdf,SCIENTIFIC_PUBLICATION,2,1,6,1200,"and high-risk patients (del[17p] and/or TP53 mutation) treated with ibrutinib had median progression-free survival (PFS) of 40.7 versus 56.9 months in patients without mutations.9 Zanubrutinib (BGB-3111), a potent, irreversible next- generation BTKi, is more selective for BTK inhibition and exhibits less off-target kinase activity than ibrutinib.11,12 In a phase I/II zanubrutinib study (BGB-3111-AU-003) in pa- tients with CLL/SLL (82%; 101 of 123 relapsed/refractory), zanubrutinib demonstrated complete and sustained BTK occupancy in peripheral blood mononuclear cells and lymph nodes of all patients.12 At a median follow-up of 54.1 months (treatment-naive) and 43.7 months (relapsed/refractory), 21% discontinued zanubrutinib because of PD and 10% because of AEs, and the rate of atrial ﬁbrillation/ﬂutter was 4.9%.13 Estimated 2-year PFS was 90% in treatment-naive and 91% in relapsed/refractory patients, with a median follow-up of 47.2 months.13 For patients with del(17p)/TP53, PFS was 82% at 2 years. In patients with relapsed/refractory CLL, the overall response rate (ORR) was 95%.13 Achieving complete BTK inhibition in blood and lymph nodes is hypothesized to provide meaningful and s"
CHK_B5F3BD564501,DOC_21FF4F1370C5,jco-41-1035 (2).pdf,SCIENTIFIC_PUBLICATION,2,2,7,1199,"at 2 years. In patients with relapsed/refractory CLL, the overall response rate (ORR) was 95%.13 Achieving complete BTK inhibition in blood and lymph nodes is hypothesized to provide meaningful and sustained responses in CLL/SLL.12 It is hypothesized that higher se- lectivity reduces toxicities and high BTK occupancy max- imizes efﬁcacy, potentially increasing the likelihood of achieving deep and sustained remission in CLL.12 We, therefore, initiated a global multicenter, open-label phase III, head-to-head study of zanubrutinib or ibrutinib in pa- tients with relapsed/refractory CLL. PATIENTS AND METHODS Study Design ALPINE (ClinicalTrials.gov identiﬁer: NCT03734016) is a global, randomized, open-label phase III study of zanubrutinib versus ibrutinib in patients with relapsed/ refractory CLL. The results of a preplanned interim anal- ysis scheduled approximately 12 months after the enroll- ment of the ﬁrst 415 patients are presented. The trial was approved by the institutional review board or independent ethics committee at each study site and conducted in accordance with the principles of the Declaration of Hel- sinki, International Council on Harmonisation guidelines, the princi"
CHK_1319D88A935B,DOC_21FF4F1370C5,jco-41-1035 (2).pdf,SCIENTIFIC_PUBLICATION,2,3,8,1200,"board or independent ethics committee at each study site and conducted in accordance with the principles of the Declaration of Hel- sinki, International Council on Harmonisation guidelines, the principles of Good Clinical Practice, and all applicable regulatory requirements. All participants gave written in- formed consent. Patients Eligible patients had a conﬁrmed diagnosis of CLL or SLL that met International Workshop on CLL (iwCLL) criteria,14 required treatment, were relapsed after, or refractory to, at least one prior line of therapy, were age 18 years or older, and had measurable disease by imaging. Patients were required to have an Eastern Cooperative Oncology Group performance status score of 0, 1, or 2; adequate bone marrow and organ function; and a life expectancy of $ 6 months. Patients with bleeding disorders, active infections, stroke/intracranial hemorrhage, recent prior malignancies, or major surgery were ineligible. Patients with ongoing treatment with warfarin, strong CYP3A inhibitors/inducers, corticosteroids, or previously treated with BTKis were ex- cluded (Data Supplement, online only). Random Assignment and Treatment Patients were randomly assigned 1:1 to rece"
CHK_FA3C013E455D,DOC_21FF4F1370C5,jco-41-1035 (2).pdf,SCIENTIFIC_PUBLICATION,2,4,9,1200,"CYP3A inhibitors/inducers, corticosteroids, or previously treated with BTKis were ex- cluded (Data Supplement, online only). Random Assignment and Treatment Patients were randomly assigned 1:1 to receive zanu- brutinib 160 mg twice daily or ibrutinib 420 mg once daily until PD or unacceptable toxicity (Data Supplement). Study drugs were administered open-label because dosing schedules and suggested dose modiﬁcations differed. Patients were randomly assigned by an interactive web response system on the basis of a computer-generated CONTEXT Key Objective The Bruton tyrosine kinase (BTK) inhibitor ibrutinib is a standard treatment option for untreated and relapsed/refractory chronic lymphocytic leukemia (CLL) and is associated with adverse events which may be attributed to off-target kinase inhibition. Zanubrutinib, a highly selective next-generation BTK inhibitor, was designed to maximize BTK occupancy and minimize off-target inhibition. To our knowledge, ALPINE (ClinicalTrials.gov identiﬁer: NCT03734016) is the ﬁrst head-to- head study of zanubrutinib versus ibrutinib in patients with relapsed/refractory CLL. This interim analysis evaluates the efﬁcacy and safety of zanubrutinib ver"
CHK_F4D8CEDA4E35,DOC_21FF4F1370C5,jco-41-1035 (2).pdf,SCIENTIFIC_PUBLICATION,2,5,10,859,"iﬁer: NCT03734016) is the ﬁrst head-to- head study of zanubrutinib versus ibrutinib in patients with relapsed/refractory CLL. This interim analysis evaluates the efﬁcacy and safety of zanubrutinib versus ibrutinib in patients with relapsed/refractory CLL. Knowledge Generated Initial data from the ALPINE study suggest that zanubrutinib may improve efﬁcacy outcomes, and its increased speciﬁcity may minimize off-target, inhibition-related toxicities. Relevance (S. Lentzsch) Owing to the favorable beneﬁt risk proﬁle for zanubrutinib shown in the ALPINE trial, zanubrutinib is preferred over ibrutinib for the treatment of most patients with relapsed/refractory CLL/small lymphocytic lymphoma.* *Relevance section written by JCO Associate Editor Suzanne Lentzsch, MD, PhD. 1036 © 2022 by American Society of Clinical Oncology Volume 41, Issue 5 Hillmen et al"
CHK_1AB6E7DB7EFE,DOC_21FF4F1370C5,jco-41-1035 (2).pdf,SCIENTIFIC_PUBLICATION,3,1,11,1200,"random assignment schedule, and patients were stratiﬁed by age (younger than 65 v 65 years or older), geographic region (China v non-China), refractory status, and del(17p)/ TP53 mutation status (Table 1). Patients were stratiﬁed by geographic region to account for potential differences in standards of care and prior treatments. Outcomes Efﬁcacy end points were analyzed with the intent-to-treat analysis set and only included the ﬁrst 415 patients ran- domly assigned in the study. The safety analysis set in- cluded all patients who received any dose of the study drug among the ﬁrst 415 randomly assigned patients. Safety data from all enrolled patients will be available at the ﬁnal analysis. The primary efﬁcacy end point was investigator-assessed ORR, deﬁned as complete response (CR) or partial re- sponse (PR) per regulatory authority requirement. Disease response was assessed per iwCLL 2008 criteria every 3 months for 2 years then every 6 months,14 with modiﬁcation for treatment-related lymphocytosis15 for patients with CLL and per Lugano classiﬁcation16 for patients with SLL (Pro- tocol, online only). To support the primary analysis, ORR per blinded independent central review (ICR)"
CHK_D8F47894AF75,DOC_21FF4F1370C5,jco-41-1035 (2).pdf,SCIENTIFIC_PUBLICATION,3,2,12,1198,"lymphocytosis15 for patients with CLL and per Lugano classiﬁcation16 for patients with SLL (Pro- tocol, online only). To support the primary analysis, ORR per blinded independent central review (ICR) and rate of PR with lymphocytosis (PR-L) or higher were analyzed. Secondary end points included PFS, atrial ﬁbrillation/ﬂutter rate, duration of response, rate of PR-L or higher, overall survival (OS), time to treatment failure, and patient-reported outcomes. AEs were graded according to the National Cancer Institute Common Toxicity Criteria for Adverse Events version 4.03. Hematologic AEs were graded according to the CLL Working Group grading scheme (Data Supplement).14 Arrhythmia signs/symptoms were reviewed at every visit. Statistical Analysis A sample size of 600 was estimated to provide . 90% power to demonstrate noninferiority of zanubrutinib to ibrutinib in ORR, with a noninferiority margin of 0.8558 on the response ratio scale (zanubrutinib rate divided by ibrutinib rate), an assumed response ratio of 1.02 (72%/70%), and a one- sided alpha level of 0.025. The prespeciﬁed interim analysis included the ﬁrst 415 randomly assigned patients. On April 20, 2021, the independent data"
CHK_AB6B3EAA9F5C,DOC_21FF4F1370C5,jco-41-1035 (2).pdf,SCIENTIFIC_PUBLICATION,3,3,13,1200,"med response ratio of 1.02 (72%/70%), and a one- sided alpha level of 0.025. The prespeciﬁed interim analysis included the ﬁrst 415 randomly assigned patients. On April 20, 2021, the independent data monitoring committee reviewed the interim analysis and conﬁrmed that the pre- speciﬁed statistical boundary for noninferiority in ORR had been crossed based on a stratiﬁed Wald test of the response ratio. Subsequent formal hypothesis testing was performed, including the superiority of ORR per a prespeciﬁed hy- pothesis testing approach (Protocol). RESULTS Patient Population Between November 1, 2018, and December 14, 2020, 652 patients were enrolled from 113 sites across 15 countries in North America, Europe, and Asia-Paciﬁc. The TABLE 1. Demographic and Baseline Characteristics Characteristic Zanubrutinib (n 5 207) Ibrutinib (n 5 208) Age, median (range) 67 (35-90) 67 (36-89) Age 65 years or older, No. (%) 129 (62.3) 128 (61.5) Male, No. (%) 142 (68.6) 156 (75.0) ECOG PS $ 1, No. (%) 128 (61.8) 132 (63.5) Geographic region, No. (%) Asia 26 (12.6) 26 (12.5) Australia/New Zealand 20 (9.7) 16 (7.7) Europe 130 (62.8) 124 (59.6) North America 31 (15.0) 42 (20.2) del(17p) and/or mutant TP53,"
CHK_8EF1FF4A10B6,DOC_21FF4F1370C5,jco-41-1035 (2).pdf,SCIENTIFIC_PUBLICATION,3,4,14,1200,"61.8) 132 (63.5) Geographic region, No. (%) Asia 26 (12.6) 26 (12.5) Australia/New Zealand 20 (9.7) 16 (7.7) Europe 130 (62.8) 124 (59.6) North America 31 (15.0) 42 (20.2) del(17p) and/or mutant TP53, No. (%) 41 (19.8)a 38 (18.3) del(17p) 24 (11.6) 26 (12.5) TP53 mutated 29 (14.0)a 24 (11.5) del(11q), No. (%) 61 (29.5) 55 (26.4) IGHV unmutated,b No. (%) 147 (71.0) 148 (71.2) Complex karyotype,c PhD No. (%) 36 (17.4) 43 (20.7) Bulky disease ($ 5 cm), No. (%) 106 (51.2) 105 (50.5) Beta-2 microglobulin,d No. (%) # 3.5 mg/L 71 (34.3) 63 (30.3) . 3.5 mg/L 113 (54.6) 111 (53.4) Lactate dehydrogenase, median (range) 217 (117-1,828) 212 (119-621) Disease stage, No. (%) Binet stage A/B or Ann Arbor stage I/II 122 (58.9) 124 (59.6) Binet stage C or Ann Arbor stage III/IV 85 (41.1) 84 (40.4) Prior lines of therapy, median (range) 1 (1-6) 1 (1-8) 1 prior line, No. (%) 116 (56.0) 110 (52.9) 2 prior lines, No. (%) 57 (27.5) 49 (23.6) 3 prior lines, No. (%) 19 (9.2) 28 (13.5) . 3 prior lines, No. (%) 15 (7.2) 21 (10.1) Anti-CD20 antibody, No. (%) 176 (85.0) 172 (82.7) Alkylator (excluding bendamustine), No. (%) 178 (86.0) 165 (79.3) Chemoimmunotherapy, No. (%) 166 (80.2) 158 (76.0) Purine analogu"
CHK_33C2B223ECA9,DOC_21FF4F1370C5,jco-41-1035 (2).pdf,SCIENTIFIC_PUBLICATION,3,5,15,1104,"15 (7.2) 21 (10.1) Anti-CD20 antibody, No. (%) 176 (85.0) 172 (82.7) Alkylator (excluding bendamustine), No. (%) 178 (86.0) 165 (79.3) Chemoimmunotherapy, No. (%) 166 (80.2) 158 (76.0) Purine analogue, No. (%) 118 (57.0) 105 (50.5) Bendamustine, No. (%) 51 (24.6) 66 (31.7) PI3K/SYK inhibitor, No. (%) 8 (3.9) 10 (4.8) BCL2 inhibitor, No. (%) 2 (1.0) 3 (1.4) IMiD, No. (%) 3 (1.4) 1 (0.5) Alemtuzumab, No. (%) 0 (0.0) 1 (0.5) Abbreviations: BCL2, B-cell lymphoma 2; CD20, cluster of differentiation 20; ECOG PS, Eastern Cooperative Oncology Group performance status; IGHV, immunoglobulin heavy chain variable region; IMiD, immunomodulatory drugs; PI3K, phosphatidylinositol 3-kinase; SYK, spleen-associated tyrosine kinase. aTwo patients with missing values. bSeventeen and 14 patients in zanubrutinib and ibrutinib arms, respectively, with missing values. cComplex karyotype is deﬁned as having three or more abnormalities. dTwenty-three and 34 patients in zanubrutinib and ibrutinib arms, respectively, with missing values. Journal of Clinical Oncology 1037 Zanubrutinib Versus Ibrutinib in R/R CLL/SLL"
CHK_6AAA51E737AD,DOC_21FF4F1370C5,jco-41-1035 (2).pdf,SCIENTIFIC_PUBLICATION,4,1,16,1200,"interim analysis only included the ﬁrst 415 patients en- rolled in the study; the 415th patient was randomly assigned on December 20, 2019. Patients were randomly assigned 1:1 to zanubrutinib (n 5 207) or ibrutinib (n 5 208; Fig 1). Demographics and disease character- istics were balanced at baseline, except for more female patients on zanubrutinib versus ibrutinib (31% v 25%; Table 1). The median age was 67 years (range, 35-90 years), 83% were White, 12% were Asian, 51% of patients entered the study with bulky disease, 50% with cytope- nias, and 19% had del(17p) and/or TP53 mutations. The median prior lines of therapy was one (range, 1-8); 9% of patients received more than three lines of therapy (Table 1). A total of 80% and 76% of patients on zanu- brutinib and ibrutinib, respectively, had previously received chemoimmunotherapy. At data cutoff (December 31, 2020), 87.4% and 75.5% of patients in the zanubrutinib and ibrutinib arms, respectively, were still receiving treatment. Three patients in the zanubrutinib arm and one patient in the ibrutinib arm did not receive any drug and were excluded from the safety analyses. Efﬁcacy After 15.3 months of median follow-up (range, 0.1-26.0"
CHK_67CDF686C50F,DOC_21FF4F1370C5,jco-41-1035 (2).pdf,SCIENTIFIC_PUBLICATION,4,2,17,1199,"atients in the zanubrutinib arm and one patient in the ibrutinib arm did not receive any drug and were excluded from the safety analyses. Efﬁcacy After 15.3 months of median follow-up (range, 0.1-26.0 months), investigator-assessed ORR (CR and PR) was signiﬁcantly higher with zanubrutinib versus ibrutinib (78.3% v 62.5%; two-sided P , .001; Table 2). Consistent beneﬁt in favor of zanubrutinib was observed in all pre- speciﬁed patient subgroups (Fig 2). A higher ORR among patients with del(17p)/TP53 mutation was observed with zanubrutinib versus ibrutinib (80.5% v 50.0%; 95% CI rate difference, 10.5 to 50.5; Table 2). Patients with del(11q) achieved an ORR of 83.6% with zanubrutinib and 69.1% with ibrutinib (Fig 2). By ICR, ORR met noninferiority (76.3% v 64.4%; P , .001) but not superiority (P 5 .0121, two-sided signiﬁcance level 0.0099). In patients with del(17p)/TP53 mutation, ORR by ICR was 80.5% with zanubrutinib versus 55.3% with ibrutinib (Data Supplement). The concordance rate for best overall response of PR or higher between ICR and inves- tigator was 94.2% and 93.3% for the zanubrutinib and ibrutinib arms, respectively; the concordance rate of PR-L or higher was 91.3% and"
CHK_822F5193A749,DOC_21FF4F1370C5,jco-41-1035 (2).pdf,SCIENTIFIC_PUBLICATION,4,3,18,1200,"or best overall response of PR or higher between ICR and inves- tigator was 94.2% and 93.3% for the zanubrutinib and ibrutinib arms, respectively; the concordance rate of PR-L or higher was 91.3% and 92.8%, respectively. Patients achieving a best overall response of PR-L or higher were Patients assessed for eligibility (N = 491) Did not meet eligibility criteria Withdrawal by subject Adverse event Other (n = 57) (n = 9) (n = 3) (n = 7) Patients randomly assigned (n = 415) Assigned to ibrutinib (n = 208) Included in intention- to-treat analysis (n = 208) Included in intention- to-treat analysis (n = 207) Discontinued treatment Adverse event COVID-19 Progressive disease Withdrawal by patient (n = 23) (n = 16) (n = 1) (n = 4) (n = 3) Did not receive treatment Other (chickenpox) Withdrawal by patient (n = 3) (n = 1) (n = 2) Did not receive treatment Physician decision (thrombocytopenia) (n = 1) (n = 1) Discontinued treatment Adverse event COVID-19 Progressive disease Withdrawal by patient Physician decision Lost to follow-up (n = 50) (n = 27) (n = 2) (n = 14) (n = 6) (n = 2) (n = 1) Assigned to zanubrutinib (n = 207) Treatment ongoing (n = 157) Treatment ongoing (n = 181) FIG 1. ALPINE"
CHK_35E24DE8C107,DOC_21FF4F1370C5,jco-41-1035 (2).pdf,SCIENTIFIC_PUBLICATION,4,4,19,480,"Physician decision Lost to follow-up (n = 50) (n = 27) (n = 2) (n = 14) (n = 6) (n = 2) (n = 1) Assigned to zanubrutinib (n = 207) Treatment ongoing (n = 157) Treatment ongoing (n = 181) FIG 1. ALPINE study CONSORT diagram. A total of 491 patients had been screened at the time of random assignment of the 415th patient. All 415 randomly assigned patients were included in the efﬁcacy analyses. 1038 © 2022 by American Society of Clinical Oncology Volume 41, Issue 5 Hillmen et al"
CHK_00AEACDF4A77,DOC_21FF4F1370C5,jco-41-1035 (2).pdf,SCIENTIFIC_PUBLICATION,5,1,20,1200,"88.4% with zanubrutinib and 81.3% with ibrutinib by in- vestigator. Transient lymphocytosis was observed with both BTKi; lymphocytosis returned to baseline in approximately 3 months for zanubrutinib and 4 months for ibrutinib (Data Supplement). Investigator-assessed PFS at 12 months was 94.9% (95% CI, 90.7 to 97.2) with zanubrutinib and 84.0% TABLE 2. Investigator-Assessed ORR in All Patients and in Patients With del(17p)/TP53 Mutation Best Response All Patients del(17p)/TP53 Zanubrutinib (n 5 207) Ibrutinib (n 5 208) Zanubrutinib (n 5 41) Ibrutinib (n 5 38) ORR 95% CI 162 (78.3)a 72.0 to 83.7 130 (62.5)a 55.5 to 69.1 33 (80.5) 65.1 to 91.2 19 (50.0) 33.4 to 66.6 CR or CRi 4 (1.9) 3 (1.4) 0 (0.0) 0 (0.0) PR or nPR 158 (76.3) 127 (61.1) 33 (80.5) 19 (50) PR-L 21 (10.1) 39 (18.8) 3 (7.3) 8 (21.1) SD 17 (8.2) 28 (13.5) 2 (4.9) 8 (21.1) PD 1 (0.5) 2 (1.0) 0 (0.0) 1 (2.6) Discontinue before ﬁrst assessment, NA or NE 6 (2.9) 9 (4.3) 3 (7.3) 2 (5.3) NOTE. Data are presented as No. (%). Abbreviations: CR, complete response; CRi, CR with incomplete bone marrow recovery; NA, not assessed; NE, not evaluable; nPR, nodular partial response; ORR, overall response rate; PD, progressive disease; P"
CHK_21A72C1DE7C5,DOC_21FF4F1370C5,jco-41-1035 (2).pdf,SCIENTIFIC_PUBLICATION,5,2,21,1199,"iations: CR, complete response; CRi, CR with incomplete bone marrow recovery; NA, not assessed; NE, not evaluable; nPR, nodular partial response; ORR, overall response rate; PD, progressive disease; PR, partial response; PR-L, partial response with lymphocytosis; SD, stable disease. aNoninferiority one-sided P , .0001, superiority two-sided P 5 .0006. -100 100 -75 75 -50 50 0 -25 25 Younger than 65 65 or older Male Female Binet stage of A/B or Ann Arbor stage I/II bulky Binet stage C or Ann Arbor stage III/IV Asia Australia/New Zealand Europe North America 1-3 > 3 0  1 Present Absent Deleted/abnormal Not deleted/normal Unmutated Mutated All patients Age group, years Sex Disease stage Geographic region Prior lines of therapy Baseline ECOG performance status Baseline del(17p)/TP53 mutation status del(11q) mutation status Baseline IGHV mutation status Bulky disease  5 cm < 5 cm 162/207 65/78 97/129 108/142 54/65 92/122 70/85 18/26 13/20 106/130 25/31 151/192 11/15 63/79 99/128 33/41 127/164 51/61 111/146 122/147 26/43 85/106 77/101 130/208 55/80 75/128 94/156 36/52 81/124 49/84 15/26 10/16 83/124 22/42 116/187 14/21 42/76 88/132 19/38 111/170 38/55 92/153 96/148 22/46 65/105 63/103"
CHK_CE6D840B9B05,DOC_21FF4F1370C5,jco-41-1035 (2).pdf,SCIENTIFIC_PUBLICATION,5,3,22,1200,"/164 51/61 111/146 122/147 26/43 85/106 77/101 130/208 55/80 75/128 94/156 36/52 81/124 49/84 15/26 10/16 83/124 22/42 116/187 14/21 42/76 88/132 19/38 111/170 38/55 92/153 96/148 22/46 65/105 63/103 15.8 (7.1 to 24.4) 14.6 (1.5 to 27.7) 16.6 (5.3 to 27.9) 15.8 (5.4 to 26.2) 13.8 (-1.7 to 29.4) 10.1 (-1.3 to 21.4) 24.0 (10.7 to 37.3) 11.5 (-14.4 to 37.5) 2.5 (-29.1 to 34.1) 14.6 (4.0 to 25.2) 28.3 (7.7 to 48.8) 16.6 (7.6 to 25.7) 6.7 (-23.5 to 36.8) 24.5 (10.2 to 38.7) 10.7 (-0.2 to 21.5) 30.5 (10.5 to 50.5) 12.1 (2.5 to 21.7) 14.5 (-0.8 to 29.9) 15.9 (5.5 to 26.3) 18.1 (8.3 to 27.9) 12.6 (-7.9 to 33.2) 16.4 (4.5 to 28.3) 15.1 (2.5 to 27.6) Ibrutinib Favors Ibrutinib Favors Zanubrutinib Rate Difference, % (95% CI) Zanubrutinib Subgroup Response/Patients FIG 2. Subgroup analysis for ORR. Forest plot showing ORR in prespeciﬁed baseline and disease subgroups. The rate difference (unstratiﬁed estimates of the differences in response rates) and 95% CI (normal approximations) are shown as a blue dot and black bars. A rate difference of greater than zero represents response rates favoring zanubrutinib. ECOG PS, Eastern Cooperative Oncology Group performance status; IGHV, immunoglobulin he"
CHK_C8448DBDB93E,DOC_21FF4F1370C5,jco-41-1035 (2).pdf,SCIENTIFIC_PUBLICATION,5,4,23,333,"blue dot and black bars. A rate difference of greater than zero represents response rates favoring zanubrutinib. ECOG PS, Eastern Cooperative Oncology Group performance status; IGHV, immunoglobulin heavy chain variable region; ORR, overall response rate. Journal of Clinical Oncology 1039 Zanubrutinib Versus Ibrutinib in R/R CLL/SLL"
CHK_554D82DBACDF,DOC_21FF4F1370C5,jco-41-1035 (2).pdf,SCIENTIFIC_PUBLICATION,6,1,24,1200,"(95% CI, 78.1 to 88.5) with ibrutinib. At data cutoff, 21 and 44 PFS events occurred in the zanubrutinib and ibrutinib arms, respectively (Data Supplement). Hazard ratio for PD or death was 0.40 (95% CI, 0.23 to 0.69; for descriptive purposes only P , .001; Fig 3A). Similar 12-month PFS was seen in ICR-assessed data (92.2% in the zanubrutinib arm, 82.4% in the ibrutinib arm; Data Supplement). Twelve-month PFS was favorable for patients treated with zanubrutinib regardless of del(17p)/TP53 mutation status (91.5% v 74.4%; Fig 3B). A formal PFS ﬁnal analysis will be conducted once 205 PFS events are observed. Among responders, the estimated proportion of responses with a duration $ 12 months was higher for zanubrutinib (89.8%; 95% CI, 78.1 to 95.4) than ibrutinib (77.9%; 95% CI, 64.7 to 86.7). At data cutoff, nine events (ﬁve PD and four deaths without PD) among 162 zanubrutinib responders and 16 events (14 PD and two deaths without PD) among 130 ibrutinib responders were observed. A total of 7.2% of patients died before data cutoff. The 12-month OS rate was 97.0% and 92.7% with zanubrutinib and ibrutinib (hazard ratio, 0.54; 95% CI, 0.25 to 1.16), respectively (Fig 3C). Safety Median"
CHK_AA0932E125D6,DOC_21FF4F1370C5,jco-41-1035 (2).pdf,SCIENTIFIC_PUBLICATION,6,2,25,1200,"l of 7.2% of patients died before data cutoff. The 12-month OS rate was 97.0% and 92.7% with zanubrutinib and ibrutinib (hazard ratio, 0.54; 95% CI, 0.25 to 1.16), respectively (Fig 3C). Safety Median treatment duration with zanubrutinib (15.3 months [range, 0.4-23.0 months]) and ibrutinib (14.6 months [range, 0.1-25.9 months]) was similar. One or more AEs occurred in 95.6% and 99.0% of patients receiving zanubrutinib and ibrutinib, respectively. Fatal AEs were reported in 8 and 12 patients receiving zanubrutinib and ibrutinib, respectively (Table 3; Data Supplement). Fewer patients on zanubrutinib experienced AEs leading to treatment discontinuation versus ibrutinib (7.8% v 13.0%; Data Supplement). Infection events were the most common AEs of interest leading to treatment discontinuation (2.9%, each arm). Arthralgia was reported in 9.3% and 14.0% of patients receiving zanubrutinib and ibrutinib, respectively. Diarrhea was reported in 16.7% and 19.3% of patients receiving zanubrutinib and ibrutinib, A 0 20 50 70 90 10 40 30 60 80 100 0 3 6 9 12 15 18 No. at risk: Time Since Random Assignment (months) PFS (%) 207 200 194 190 152 70 19 208 196 188 170 125 57 8 Zanu Ibr PFS events 2 7"
CHK_131D4C404D10,DOC_21FF4F1370C5,jco-41-1035 (2).pdf,SCIENTIFIC_PUBLICATION,6,3,26,1200,"and ibrutinib, A 0 20 50 70 90 10 40 30 60 80 100 0 3 6 9 12 15 18 No. at risk: Time Since Random Assignment (months) PFS (%) 207 200 194 190 152 70 19 208 196 188 170 125 57 8 Zanu Ibr PFS events 2 7 8 10 18 20 6 13 24 31 38 42 Zanu Ibr Censored Ibr Zanu C 20 50 70 90 10 40 30 60 80 100 0 3 6 9 12 15 18 No. at risk: Time Since Random Assignment (months) OS (%) 207 202 199 197 193 117 208 201 196 188 180 106 Zanu Ibr 41 33 Censored Ibr Zanu B No. at risk: PFS events PFS (%) 41 38 38 36 26 13 38 35 34 26 19 9 4 164 160 154 152 124 56 15 0 170 161 154 144 106 48 8 0 20 50 70 90 10 40 30 60 80 100 0 3 6 9 12 15 18 Time Since Random Assignment (months) 1 1 2 3 5 5 1 6 6 7 13 15 2 3 8 9 13 14 4 10 16 22 25 28 Zanu with del(17p)/TP53mut Zanu without del(17p)/TP53mut Ibr with del(17p)/TP53mut Ibr without del(17p)/TP53mut Zanu with del(17p)/TP53mut Zanu without del(17p)/TP53mut Ibr with del(17p)/TP53mut Ibr without del(17p)/TP53mut Zanu with del(17p)/TP53mut Zanu without del(17p)/TP53mut Ibr with del(17p)/TP53mut Ibr without del(17p)/TP53mut Censored FIG 3. Investigator-assessed PFS and OS. (A) Kaplan-Meier estimates of PFS for all patients. (B) Kaplan-Meier estimates of PFS for patients w"
CHK_3A433AA80DC8,DOC_21FF4F1370C5,jco-41-1035 (2).pdf,SCIENTIFIC_PUBLICATION,6,4,27,466,"ith del(17p)/TP53mut Ibr without del(17p)/TP53mut Censored FIG 3. Investigator-assessed PFS and OS. (A) Kaplan-Meier estimates of PFS for all patients. (B) Kaplan-Meier estimates of PFS for patients with or without del(17p)/TP53 mutations. (C) Kaplan-Meier estimates of OS for all patients. Ibr, ibrutinib; OS, overall survival; PFS, progression-free survival; Zanu, zanubrutinib. 1040 © 2022 by American Society of Clinical Oncology Volume 41, Issue 5 Hillmen et al"
CHK_652ADFB15017,DOC_21FF4F1370C5,jco-41-1035 (2).pdf,SCIENTIFIC_PUBLICATION,7,1,28,1200,"respectively (Table 3). Overall cardiac disorder AEs oc- curred at a lower incidence with zanubrutinib (13.7%) versus ibrutinib (25.1%; Fig 4A). Cardiac disorders leading to treatment discontinuation occurred in 3.4% of patients in the ibrutinib arm (Data Supplement). Grade $ 3 AEs were experienced in 55.9% and 51.2% of patients receiving zanubrutinib and ibrutinib, respectively. Common grade $ 3 AEs are listed in Table 3. Adverse Events of Interest The rate of any-grade atrial ﬁbrillation/ﬂutter was signiﬁcantly lower with zanubrutinib versus ibrutinib (2.5% v 10.1%; two- sided P 5 .001, prespeciﬁed alpha of 0.0099; Fig 4B). Grade $ 3 atrial ﬁbrillation/ﬂutter occurred in two (1.0%) and four (1.9%) patients, and atrial ﬁbrillation/ﬂutter occurred in four (2.1%) and 18 (9.3%) patients with no history of atrial ﬁbrillation/ﬂutter receiving zanubrutinib versus ibrutinib, respectively. Neutropenia was reported at a higher frequency (28.4% v 21.7%; Table 3) with zanubrutinib versus ibrutinib; 18.6% and 15.0% of patients on zanubrutinib and ibrutinib, respectively, experienced grade $ 3 neutropenia (Fig 4C). A total of 15.2% of patients on zanubrutinib and 11.1% of patients on ibrutinib"
CHK_D21766938CDE,DOC_21FF4F1370C5,jco-41-1035 (2).pdf,SCIENTIFIC_PUBLICATION,7,2,29,1200,"ib; 18.6% and 15.0% of patients on zanubrutinib and ibrutinib, respectively, experienced grade $ 3 neutropenia (Fig 4C). A total of 15.2% of patients on zanubrutinib and 11.1% of patients on ibrutinib received colony-stimulating growth factor as concomitant treatment. One patient discontinued zanubrutinib because of neutropenia (Data Supplement), and one case of febrile neutropenia occurred in a patient treated with ibrutinib. Grade $ 3 infections occurred in 12.7% and 17.9% of patients receiving zanubrutinib and ibrutinib, respectively (Fig 4D). The most common grade $ 3 infection (pneumonia) occurred in 3.9% and 4.8% of pa- tients receiving zanubrutinib and ibrutinib, respectively. Eleven patients in each arm experienced COVID-19–related AEs (Data Supplement). Any-grade hemorrhagic events occurred with similar frequency in the zanubrutinib and ibrutinib arms (35.8% v 36.2%, respectively). Major hemorrhagic events occurred in 2.9% and 3.9% of patients receiving zanu- brutinib and ibrutinib, respectively, including one case of CNS hemorrhage in a patient treated with ibrutinib (Table 3). A total of 16.7% and 16.4% of patients in each arm experienced any-grade hypertensive AEs. Seve"
CHK_B2D346D5997C,DOC_21FF4F1370C5,jco-41-1035 (2).pdf,SCIENTIFIC_PUBLICATION,7,3,30,1200,"tinib, respectively, including one case of CNS hemorrhage in a patient treated with ibrutinib (Table 3). A total of 16.7% and 16.4% of patients in each arm experienced any-grade hypertensive AEs. Seventeen and 13 patients were diagnosed with a second primary malignancy with zanubrutinib and ibrutinib, respectively. The most common second primary malignancy was nonmelanoma skin cancer, observed in 3.4% and 4.8% of patients on zanubrutinib and ibrutinib, respectively. One patient developed grade 3 tumor lysis syndrome at commencement of zanubrutinib treatment. DISCUSSION Zanubrutinib is a potent, irreversible next-generation BTKi designed to maximize BTK occupancy and minimize off- target inhibition of tyrosine-protein kinase and epidermal growth factor receptor-family kinases. We hypothesized that complete/sustained BTK occupancy may improve efﬁcacy outcomes, and increased BTK speciﬁcity may minimize off-target inhibition-related toxicities. Zanubrutinib was ﬁrst compared with ibrutinib in Waldenstr¨om macroglobulinemia in the randomized, phase III trial, ASPEN.17 ALPINE is the second randomized, phase III trial comparing zanubrutinib with ibrutinib and compares approximately 600 pa"
CHK_C2BC46A5870B,DOC_21FF4F1370C5,jco-41-1035 (2).pdf,SCIENTIFIC_PUBLICATION,7,4,31,1198,"in Waldenstr¨om macroglobulinemia in the randomized, phase III trial, ASPEN.17 ALPINE is the second randomized, phase III trial comparing zanubrutinib with ibrutinib and compares approximately 600 patients (planned) with relapsed/ refractory CLL/SLL. This preplanned interim analysis was conducted approximately 12 months after enrolling the ﬁrst 415 patients. Except for sex, demographic and baseline disease charac- teristics, including del(17p)/TP53 mutations, were balanced between each arm in the intent-to-treat analysis set and in the ﬁrst 415 randomly assigned patients. The primary study end point, ORR (CR or PR) as assessed by investigator, was signiﬁcantly higher with zanubrutinib compared with ibrutinib in all patients, in molecular sub- groups, including del(11q), and in the difﬁcult-to-treat del(17p)/TP53. Multiple sensitivity analyses of ORR (Data Supplement), and a high concordance rate of ORR between investigator assessments and ICR, support the favorable results for zanubrutinib. In the ALPINE study, the rate of PR-L or higher for patients treated with ibrutinib (81% with a median follow-up of 15.4 months) was comparable with the reported cumulative best response at 15"
CHK_9ED388F34E44,DOC_21FF4F1370C5,jco-41-1035 (2).pdf,SCIENTIFIC_PUBLICATION,7,5,32,1200,"tinib. In the ALPINE study, the rate of PR-L or higher for patients treated with ibrutinib (81% with a median follow-up of 15.4 months) was comparable with the reported cumulative best response at 15 months of 89% in the RESONATE study.18 A key secondary end point, PFS, although currently imma- ture, was notably prolonged with zanubrutinib compared with ibrutinib, and a consistent trend for improvement with zanubrutinib compared with ibrutinib was seen in OS and secondary efﬁcacy end points, including duration of re- sponse (Fig 3; Data Supplement) and time to treatment failure (data not shown). The PFS rate seen with ibrutinib (84.0% at 12 months) was comparable with that in the RESONATE study (84% at 12 months).19 Lower rates of AEs leading to discontinuation or death with zanubrutinib versus ibrutinib in this study were consistent with those reported in the ASPEN study, in which AEs leading to discontinuation with zanubrutinib versus ibru- tinib were 4% versus 9% and AEs leading to death were 1% versus 2%, respectively.17 The rate of atrial ﬁbrillation, a prespeciﬁed key secondary end point, was signiﬁ- cantly lower with zanubrutinib compared with ibrutinib (2.5% v 10.1%; two-si"
CHK_BFCA08DCE0BF,DOC_21FF4F1370C5,jco-41-1035 (2).pdf,SCIENTIFIC_PUBLICATION,7,6,33,906,"death were 1% versus 2%, respectively.17 The rate of atrial ﬁbrillation, a prespeciﬁed key secondary end point, was signiﬁ- cantly lower with zanubrutinib compared with ibrutinib (2.5% v 10.1%; two-sided P 5 .001). This difference is consistent with data reported in the ASPEN study, in which the rate of atrial ﬁbrillation was signiﬁcantly lower with zanubrutinib versus ibrutinib (2.0% v 15.3%; one-sided P 5 .0004) and is consistent with multiple clinical settings and study populations.17 No patients in the zanubrutinib arm had cardiac AEs that led to treatment discontinuation, compared with seven patients in the ibrutinib arm (atrial ﬁbrillation [two patients], cardiac arrest, cardiac failure, myocardial infarction, palpitations, and ventricular ﬁbrillation [one patient each]). One hypothesis suggests that ibrutinib Journal of Clinical Oncology 1041 Zanubrutinib Versus Ibrutinib in R/R CLL/SLL"
CHK_1DD196703A5E,DOC_21FF4F1370C5,jco-41-1035 (2).pdf,SCIENTIFIC_PUBLICATION,8,1,34,1200,"therapy can lead to atrial ﬁbrillation and cardiac damage through the off-target inhibition of C-terminal Src kinase.20 Additionally, ibrutinib inhibits ERBB2/HER2, which results in cardiac myocyte dysfunction and reduced heart contractile efﬁciency.21 Zanubrutinib demonstrates less inhibition of C-terminal Src kinase than does ibrutinib.11,22 Although not signiﬁcant, diarrhea, a bothersome AE that may contribute to treatment discontinuation, was less common in patients treated with zanubrutinib (16.7%) compared with ibrutinib (19.3%). These results differ from the ASPEN study in which all-grade diarrhea was signiﬁ- cantly less common in patients treated with zanubrutinib (21%) than with ibrutinib (32%).17 In the ASPEN study, the rate of hypertension was lower with zanubrutinib (11%) compared with ibrutinib (16%); the incidence of hyper- tension in patients treated with zanubrutinib leveled off at 18 months of treatment, whereas patients treated with ibrutinib remained at continuous risk for hypertension with a clear separation of the time-to-event curves with longer time on treatment.17 Here, we observed a similar rate of hyper- tension across both arms with hypertension leading t"
CHK_FEB4666C0074,DOC_21FF4F1370C5,jco-41-1035 (2).pdf,SCIENTIFIC_PUBLICATION,8,2,35,1200,"sk for hypertension with a clear separation of the time-to-event curves with longer time on treatment.17 Here, we observed a similar rate of hyper- tension across both arms with hypertension leading to treatment discontinuation in 0 (0.0%) and 1 (0.5%) patient treated with zanubrutinib and ibrutinib, respectively; a dif- ference in the rate of hypertension between arms may only appear with longer duration of treatment and follow-up. The study has several limitations. Owing to the preliminary nature of the survival analysis and the short follow-up, PFS and OS data should be interpreted with caution. A formal PFS ﬁnal analysis will be conducted when 205 PFS events are observed. The choice of ORR, deﬁned as PR or higher, by investigator assessment as a primary end point is con- sistent with the tumor response criteria in the iwCLL guidelines but can be a limitation because excluding PR-L responses from the ORR excludes patients who may be TABLE 3. Adverse Events AE Zanubrutinib (n 5 204) Ibrutinib (n 5 207) Any-grade AEa 195 (95.6) 205 (99.0) Diarrhea 34 (16.7) 40 (19.3) Upper respiratory tract infection 44 (21.6) 29 (14.0) Neutropenia 40 (19.6) 32 (15.5) Hypertension 32 (15.7) 27 (13"
CHK_5B5D2750A0A8,DOC_21FF4F1370C5,jco-41-1035 (2).pdf,SCIENTIFIC_PUBLICATION,8,3,36,1199,Ibrutinib (n 5 207) Any-grade AEa 195 (95.6) 205 (99.0) Diarrhea 34 (16.7) 40 (19.3) Upper respiratory tract infection 44 (21.6) 29 (14.0) Neutropenia 40 (19.6) 32 (15.5) Hypertension 32 (15.7) 27 (13.0) Anemia 27 (13.2) 31 (15.0) Arthralgia 19 (9.3) 29 (14.0) Contusion 21 (10.3) 18 (8.7) Cough 26 (12.7) 13 (6.3) Urinary tract infection 22 (10.8) 17 (8.2) Muscle spasms 6 (2.9) 23 (11.1) Grade $ 3 AEb 114 (55.9) 106 (51.2) Neutropenia 28 (13.7) 22 (10.6) Hypertension 21 (10.3) 15 (7.2) Neutrophil count decreased 10 (4.9) 9 (4.3) Pneumonia 8 (3.9) 10 (4.8) Thrombocytopenia 6 (2.9) 4 (1.9) Anemia 4 (2.0) 7 (3.4) Blood pressure increased 2 (1.0) 7 (3.4) Syncope 6 (2.9) 2 (1.0) Serious AEs 56 (27.5) 67 (32.4) AEs leading to dose reduction 23 (11.3) 25 (12.1) AEs leading to dose interruption 81 (39.7) 84 (40.6) AEs leading to treatment discontinuation 16 (7.8) 27 (13.0) Fatal AEsc 8 (3.9) 12 (5.8) Any AE of interest 171 (83.8) 178 (86.0) Anemiad 27 (13.2) 32 (15.5) Atrial ﬁbrillation and ﬂutter (key secondary end point) 5 (2.5) 21 (10.1) Hemorrhage 73 (35.8) 75 (36.2) Major hemorrhagee 6 (2.9) 8 (3.9) Hypertensiond 34 (16.7) 34 (16.4) Infections 122 (59.8) 131 (63.3) Grade $ 3 26 (12.7)
CHK_7D14F22F1CE6,DOC_21FF4F1370C5,jco-41-1035 (2).pdf,SCIENTIFIC_PUBLICATION,8,4,37,1200,"ter (key secondary end point) 5 (2.5) 21 (10.1) Hemorrhage 73 (35.8) 75 (36.2) Major hemorrhagee 6 (2.9) 8 (3.9) Hypertensiond 34 (16.7) 34 (16.4) Infections 122 (59.8) 131 (63.3) Grade $ 3 26 (12.7) 37 (17.9) Any-grade opportunistic infection 1 (0.5) 3 (1.4) Neutropeniad 58 (28.4) 45 (21.7) Secondary primary malignancies 17 (8.3) 13 (6.3) Skin cancers 7 (3.4) 10 (4.8) Thrombocytopeniad 19 (9.3) 26 (12.6) Tumor lysis syndrome 1 (0.5) 0 (0.0) NOTE. Data are presented as No. (%). All AEs summarized had an onset from the time of ﬁrst dose of study drug up to 30 days after last dose of study drug or the day before initiation of a new chronic lymphocytic leukemia and/or small lymphocytic leukemia therapy, whichever occurred earlier. Abbreviations: AE, adverse event; MedDRA; Medical Dictionary for Regulatory Activities. aAEs occurring in . 10% of patients in either arm by MedDRA preferred term. bGrade $ 3 AEs in . 2% of patients in either arm by MedDRA preferred term. cWith zanubrutinib: malaise (n 5 2), COVID-19, infection, pneumonia, pneumonia cryptococcal, respiratory tract infection, sepsis, colitis, jaundice, and mobility decreased (each n 5 1); with ibrutinib: COVID-19, pneumonia ("
CHK_09F443C0FFD6,DOC_21FF4F1370C5,jco-41-1035 (2).pdf,SCIENTIFIC_PUBLICATION,8,5,38,836,"aise (n 5 2), COVID-19, infection, pneumonia, pneumonia cryptococcal, respiratory tract infection, sepsis, colitis, jaundice, and mobility decreased (each n 5 1); with ibrutinib: COVID-19, pneumonia (n 5 3), myocardial infarction (n 5 2), pneumonia, inﬂuenza, septic shock, multiple organ dysfunction syndrome, death, cardiac arrest, central nervous system hemorrhage, cerebral infarction, and respiratory failure (each n 5 1). dPooled terms including anemia and hemoglobin decreased; hypertension and blood pressure increased; neutropenia, neutrophil count decreased, and febrile neutropenia; thrombocytopenia and platelet count decreased. eIncludes serious hemorrhage, grade 3 or higher hemorrhage, and central nervous system bleeding of any grade. 1042 © 2022 by American Society of Clinical Oncology Volume 41, Issue 5 Hillmen et al"
CHK_F9CF709834EE,DOC_21FF4F1370C5,jco-41-1035 (2).pdf,SCIENTIFIC_PUBLICATION,9,1,39,1200,"beneﬁting clinically from treatment.14 The primary end point was selected on the basis of agreement with regulatory authorities and expert investigators in CLL clinical trials. The open-label design of the study may have introduced bias. To mitigate potential investigator bias, ICR review was blinded, and multiple sensitivity analyses of ORR were conducted. The ALPINE study showed a superior ORR, improved PFS, and lower rates of atrial ﬁbrillation/ﬂutter in patients with relapsed/refractory CLL/SLL treated with zanubrutinib compared with ibrutinib. Initial data support the hypoth- esis that complete/sustained BTK occupancy may im- prove efﬁcacy outcomes and increased speciﬁcity may minimize off-target inhibition-related toxicities. The in- terim analysis demonstrated a favorable beneﬁt-risk proﬁle for zanubrutinib in the treatment of patients with relapsed/refractory CLL/SLL. AFFILIATIONS 1St James’s University Hospital, Leeds, United Kingdom 2Department I of Internal Medicine, Center for Integrated Oncology Aachen, University of Cologne, Bonn, Cologne, D¨usseldorf, Germany 3Department of Medical Oncology, Dana-Farber Cancer Institute, Boston, MA 4Herbert Irving Comprehensive Cance"
CHK_BFB14CD72C59,DOC_21FF4F1370C5,jco-41-1035 (2).pdf,SCIENTIFIC_PUBLICATION,9,2,40,1200,"for Integrated Oncology Aachen, University of Cologne, Bonn, Cologne, D¨usseldorf, Germany 3Department of Medical Oncology, Dana-Farber Cancer Institute, Boston, MA 4Herbert Irving Comprehensive Cancer Center, Columbia University, New York, NY 5Chao Family Comprehensive Cancer Center, University of California, Irvine, CA 6Peter MacCallum Cancer Centre, Melbourne, Victoria, Australia 7University of Melbourne, Parkville, Victoria, Australia 8St Vincent’s Hospital Melbourne, Fitzroy, Victoria, Australia 9Royal Melbourne Hospital, Parkville, Victoria, Australia A 0 3 24 6 9 12 15 18 21 27 Time Since First Dose (months) 20 50 10 40 30 Cumulative Event Rate (%) No. at risk: 204 186 180 175 171 101 9 0 207 176 162 150 142 81 3 3 0 Zanubrutinib Ibrutinib 36 25 Censored Zanubrutinib Ibrutinib B 0 3 24 6 9 12 15 18 21 27 Time Since First Dose (months) 20 50 10 40 30 Cumulative Event Rate (%) No. at risk: 197 194 190 187 114 9 0 190 179 168 160 91 3 3 0 Zanubrutinib Ibrutinib 40 26 204 207 Censored Zanubrutinib Ibrutinib C 0 3 24 6 9 12 15 18 21 27 Time Since First Dose (months) 20 50 10 40 30 Cumulative Event Rate (%) No. at risk: 204 179 166 159 155 94 8 0 207 180 160 151 144 81 3 3 0 Zanub"
CHK_A770A5E0E19E,DOC_21FF4F1370C5,jco-41-1035 (2).pdf,SCIENTIFIC_PUBLICATION,9,3,41,1138,"ed Zanubrutinib Ibrutinib C 0 3 24 6 9 12 15 18 21 27 Time Since First Dose (months) 20 50 10 40 30 Cumulative Event Rate (%) No. at risk: 204 179 166 159 155 94 8 0 207 180 160 151 144 81 3 3 0 Zanubrutinib Ibrutinib 32 25 Censored Zanubrutinib Ibrutinib D 20 50 10 40 30 0 3 24 6 9 12 15 18 21 27 Time Since First Dose (months) Cumulative Event Rate (%) No. at risk: 204 191 184 179 176 106 8 0 207 187 172 159 148 81 2 2 0 Zanubrutinib Ibrutinib 37 24 Censored Zanubrutinib Ibrutinib FIG 4. Time to adverse events of interest and cardiac disorders. Kaplan-Meier plot of time to (A) cardiac disorders, on the basis of System Organ Class in Medical Dictionary for Regulatory Activities (includes atrial ﬁbrillation and atrial ﬂutter); (B) atrial ﬁbrillation/ﬂutter; (C) grade 3 or higher neutropenia; (D) grade 3 or higher infection. For these plots, patients without the events of interest were censored on the last date of safety follow-up (30 days after treatment discontinuation or initiation of a new anticancer therapy or death, whichever is earliest). Journal of Clinical Oncology 1043 Zanubrutinib Versus Ibrutinib in R/R CLL/SLL"
CHK_FE4BA7FFDA70,DOC_21FF4F1370C5,jco-41-1035 (2).pdf,SCIENTIFIC_PUBLICATION,10,1,42,1199,"10State Key Laboratory of Experimental Hematology, National Clinical Research Center for Hematological Disorders, Institute of Hematology and Blood Diseases Hospital, Chinese Academy of Medical Sciences and Peking Union Medical College, Tianjin, China 11Department of Hematology and Bone Marrow Transplantation, Poznan University of Medical Sciences, Poznan, Poland 12Afﬁliated Cancer Hospital of Zhengzhou University, Henan Cancer Hospital, Zhengzhou, China 134th Department of Internal Medicine-Hematology, University Hospital, Hradec Kralove, Czech Republic 14Faculty of Medicine, Charles University, Prague, Czech Republic 15Department of Internal Medicine-Hematology and Oncology, Masaryk University and University Hospital, Brno, Czech Republic 16Blue Ridge Cancer Care, Roanoke, VA 17Fred Hutchinson Cancer Research Center, Seattle, WA 18Department of Medicine, University of Washington, Seattle, WA 19Department of Leukemia, The University of Texas MD Anderson Cancer Center, Houston, TX 20Department of Haematology, Christchurch Hospital, Christchurch, New Zealand 21Wellington Blood and Cancer Centre, Capital and Coast District Health Board, Wellington, New Zealand 22Cancer Immunotherapy"
CHK_65B73B15B60A,DOC_21FF4F1370C5,jco-41-1035 (2).pdf,SCIENTIFIC_PUBLICATION,10,2,43,1200,"partment of Haematology, Christchurch Hospital, Christchurch, New Zealand 21Wellington Blood and Cancer Centre, Capital and Coast District Health Board, Wellington, New Zealand 22Cancer Immunotherapy Programme, Malaghan Institute of Medical Research, Wellington, New Zealand 23Department of Hematology and Cancer Prevention, Health Sciences Faculty, Medical University of Silesia, Katowice, Poland 24Department of Hematology and Transplantology, Medical University of Gda´nsk, Gda´nsk, Poland 25Medical University of Lodz, Lodz, Poland 26Department of Oncology-Pathology, Karolinska Institutet, Stockholm, Sweden 27Department of Hematology, Karolinska University Hospital, Stockholm, Sweden 28Texas Oncology-Tyler/US Oncology Research, Tyler, TX 29BeiGene USA, Inc, San Mateo, CA 30BeiGene (Beijing) Co, Ltd, Beijing, China 31Maria Sklodowska-Curie National Research Institute of Oncology, Krakow, Poland CORRESPONDING AUTHOR Peter Hillmen, MBChB, PhD, St James’s University Hospital, Level 3, Bexley Wing, Beckett St, Leeds LS9 7TF, United Kingdom; e-mail: peter.hillmen@nhs.net. PRIOR PRESENTATION Presented at the European Hematology Association virtual meeting, June 9-17, 2021, and the Internati"
CHK_7C296E452FE8,DOC_21FF4F1370C5,jco-41-1035 (2).pdf,SCIENTIFIC_PUBLICATION,10,3,44,1199,"Wing, Beckett St, Leeds LS9 7TF, United Kingdom; e-mail: peter.hillmen@nhs.net. PRIOR PRESENTATION Presented at the European Hematology Association virtual meeting, June 9-17, 2021, and the International Workshop on Chronic Lymphocytic Leukemia virtual meeting, September 17-20, 2021. SUPPORT Supported by BeiGene. Investigators and BeiGene collaborated on protocol development, data collection, and interpretation. BeiGene performed statistical analyses. CLINICAL TRIAL INFORMATION NCT03734016 AUTHORS’ DISCLOSURES OF POTENTIAL CONFLICTS OF INTEREST Disclosures provided by the authors are available with this article at DOI https://doi.org/10.1200/JCO.22.00510. DATA SHARING STATEMENT The study protocol and statistical analysis plan are provided in the Data Supplement. All authors had access to the original data for the analyses described here. On request and subject to certain criteria, conditions, and exceptions, BeiGene will provide access to individual deidentiﬁed participant data from BeiGene-sponsored global interventional clinical studies conducted for medicines (1) for indications that have been approved or (2) in programs that have been terminated. Data requests may be submitted"
CHK_D89C90B18598,DOC_21FF4F1370C5,jco-41-1035 (2).pdf,SCIENTIFIC_PUBLICATION,10,4,45,1200,"eiGene-sponsored global interventional clinical studies conducted for medicines (1) for indications that have been approved or (2) in programs that have been terminated. Data requests may be submitted to DataDisclosure@beigene.com. AUTHOR CONTRIBUTIONS Conception and design: Barbara Eichhorst, Jennifer R. Brown, Nicole Lamanna, Susan M. O’Brien, Constantine Tam, Lugui Qiu, Tommi Salmi, Meng Ji, Kenneth Wu, Jane Huang Administrative support: Adam Idoine Provision of study materials or patients: Peter Hillmen, Barbara Eichhorst, Jennifer R. Brown, Maciej Kazmierczak, Keshu Zhou, Martin ˇSimkoviˇc, Jiˇr´ı Mayer, Amanda Gillespie-Twardy, Mazyar Shadman, Alessandra Ferrajoli, Peter S. Ganly, Robert Weinkove, Sebastian Grosicki, Andrzej Mital, Tadeusz Robak, Habte A. Yimer, Wojciech Jurczak Collection and assembly of data: Peter Hillmen, Barbara Eichhorst, Jennifer R. Brown, Nicole Lamanna, Susan M. O’Brien, Constantine S. Tam, Lugui Qiu, Maciej Kazmierczak, Keshu Zhou, Martin ˇSimkoviˇc, Jiˇr´ı Mayer, Amanda Gillespie-Twardy, Mazyar Shadman, Alessandra Ferrajoli, Peter S. Ganly, Robert Weinkove, Sebastian Grosicki, Andrzej Mital, Tadeusz Robak, Anders ¨Osterborg, Habte A. Yimer, Tommi S"
CHK_7E1D68563924,DOC_21FF4F1370C5,jco-41-1035 (2).pdf,SCIENTIFIC_PUBLICATION,10,5,46,1199,"ˇr´ı Mayer, Amanda Gillespie-Twardy, Mazyar Shadman, Alessandra Ferrajoli, Peter S. Ganly, Robert Weinkove, Sebastian Grosicki, Andrzej Mital, Tadeusz Robak, Anders ¨Osterborg, Habte A. Yimer, Tommi Salmi, Meng Ji, Jessica Yecies, Adam Idoine, Jane Huang, Wojciech Jurczak Data analysis and interpretation: All authors Manuscript writing: All authors Final approval of manuscript: All authors Accountable for all aspects of the work: All authors ACKNOWLEDGMENT We thank study patients, their supporters, and investigators and clinical research staff at study centers. Medical writing and editorial assistance were provided, under the direction of the authors, by Laura S. Moye, PhD and Miriam Cohen, PhD, ISMPP CMPP of Bio Connections, LLC, (Chicago, IL), supported by BeiGene. REFERENCES 1. Eichhorst B, Robak T, Montserrat E, et al: Chronic lymphocytic leukaemia: ESMO clinical practice guidelines for diagnosis, treatment and follow-up. Ann Oncol 26:v78-v84, 2015 (suppl 5) 2. Hallek M, Fischer K, Fingerle-Rowson G, et al: Addition of rituximab to ﬂudarabine and cyclophosphamide in patients with chronic lymphocytic leukaemia: A randomised, open-label, phase 3 trial. Lancet 376:1164-1174, 2010"
CHK_74B914EE20C0,DOC_21FF4F1370C5,jco-41-1035 (2).pdf,SCIENTIFIC_PUBLICATION,10,6,47,690,"Fingerle-Rowson G, et al: Addition of rituximab to ﬂudarabine and cyclophosphamide in patients with chronic lymphocytic leukaemia: A randomised, open-label, phase 3 trial. Lancet 376:1164-1174, 2010 3. Kipps TJ, Stevenson FK, Wu CJ, et al: Chronic lymphocytic leukaemia. Nat Rev Dis Primers 3:16096, 2017 4. Burger JA, Tedeschi A, Barr PM, et al: Ibrutinib as initial therapy for patients with chronic lymphocytic leukemia. N Engl J Med 373:2425-2437, 2015 5. Byrd JC, Brown JR, O’Brien S, et al: Ibrutinib versus ofatumumab in previously treated chronic lymphoid leukemia. N Engl J Med 371:213-223, 2014 1044 © 2022 by American Society of Clinical Oncology Volume 41, Issue 5 Hillmen et al"
CHK_44521E8E4E9A,DOC_21FF4F1370C5,jco-41-1035 (2).pdf,SCIENTIFIC_PUBLICATION,11,1,48,1199,"6. Barf T, Covey T, Izumi R, et al: Acalabrutinib (ACP-196): A covalent Bruton tyrosine kinase inhibitor with a differentiated selectivity and in vivo potency proﬁle. J Pharmacol Exp Ther 363:240-252, 2017 7. Sharman JP, Black-Shinn JL, Clark J, et al: Understanding ibrutinib treatment discontinuation patterns for chronic lymphocytic leukemia. Blood 130:4060, 2017 8. Mato AR, Nabhan C, Thompson MC, et al: Toxicities and outcomes of 616 ibrutinib-treated patients in the United States: A real-world analysis. Haematologica 103:874-879, 2018 9. Munir T, Brown JR, O’Brien S, et al: Final analysis from RESONATE: Up to six years of follow-up on ibrutinib in patients with previously treated chronic lymphocytic leukemia or small lymphocytic lymphoma. Am J Hematol 94:1353-1363, 2019 10. Ghia P, Owen C, Robak T, et al: Ibrutinib treatment in the ﬁrst-line setting for patients with chronic lymphocytic leukemia: Up to 7 years of follow-up in the resonate-2 study. EHA EP636, 2021 (abstr). https://library.ehaweb.org/eha/2021/eha2021-virtual-congress/325396/paolo.ghia.ibrutinib.treatment.in.the.ﬁrst- line.setting.for.patients.with.html?f5listing%3D3%2Abrowseby%3D8%2Asortby%3D1%2Amedia%3D1 11. Guo"
CHK_A5033489D6AB,DOC_21FF4F1370C5,jco-41-1035 (2).pdf,SCIENTIFIC_PUBLICATION,11,2,49,1199,"brary.ehaweb.org/eha/2021/eha2021-virtual-congress/325396/paolo.ghia.ibrutinib.treatment.in.the.ﬁrst- line.setting.for.patients.with.html?f5listing%3D3%2Abrowseby%3D8%2Asortby%3D1%2Amedia%3D1 11. Guo Y, Liu Y, Hu N, et al: Discovery of zanubrutinib (BGB-3111), a novel, potent, and selective covalent inhibitor of Bruton’s tyrosine kinase. J Med Chem 62: 7923-7940, 2019 12. Tam CS, Trotman J, Opat S, et al: Phase 1 study of the selective BTK inhibitor zanubrutinib in B-cell malignancies and safety and efﬁcacy evaluation in CLL. Blood 134:851-859, 2019 13. Cull G, Burger JA, Opat S, et al: Zanubrutinib for treatment-naive and relapsed/refractory chronic lymphocytic leukaemia: Long-term follow-up of the phase I/II AU-003 study. Br J Haematol 196:1209-1218, 2021 14. Hallek M, Cheson BD, Catovsky D, et al: Guidelines for the diagnosis and treatment of chronic lymphocytic leukemia: A report from the International Workshop on Chronic Lymphocytic Leukemia updating the National Cancer Institute-Working Group 1996 guidelines. Blood 111:5446-5456, 2008 15. Cheson BD, Byrd JC, Rai KR, et al: Novel targeted agents and the need to reﬁne clinical end points in chronic lymphocytic leukemia. J Clin"
CHK_2A0EC3A745C6,DOC_21FF4F1370C5,jco-41-1035 (2).pdf,SCIENTIFIC_PUBLICATION,11,3,50,1200,"Working Group 1996 guidelines. Blood 111:5446-5456, 2008 15. Cheson BD, Byrd JC, Rai KR, et al: Novel targeted agents and the need to reﬁne clinical end points in chronic lymphocytic leukemia. J Clin Oncol 30:2820-2822, 2012 16. Cheson BD, Fisher RI, Barrington SF, et al: Recommendations for initial evaluation, staging, and response assessment of Hodgkin and non-Hodgkin lymphoma: The Lugano classiﬁcation. J Clin Oncol 32:3059-3068, 2014 17. Tam CS, Opat S, D’Sa S, et al: A randomized phase 3 trial of zanubrutinib vs ibrutinib in symptomatic Waldenstrom macroglobulinemia: The ASPEN study. Blood 136:2038-2050, 2020 18. Byrd JC, Hillmen P, O’Brien S, et al: Long-term follow-up of the RESONATE phase 3 trial of ibrutinib vs ofatumumab. Blood 133:2031-2042, 2019 19. Brown JR, Hillmen P, O’Brien S, et al: Extended follow-up and impact of high-risk prognostic factors from the phase 3 RESONATE study in patients with previously treated CLL/SLL. Leukemia 32:83-91, 2018 20. Xiao L, Salem JE, Clauss S, et al: Ibrutinib-mediated atrial ﬁbrillation attributable to inhibition of C-terminal Src kinase. Circulation 142:2443-2455, 2020 21. Berglof A, Hamasy A, Meinke S, et al: Targets for ibrutinib b"
CHK_EDB9AE8826CA,DOC_21FF4F1370C5,jco-41-1035 (2).pdf,SCIENTIFIC_PUBLICATION,11,4,51,584,"s S, et al: Ibrutinib-mediated atrial ﬁbrillation attributable to inhibition of C-terminal Src kinase. Circulation 142:2443-2455, 2020 21. Berglof A, Hamasy A, Meinke S, et al: Targets for ibrutinib beyond B cell malignancies. Scand J Immunol 82:208-217, 2015 22. Honigberg LA, Smith AM, Sirisawad M, et al: The Bruton tyrosine kinase inhibitor PCI-32765 blocks B-cell activation and is efﬁcacious in models of autoimmune disease and B-cell malignancy. Proc Natl Acad Sci U S A 107:13075-13080, 2010 n n n Journal of Clinical Oncology 1045 Zanubrutinib Versus Ibrutinib in R/R CLL/SLL"
CHK_B6CFFF154F15,DOC_21FF4F1370C5,jco-41-1035 (2).pdf,SCIENTIFIC_PUBLICATION,12,1,52,1200,"AUTHORS’ DISCLOSURES OF POTENTIAL CONFLICTS OF INTEREST Zanubrutinib Versus Ibrutinib in Relapsed/Refractory Chronic Lymphocytic Leukemia and Small Lymphocytic Lymphoma: Interim Analysis of a Randomized Phase III Trial The following represents disclosure information provided by authors of this manuscript. All relationships are considered compensated unless otherwise noted. Relationships are self-held unless noted. I 5 Immediate Family Member, Inst 5 My Institution. Relationships may not relate to the subject matter of this manuscript. For more information about ASCO’s conﬂict of interest policy, please refer to www.asco.org/rwc or ascopubs.org/jco/authors/author-center. Open Payments is a public database containing information reported by companies about payments made to US-licensed physicians (Open Payments). Kenneth Wu Employment: BeiGene, Genentech/Roche Stock and Other Ownership Interests: BeiGene, Genentech/Roche Constantine S. Tam Honoraria: Janssen-Cilag, AbbVie, Novartis, BeiGene, Pharmacyclics, Roche/ Genentech, Loxo/Lilly Consulting or Advisory Role: Janssen, Loxo, Roche, BeiGene, AbbVie Research Funding: Janssen-Cilag (Inst), AbbVie (Inst), BeiGene (Inst) Tadeusz Robak H"
CHK_1674D243CB2B,DOC_21FF4F1370C5,jco-41-1035 (2).pdf,SCIENTIFIC_PUBLICATION,12,2,53,1200,"ne, Pharmacyclics, Roche/ Genentech, Loxo/Lilly Consulting or Advisory Role: Janssen, Loxo, Roche, BeiGene, AbbVie Research Funding: Janssen-Cilag (Inst), AbbVie (Inst), BeiGene (Inst) Tadeusz Robak Honoraria: AstraZeneca, BeiGene, Janssen Consulting or Advisory Role: AstraZeneca, BeiGene, Janssen Oncology Research Funding: AstraZeecaa, BeiGene, Janssen Jessica Yecies Employment: BeiGene, Day One Biopharmaceuticals, Kaiser Permanente, GRAIL Stock and Other Ownership Interests: BeiGene, GRAIL, Day One Biopharmaceuticals Mazyar Shadman Employment: Bristol Myers Squibb Consulting or Advisory Role: AbbVie, Genentech, AstraZeneca, Sound Biologics, Cellectar, Pharmacyclics, BeiGene, Bristol Myers Squibb/Celgene, MorphoSys, Innate Pharma, Kite, a Gilead Company, Adaptive Biotechnologies, Epizyme, Fate Therapeutics, Lilly, Regeneron, Adaptimmune, MustangBio, TG Therapeutics, MEI Pharma Research Funding: Pharmacyclics (Inst), Acerta Pharma (Inst), Merck (Inst), TG Therapeutics (Inst), BeiGene (Inst), Celgene (Inst), Genentech (Inst), MustangBio (Inst), AbbVie (Inst), Sunesis Pharmaceuticals (Inst), Bristol Myers Squibb/Celgene, Genmab (Inst), Vincerx Pharma (Inst) Adam Idoine Employment: Be"
CHK_F879AEA3D538,DOC_21FF4F1370C5,jco-41-1035 (2).pdf,SCIENTIFIC_PUBLICATION,12,3,54,1200,"Inst), Celgene (Inst), Genentech (Inst), MustangBio (Inst), AbbVie (Inst), Sunesis Pharmaceuticals (Inst), Bristol Myers Squibb/Celgene, Genmab (Inst), Vincerx Pharma (Inst) Adam Idoine Employment: BeiGene Stock and Other Ownership Interests: BeiGene Susan M. O’Brien Employment: University of California, Irvine Honoraria: Celgene, Janssen, Pharmacyclics, Gilead Sciences, Pﬁzer, Amgen, Astellas Pharma, GlaxoSmithKline, Aptose Biosciences, Vaniam Group, AbbVie, Sunesis Pharmaceuticals, Alexion Pharmaceuticals, Eisai, TG Therapeutics, NOVA Research Company Consulting or Advisory Role: Amgen, Celgene, GlaxoSmithKline, Janssen Oncology, Aptose Biosciences, Vaniam Group, AbbVie/Genentech, Sunesis Pharmaceuticals, Alexion Pharmaceuticals, Astellas Pharma, Gilead Sciences, Pharmacyclics, TG Therapeutics, Pﬁzer, Sunesis Pharmaceuticals Research Funding: Acerta Pharma (Inst), Regeneron (Inst), Gilead Sciences (Inst), Pﬁzer (Inst), TG Therapeutics (Inst), Pharmacyclics (Inst), Kite, a Gilead Company (Inst), Sunesis Pharmaceuticals (Inst), Lilly (Inst), Caribou Biosciences (Inst) Travel, Accommodations, Expenses: Celgene, Janssen, Gilead Sciences, Regeneron, Janssen Oncology Jiˇr´ı Mayer Resea"
CHK_F27F79038E3B,DOC_21FF4F1370C5,jco-41-1035 (2).pdf,SCIENTIFIC_PUBLICATION,12,4,55,1200,"any (Inst), Sunesis Pharmaceuticals (Inst), Lilly (Inst), Caribou Biosciences (Inst) Travel, Accommodations, Expenses: Celgene, Janssen, Gilead Sciences, Regeneron, Janssen Oncology Jiˇr´ı Mayer Research Funding: BeiGene Barbara Eichhorst Honoraria: Roche, AbbVie, Janssen-Cilag, AstraZeneca, Miltenyi Biotec, BeiGene, MSD Consulting or Advisory Role: Janssen-Cilag, AbbVie, AstraZeneca, Lilly Research Funding: AbbVie, Janssen, BGI, Gilead Sciences, AstraZeneca Travel, Accommodations, Expenses: Roche, AbbVie, Gilead Sciences, Janssen Habte A. Yimer Employment: Texas Oncology/US Oncology Stock and Other Ownership Interests: Karyopharm Therapeutics Speakers’ Bureau: Janssen, AstraZeneca, BeiGene, GlaxoSmithKline, Karyopharm Therapeutics, Amgen, Pharmacyclics Nicole Lamanna Consulting or Advisory Role: Celgene, Genentech, AbbVie, ProNAi, Pharmacyclics, Juno Therapeutics, Roche, Janssen, AstraZeneca, Gilead Sciences, BeiGene, Loxo/Lilly Research Funding: Genentech/AbbVie (Inst), Inﬁnity Pharmaceuticals (Inst), Gilead Sciences (Inst), ProNAi (Inst), BeiGene (Inst), Verastem (Inst), Juno Therapeutics (Inst), TG Therapeutics (Inst), Acerta Pharma/AstraZeneca (Inst), Loxo (Inst), Oncternal Th"
CHK_68D298B891A8,DOC_21FF4F1370C5,jco-41-1035 (2).pdf,SCIENTIFIC_PUBLICATION,12,5,56,1200,"aceuticals (Inst), Gilead Sciences (Inst), ProNAi (Inst), BeiGene (Inst), Verastem (Inst), Juno Therapeutics (Inst), TG Therapeutics (Inst), Acerta Pharma/AstraZeneca (Inst), Loxo (Inst), Oncternal Therapeutics, Inc (Inst), MingSight (Inst), Octapharm (Inst) Meng Ji Employment: BeiGene Beijing, Takeda Stock and Other Ownership Interests: BeiGene Wojciech Jurczak Consulting or Advisory Role: Roche, AstraZeneca, BeiGene Research Funding: Acerta Pharma, TG Therapeutics, Sandoz-Novartis, Roche, Takeda, Epizyme, Janssen-Cilag, BeiGene, MorphoSys, MEI Pharma Peter Hillmen Employment: Apellis Pharmaeuticals Honoraria: Janssen, AbbVie, Roche, AstraZeneca, BeiGene, Swedish Orphan Biovitrum, Pharmacyclics Research Funding: Janssen (Inst), Pharmacyclics (Inst), Roche (Inst), Gilead Sciences (Inst), AbbVie (Inst) Travel, Accommodations, Expenses: Janssen, AbbVie Alessandra Ferrajoli Consulting or Advisory Role: Giants of Cancer Care, AstraZeneca, Janssen Oncology Patents, Royalties, Other Intellectual Property: Celgene, Acerta Pharma, BeiGene Jane Huang Employment: BeiGene, Prelude Therapeutics Leadership: 858 Therapeutics, Protara Therapeutics, Prelude Therapeutics, BeiGene Stock and Other Ow"
CHK_AF49C4395433,DOC_21FF4F1370C5,jco-41-1035 (2).pdf,SCIENTIFIC_PUBLICATION,12,6,57,1200,"tual Property: Celgene, Acerta Pharma, BeiGene Jane Huang Employment: BeiGene, Prelude Therapeutics Leadership: 858 Therapeutics, Protara Therapeutics, Prelude Therapeutics, BeiGene Stock and Other Ownership Interests: Protara Therapeutics, BeiGene, 858 Therapeutics, Prelude Therapeutics Consulting or Advisory Role: BeiGene Jennifer R. Brown Consulting or Advisory Role: AbbVie, Acerta/Astra-Zeneca, BeiGene, Bristol Myers Squibb/Celgene/Juno, Catapult Therapeutics, Lilly, Genentech/Roche, HUTCHMED, iOnctura, Janssen, MEI Pharma, MorphoSys, Novartis, Pharmacyclics Research Funding: BeiGene (Inst), Gilead Sciences (Inst), Loxo/Lilly (Inst), MEI Pharma (Inst), Secura Bio (Inst), Sun Pharma (Inst), TG Therapeutics (Inst) Martin ˇSimkoviˇc Honoraria: Janssen-Cilag, AbbVie/Genentech, AstraZeneca Consulting or Advisory Role: AbbVie Speakers’ Bureau: Janssen-Cilag, AbbVie, AstraZeneca Travel, Accommodations, Expenses: Gilead Sciences, AbbVie, Janssen-Cilag, AstraZeneca Robert Weinkove Stock and Other Ownership Interests: Fisher & Paykel Healthcare Consulting or Advisory Role: Janssen, AbbVie Research Funding: Janssen (Inst) Travel, Accommodations, Expenses: Janssen Uncompensated Relationshi"
CHK_B33A0C178756,DOC_21FF4F1370C5,jco-41-1035 (2).pdf,SCIENTIFIC_PUBLICATION,12,7,58,452,"Other Ownership Interests: Fisher & Paykel Healthcare Consulting or Advisory Role: Janssen, AbbVie Research Funding: Janssen (Inst) Travel, Accommodations, Expenses: Janssen Uncompensated Relationships: Wellington Zhaotai Therapies Limited Tommi Salmi Employment: BeiGene Stock and Other Ownership Interests: BeiGene No other potential conﬂicts of interest were reported. © 2022 by American Society of Clinical Oncology Volume 41, Issue 5 Hillmen et al"
CHK_EA7198FD91A8,DOC_5D2D931F3757,s00277-024-05823-8 (1).pdf,SCIENTIFIC_PUBLICATION,1,1,1,1200,"RESEARCH Annals of Hematology (2024) 103:4183–4191 https://doi.org/10.1007/s00277-024-05823-8 between Western countries and China. For example, the age-adjusted incidence rate of CLL in China is 0.2–0.6 per 100,000, substantially lower than that in patients of Euro­ pean descent [3]. Furthermore, although the incidence ratio of men to women with CLL is similar between the United States and China (1.9:1 and 1.8:1, respectively), the median age at diagnosis in the United States is 70 years compared with 58–62 years in China [4, 5]. Among patients diagnosed with CLL between 2010 and 2018, the overall survival (OS) Introduction Chronic lymphocytic leukemia (CLL) is the most common type of leukemia in the Western hemisphere, with an age- adjusted incidence of 1.28 per 100,000 people worldwide in 2019 [1]. Small lymphocytic lymphoma (SLL) is a dif­ ferent manifestation of the same disease [2]; throughout this manuscript, CLL/SLL will simply be referred to as CLL. There is heterogeneity in the epidemiology of CLL Extended author information available on the last page of the article Abstract Chronic lymphocytic leukemia/small lymphocytic lymphoma (CLL/SLL) has different epidemiology in Chi"
CHK_8C00DEF486FE,DOC_5D2D931F3757,s00277-024-05823-8 (1).pdf,SCIENTIFIC_PUBLICATION,1,2,2,1200,"e epidemiology of CLL Extended author information available on the last page of the article Abstract Chronic lymphocytic leukemia/small lymphocytic lymphoma (CLL/SLL) has different epidemiology in Chinese vs. West­ ern patients, but there are few studies of CLL/SLL in large populations of Chinese patients. ALPINE is a global phase 3 trial investigating Bruton tyrosine kinase inhibitors zanubrutinib vs. ibrutinib to treat relapsed/refractory (R/R) CLL/SLL. Here we report results from the subgroup of Chinese patients. Adults with R/R CLL/SLL were randomized 1:1 to receive zanubrutinib (160 mg twice-daily) or ibrutinib (420 mg once-daily) until disease progression or unacceptable toxicity. Endpoints included overall response rate (ORR), progression-free survival (PFS), overall survival (OS), and safety. Data were analyzed descriptively. Ninety patients were randomized in China (zanubrutinib, n = 47; ibrutinib, n = 43). Baseline characteristics were balanced between groups, with fewer male patients in the zanubrutinib vs. ibrutinib group (55.3% vs. 69.8%). Median age was 60.5 years, 11% had del(17p) mutation, and 32% had tumor protein 53 (TP53) mutation. With median 25.3 months follow-"
CHK_290287BFD9DD,DOC_5D2D931F3757,s00277-024-05823-8 (1).pdf,SCIENTIFIC_PUBLICATION,1,3,3,1199,"patients in the zanubrutinib vs. ibrutinib group (55.3% vs. 69.8%). Median age was 60.5 years, 11% had del(17p) mutation, and 32% had tumor protein 53 (TP53) mutation. With median 25.3 months follow-up, ORR was 80.9% with zanubrutinib vs. 72.1% with ibrutinib. PFS was improved with zanubrutinib vs. ibrutinib (HR = 0.34 [95% CI, 0.15, 0.77]), and the HR for OS was 0.45 (95% CI, 0.14, 1.50). Rates of Grade ≥ 3 treatment-emergent adverse events (TEAEs; 64.4% vs. 72.1%), AEs leading to discontinuation (6.4% vs. 14.0%), and serious TEAEs (35.6% vs. 51.2%) were lower with zanubrutinib vs. ibrutinib. Zanubrutinib demonstrated improved ORR, PFS, and OS vs. ibrutinib and a more favorable safety profile in patients with R/R CLL/SLL in China. These results are consistent with the full global population of ALPINE. ClinicalTrials.gov: NCT03734016, registered November 7, 2018. Keywords Zanubrutinib · Ibrutinib · Chronic lymphocytic leukemia · Small lymphocytic lymphoma · Chinese population Received: 29 January 2024 / Accepted: 30 May 2024 / Published online: 18 June 2024 © The Author(s) 2024 Improved efficacy and safety of zanubrutinib versus ibrutinib in patients with relapsed/refractory chron"
CHK_9ECCC535BF20,DOC_5D2D931F3757,s00277-024-05823-8 (1).pdf,SCIENTIFIC_PUBLICATION,1,4,4,642,": 29 January 2024 / Accepted: 30 May 2024 / Published online: 18 June 2024 © The Author(s) 2024 Improved efficacy and safety of zanubrutinib versus ibrutinib in patients with relapsed/refractory chronic lymphocytic leukemia (R/R CLL) in China: a subgroup of ALPINE Keshu Zhou1 · Tingyu Wang2,3 · Ling Pan4 · Wei Xu5 · Jie Jin6 · Wei Zhang7 · Yu Hu8 · Jianda Hu9 · Ru Feng10 · Ping Li11 · Zhougang Liu12 · Peng Liu13 · Hongmei Jing14 · Sujun Gao15 · Huilai Zhang16 · Kang Yu17 · Zhao Wang18 · Xiongpeng Zhu19 · Zimin Sun20 · Fei Li21 · Dongmei Yan22 · Jianyu Weng23 · Lina Fu24 · Liping Wang24 · Tommi Salmi25 · Kenneth Wu26 · Lugui Qiu2,3 1 3"
CHK_1343C83F743A,DOC_5D2D931F3757,s00277-024-05823-8 (1).pdf,SCIENTIFIC_PUBLICATION,2,1,5,1200,"Annals of Hematology (2024) 103:4183–4191 in Chinese patients was significantly prolonged compared with that in patients in the United States (P = .047), which may be a result of the younger age at diagnosis in Chinese patients [4]. Additionally, while newly diagnosed Chinese patients with CLL and Western patients have similar fre­ quencies of del(17p) (7.8% [6] vs. 5–8% [5], respectively) and TP53 mutations (8.2% [6] vs. 4–8% [7]), the frequency of unmutated immunoglobulin heavy chain variable region in untreated CLL is lower in Chinese patients (31% [6] vs. 48% [8]). In an analysis of Chinese vs. Western patients with CLL, MYD88 mutations (12.5% vs. 3.0–3.6%) and KMT2D mutations (7.9% vs. 0.7–1.1%) were more frequent in the Chinese population, and MYD88 mutations were sig­ nificantly more common in newly diagnosed vs. relapsed CLL [9]. The frequency of TP53 mutations in relapsed/ refractory (R/R) CLL is similar in Chinese vs. Western patients (16–43% [10] vs. 30–40% [7]). Collectively, these factors can influence disease prognosis [5, 9, 11]. Despite the differences in disease presentation in Chinese and West­ ern patients, no population-based studies of CLL have been conducted i"
CHK_829DEC282E2C,DOC_5D2D931F3757,s00277-024-05823-8 (1).pdf,SCIENTIFIC_PUBLICATION,2,2,6,1200,"y, these factors can influence disease prognosis [5, 9, 11]. Despite the differences in disease presentation in Chinese and West­ ern patients, no population-based studies of CLL have been conducted in mainland China, and studies in large popula­ tions of Chinese patients with CLL are rare [3]. For many years, the standard of care for R/R CLL in China included rituximab, alkylating agents, and fludara­ bine [3]. In 2013, the Bruton tyrosine kinase (BTK) inhibi­ tor ibrutinib was approved for the treatment of R/R CLL in China [3]. Since its approval, ibrutinib has revolutionized the treatment of CLL, despite its association with treatment resistance and increased risk for cardiovascular adverse events (AEs) such as atrial fibrillation, cardiac failure, bleeding, and hypertension [5]. Zanubrutinib, a next-generation, irreversible, potent, selective BTK inhibitor designed to maximize BTK occu­ pancy and minimize off-target inhibition [12, 13], was approved for the treatment of CLL in China in 2020 [3]. The global phase 3 ALPINE trial (NCT03734016) evalu­ ated the efficacy and safety of zanubrutinib vs. ibrutinib in patients with R/R CLL or SLL [13, 14]. The results showed that zanubru"
CHK_A24DC454A34D,DOC_5D2D931F3757,s00277-024-05823-8 (1).pdf,SCIENTIFIC_PUBLICATION,2,3,7,1200,"a in 2020 [3]. The global phase 3 ALPINE trial (NCT03734016) evalu­ ated the efficacy and safety of zanubrutinib vs. ibrutinib in patients with R/R CLL or SLL [13, 14]. The results showed that zanubrutinib treatment had a superior overall response rate (ORR) [14], significantly longer progression-free sur­ vival (PFS), and fewer AEs, including cardiac AEs, com­ pared with ibrutinib [13]. Here, we report results from the ALPINE trial in the subgroup of patients enrolled in China. Methods Study design and population ALPINE (NCT03734016) is a global, phase 3, open-label, randomized study investigating the efficacy and safety of zanubrutinib vs. ibrutinib in patients with R/R CLL/SLL. The trial design is shown in Supplementary Fig. 1, and the methodological details have been reported previously [13]. Male and female patients were eligible to participate in the study if they were ≥ 18 years old, had a confirmed diagno­ sis of CLL or SLL requiring treatment per the International Workshop on CLL criteria [15], experienced relapse or had disease refractory to ≥ 1 prior systemic therapy for CLL/ SLL, and had an Eastern Cooperative Oncology Group per­ formance status of 0–2. Patients with kn"
CHK_DABE8C78A7C3,DOC_5D2D931F3757,s00277-024-05823-8 (1).pdf,SCIENTIFIC_PUBLICATION,2,4,8,1200,"CLL criteria [15], experienced relapse or had disease refractory to ≥ 1 prior systemic therapy for CLL/ SLL, and had an Eastern Cooperative Oncology Group per­ formance status of 0–2. Patients with known prolymphocytic leukemia or a history of Richter’s transformation, clinically significant cardiovascular disease, prior malignancy in the past 3 years, history of severe bleeding disorder or stroke, severe pulmonary disease, or prior treatment with a BTK inhibitor were excluded. Patients were randomized 1:1 to receive either zanubru­ tinib 160 mg orally twice daily or ibrutinib 420 mg orally once daily until disease progression or unacceptable toxic­ ity. Randomization was stratified by age (< 65 years vs. ≥ 65 years), geographic region (China vs. non-China), refrac­ tory status (yes or no), and del(17p)/TP53 mutation status (present or absent). This analysis presents data for patients enrolled in China. Assessments In this subgroup analysis, ORR assessed by blinded inde­ pendent review committee (IRC) and by the investiga­ tor (INV) was evaluated. ORR was defined as a complete response or a complete response with incomplete bone marrow recovery, a nodular partial response, or a par"
CHK_1044FE7C59BE,DOC_5D2D931F3757,s00277-024-05823-8 (1).pdf,SCIENTIFIC_PUBLICATION,2,5,9,1198,"committee (IRC) and by the investiga­ tor (INV) was evaluated. ORR was defined as a complete response or a complete response with incomplete bone marrow recovery, a nodular partial response, or a partial response. Other key assessments included PFS, duration of response (DoR), and rate of partial response with lympho­ cytosis or better by IRC and INV; time to treatment fail­ ure; OS; and safety. Efficacy was assessed via symptoms, physical examination, computerized tomography imaging, and laboratory tests; assessment of CLL was according to International Workshop on CLL criteria [15] with the addi­ tion of treatment-related lymphocytosis [16], and SLL was assessed according to Lugano classification [17]. AEs were assessed and graded based on the National Cancer Institute Common Terminology Criteria for Adverse Events v4.03. AEs of special interest (AESI) were prespecified pooled cat­ egories (Supplementary Methods). Statistical analysis Demographic and baseline characteristics and efficacy were summarized for all Chinese patients randomized. Safety analyses were summarized for all Chinese patients who received ≥ 1 dose of study drug. All analyses were descrip­ tive, and no formal"
CHK_5A9518C1747F,DOC_5D2D931F3757,s00277-024-05823-8 (1).pdf,SCIENTIFIC_PUBLICATION,2,6,10,310,"icacy were summarized for all Chinese patients randomized. Safety analyses were summarized for all Chinese patients who received ≥ 1 dose of study drug. All analyses were descrip­ tive, and no formal hypothesis testing was performed; there­ fore, no statements of statistical significance can be made. 1 3 4184"
CHK_6A11C33E86D3,DOC_5D2D931F3757,s00277-024-05823-8 (1).pdf,SCIENTIFIC_PUBLICATION,3,1,11,1200,"Annals of Hematology (2024) 103:4183–4191 Compliance with ethical standards This study was conducted in accordance with the Declara­ tion of Helsinki and the International Conference on Har­ monization Guidelines for Good Clinical Practice. Written informed consent was obtained from each patient, and insti­ tutional review board approval was obtained at each study site. Data sharing statement BeiGene voluntarily shares anonymous data on completed studies responsibly and provides qualified scientific and medical researchers access to anonymous data and support­ ing clinical trial documentation for clinical trials in dos­ siers for medicines and indications after submission and approval in the United States, China, and Europe. Clinical trials supporting subsequent local approvals, new indica­ tions, or combination products are eligible for sharing once corresponding regulatory approvals are achieved. BeiGene shares data only when permitted by applicable data privacy and security laws and regulations. In addition, data can only be shared when it is feasible to do so without compromising the privacy of study participants. Qualified researchers may submit data requests/research proposal"
CHK_77F4C06E0C77,DOC_5D2D931F3757,s00277-024-05823-8 (1).pdf,SCIENTIFIC_PUBLICATION,3,2,12,1199,"regulations. In addition, data can only be shared when it is feasible to do so without compromising the privacy of study participants. Qualified researchers may submit data requests/research proposals for BeiGene review and consideration through BeiGene’s Clinical Trial Webpage at https://www.beigene.com/our-science-and-medicines/ our-clinical-trials/. Results Patients A total of 652 patients were randomized by the cutoff date of August 8, 2022, 90 of whom were from China. Forty-seven were randomized to receive zanubrutinib and 43 to receive ibrutinib (Fig. 1). The demographic and clinical character­ istics in both treatment groups were consistent at baseline; however, there were fewer male patients in the zanubru­ tinib group than in the ibrutinib group (55.3% vs. 69.8%, respectively) (Table 1). The median age was 60.5 years (range, 35–82), 41.1% of patients had bulky disease (i.e., a tumor that was ≥ 5 cm diameter), 11.1% had del(17p), and 32.2% had TP53 mutation. The median number of prior lines of therapy was 1 (range, 1–12), with most patients (85 [94.4%]) having received an alkylating agent, excluding bendamustine. The representativeness of study participants compared with t"
CHK_3F7D4877EF57,DOC_5D2D931F3757,s00277-024-05823-8 (1).pdf,SCIENTIFIC_PUBLICATION,3,3,13,351,"of prior lines of therapy was 1 (range, 1–12), with most patients (85 [94.4%]) having received an alkylating agent, excluding bendamustine. The representativeness of study participants compared with the Chinese and world populations can be found in Supplementary Table 1. Fig. 1 Patient disposition. AE, adverse event; PD, progressive disease 1 3 4185"
CHK_CAB05FB341FC,DOC_5D2D931F3757,s00277-024-05823-8 (1).pdf,SCIENTIFIC_PUBLICATION,4,1,14,1200,"Annals of Hematology (2024) 103:4183–4191 IRC, the ORR was 87.2% with zanubrutinib and 76.7% with ibrutinib (Supplementary Table 2). A higher percentage of patients had partial response with lymphocytosis or better by INV in the zanubrutinib group (89.4%) vs. the ibrutinib group (79.1%), which is consistent with the analysis by IRC (89.4% vs. 83.7%, respectively). For DoR as assessed by Overall response With an overall median study follow-up of 25.3 months (range, 0.1–40.4), the ORR assessed by INV was higher in the zanubrutinib-treated group than in the ibrutinib group (80.9% vs. 72.1%, respectively) (Fig. 2). As assessed by Table 1 Demographics and baseline characteristics of patients in the Chinese subgroup (ITT) Zanubrutinib (n = 47) Ibrutinib (n = 43) Total (N = 90) Age, median (range), years 60 (35–82) 61 (35–80) 60.5 (35–82) < 65 years, n (%) 28 (59.6) 27 (62.8) 55 (61.1) ≥ 65 to < 75 years, n (%) 17 (36.2) 15 (34.9) 32 (35.6) ≥ 75 years, n (%) 2 (4.3) 1 (2.3) 3 (3.3) Male, n (%) 26 (55.3) 30 (69.8) 56 (62.2) ECOG PS, n (%) 0–1 46 (97.9) 42 (97.7) 88 (97.8) 2 1 (2.1) 1 (2.3) 2 (2.2) Mutational status, n (%) del(17p) present 6 (12.8) 4 (9.3) 10 (11.1) del(11q) present 11 (23."
CHK_3A7A19344322,DOC_5D2D931F3757,s00277-024-05823-8 (1).pdf,SCIENTIFIC_PUBLICATION,4,2,15,1200,") 26 (55.3) 30 (69.8) 56 (62.2) ECOG PS, n (%) 0–1 46 (97.9) 42 (97.7) 88 (97.8) 2 1 (2.1) 1 (2.3) 2 (2.2) Mutational status, n (%) del(17p) present 6 (12.8) 4 (9.3) 10 (11.1) del(11q) present 11 (23.4) 11 (25.6) 22 (24.4) TP53 mutated 15 (31.9) 14 (32.6) 29 (32.2) del(17p) and/or TP53 mutation 16 (34.0) 14 (32.6) 30 (33.3) IGHV unmutated 28 (59.6) 27 (62.8) 55 (61.1) Bulky disease, n (%) Any target lesion longest diameter ≥ 5 cm 19 (40.4) 18 (41.9) 37 (41.1) Any target lesion longest diameter ≥ 10 cm 2 (4.3) 3 (7.0) 5 (5.6) β2 microglobulin, n (%) ≤ 3.5 mg/L 17 (36.2) 11 (25.6) 28 (31.1) > 3.5 mg/L 30 (63.8) 30 (69.8) 60 (66.7) Data missing 0 2 (4.7) 2 (2.2) Lactate dehydrogenase level, median (range), U/L 217 (143–1234) 216 (132–600) 216.5 (132–1234) Disease stage, n (%) Binet stage A or B or Ann Arbor stage I or II 21 (44.7) 19 (44.2) 40 (44.4) Binet stage C or Ann Arbor stage III or IV 26 (55.3) 24 (55.8) 50 (55.6) Previous systemic therapy Lines of therapy, median (range), n 1 (1–4) 1 (1–12) 1 (1–12) 1, n (%) 28 (59.6) 22 (51.2) 50 (55.6) 2, n (%) 13 (27.7) 11 (25.6) 24 (26.7) 3, n (%) 3 (6.4) 4 (9.3) 7 (7.8) > 3, n (%) 3 (6.4) 6 (14.0) 9 (10.0) Types of therapy, n (%) Anti-CD"
CHK_ECF2EA8C4365,DOC_5D2D931F3757,s00277-024-05823-8 (1).pdf,SCIENTIFIC_PUBLICATION,4,3,16,945,"4) 1 (1–12) 1 (1–12) 1, n (%) 28 (59.6) 22 (51.2) 50 (55.6) 2, n (%) 13 (27.7) 11 (25.6) 24 (26.7) 3, n (%) 3 (6.4) 4 (9.3) 7 (7.8) > 3, n (%) 3 (6.4) 6 (14.0) 9 (10.0) Types of therapy, n (%) Anti-CD20 antibody 21 (44.7) 17 (39.5) 38 (42.2) Alkylating agent, excluding bendamustine 45 (95.7) 40 (93.0) 85 (94.4) Chemoimmunotherapy 21 (44.7) 15 (34.9) 36 (40.0) Purine analogue 27 (57.4) 27 (62.8) 54 (60.0) Bendamustine 1 (2.1) 1 (2.3) 2 (2.2) BCL2 inhibitor 0 1 (2.3) 1 (1.1) Immunomodulatory drug 3 (6.4) 0 3 (3.3) Alemtuzumab 1 (2.1) 0 1 (1.1) SI conversion factor for lactate dehydrogenase: U/L to µkat/L, multiply by 0.0167 BCL2, B-cell lymphoma 2; CD20, cluster of differentiation 20; del(11q), deletion in chromosome 11q; del(17p), deletion in chromosome 17p; ECOG PS, Eastern Cooperative Oncology Group performance status; IGHV, immunoglobulin heavy chain variable region; ITT, intent-to-treat; TP53, tumor protein 53; U, units 1 3 4186"
CHK_97D657ED7D5E,DOC_5D2D931F3757,s00277-024-05823-8 (1).pdf,SCIENTIFIC_PUBLICATION,5,1,17,1200,"Annals of Hematology (2024) 103:4183–4191 88.1% (95% CI, 73.4, 94.9) in the zanubrutinib group vs. 62.0% (95% CI, 45.6, 74.8) in the ibrutinib group were free from treatment failure (Supplementary Fig. 3). In the high-risk subgroup of patients with del(17p) or TP53 mutation, PFS also favored the zanubrutinib group over the ibrutinib group as assessed by INV (HR, 0.49 [95% CI, 0.14, 1.67]), and IRC (HR, 0.51 [95% CI, 0.12, 2.13]). There were 3 (18.8%) vs. 5 (35.7%) instances of PD and 2 (12.5%) vs. 2 (14.3%) deaths without PD in the zanubruti­ nib vs. ibrutinib groups, respectively. The PFS rate by INV at 18 months was 73.3% (95% CI, 43.6, 89.1) with zanubru­ tinib and 50.0% (95% CI, 22.9, 72.2) with ibrutinib. Overall survival A total of 4 (8.5%) patients in the zanubrutinib group and 8 (18.6%) in the ibrutinib group died. The HR for OS was 0.45 (95% CI, 0.14, 1.50) with zanubrutinib vs. ibrutinib. Median OS had not been reached in either group (Fig. 3B). The OS rate at 24 months was 91.1% (95% CI, 78.0, 96.6) with zanubrutinib and 81.2% (95% CI, 65.9, 90.1) with ibrutinib. INV, responders in the zanubrutinib group had an 18-month event-free rate of 91.3% (95% CI, 75.5, 97.1) compa"
CHK_65D5537BED80,DOC_5D2D931F3757,s00277-024-05823-8 (1).pdf,SCIENTIFIC_PUBLICATION,5,2,18,1200,"1.1% (95% CI, 78.0, 96.6) with zanubrutinib and 81.2% (95% CI, 65.9, 90.1) with ibrutinib. INV, responders in the zanubrutinib group had an 18-month event-free rate of 91.3% (95% CI, 75.5, 97.1) compared with 69.2% (95% CI, 49.1, 82.7) in the ibrutinib group. These values were 94.7% (95% CI, 80.3, 98.6) vs. 77.5% (95% CI, 58.3, 88.6), respectively, as assessed by IRC (Sup­ plementary Table 3). Progression-free survival With a median follow-up of 22.6 months for the PFS end­ point, PFS by INV was improved with zanubrutinib vs. ibrutinib (HR, 0.34 [95% CI, 0.15, 0.77]) (Fig. 3A). There were 6 (12.8%) vs. 14 (32.6%) events of progressive disease (PD) and 2 (4.3%) vs. 5 (11.6%) deaths without PD in the zanubrutinib vs. ibrutinib groups, respectively. Zanubru­ tinib also showed improved PFS compared with ibrutinib when assessed by IRC (Supplementary Fig. 2). The PFS rate by INV at 18 months was 88.9% (95% CI, 75.3, 95.2) with zanubrutinib vs. 66.8% (95% CI, 50.5, 78.8) with ibrutinib; at 24 months it was 84.1% (95% CI, 69.5, 92.1) vs. 55.8% (95% CI, 37.7, 70.5). Median PFS by INV was not reached in the zanubrutinib group and was 32.1 months (95% CI, 21.4, not evaluable) in the ibrutinib"
CHK_BDFC900E99A9,DOC_5D2D931F3757,s00277-024-05823-8 (1).pdf,SCIENTIFIC_PUBLICATION,5,3,19,850,"months it was 84.1% (95% CI, 69.5, 92.1) vs. 55.8% (95% CI, 37.7, 70.5). Median PFS by INV was not reached in the zanubrutinib group and was 32.1 months (95% CI, 21.4, not evaluable) in the ibrutinib group. At 24 months, Fig. 3 PFS by INV (a) and OS (b) in the Chinese subgroup (ITT). INV, investigator assessment; ITT, intent-to-treat; OS, overall survival; PFS, progression-free survival Fig. 2 Best overall response by INV in the Chinese subgroup (ITT). CR, complete response; CRi, complete response with incomplete bone marrow recovery; DC, discontinued prior to first assessment; INV, investigator assessment; ITT, intent-to-treat; NA, not assessed; NE, not evaluable; nPR, nodular partial response; ORR, overall response rate; PD, progressive disease; PR, partial response; PR-L, partial response with lymphocytosis; SD, stable disease 1 3 4187"
CHK_8A6228B4A220,DOC_5D2D931F3757,s00277-024-05823-8 (1).pdf,SCIENTIFIC_PUBLICATION,6,1,20,1200,"Annals of Hematology (2024) 103:4183–4191 [72.1%]). Non-hematologic Grade ≥ 3 TEAEs that occurred in ≥ 10% of patients in either arm were pneumonia (13.3% vs. 18.6%) and URTI (11.1% vs. 7.0%) (Supplementary Table 4). Serious TEAEs also occurred less frequently with zanubruti­ nib vs. ibrutinib (16 [35.6%] vs. 22 [51.2%]). In the zanubru­ tinib group, 2 patients (4.4%) had TEAEs leading to death vs. 3 (7.0%) in the ibrutinib group (Supplementary Table 5). The most common fatal TEAEs were infections and infestations, which occurred in 2 patients (4.4%) in the zanubrutinib group and 1 patient (2.3%) in the ibrutinib group. In the intent-to-treat population, the treatment discontinu­ ation rate was lower with zanubrutinib (14.9%) vs. ibrutinib (41.9%). Most treatment discontinuation was due to PD (6.4% vs. 20.9%, respectively) and AEs, and fewer AEs led to dis­ continuation in the zanubrutinib group than in the ibrutinib group (3 [6.4%] vs. 6 [14.0%]). No COVID-19–related TEAEs occurred. Table 3 shows a summary of AESI. Anemia (zanubrutinib vs. ibrutinib, 31.1% vs. 39.5%), atrial fibrillation/flutter (0% vs. 4.7%), infections of any kind (77.8% vs. 79.1%), neutropenia (42.2% vs. 51.2%)"
CHK_329696EEFE40,DOC_5D2D931F3757,s00277-024-05823-8 (1).pdf,SCIENTIFIC_PUBLICATION,6,2,21,1199,"able 3 shows a summary of AESI. Anemia (zanubrutinib vs. ibrutinib, 31.1% vs. 39.5%), atrial fibrillation/flutter (0% vs. 4.7%), infections of any kind (77.8% vs. 79.1%), neutropenia (42.2% vs. 51.2%), skin cancer (0% vs. 2.3%), and thrombo­ cytopenia (28.9% vs. 34.9%) all occurred less frequently in the zanubrutinib vs. the ibrutinib group. No Grade ≥ 3 atrial fibril­ lation/flutter or hemorrhage occurred in either group. Oppor­ tunistic infections of any grade occurred in 1 patient (2.2%) in the zanubrutinib group vs. 3 (7.0%) in the ibrutinib group (Supplementary Table 6). Discussion The ALPINE study was the first head-to-head comparison of zanubrutinib vs. ibrutinib for treatment of R/R CLL/ SLL [13]. While differences in demographic and baseline Safety The median duration of treatment in the zanubrutinib group was 25.5 months (range, 3.6, 39.2) vs. 23.7 months (range, 0.1, 38.5) in the ibrutinib group. Table 2 summarizes the non- hematologic treatment-emergent AEs (TEAEs) that occurred in ≥ 15% of patients in either treatment group. Upper respi­ ratory tract infection (URTI) occurred in 35.6% vs. 30.2% in the zanubrutinib group vs. ibrutinib group, respectively. Hema­ tologic"
CHK_E1D0E92FBB18,DOC_5D2D931F3757,s00277-024-05823-8 (1).pdf,SCIENTIFIC_PUBLICATION,6,3,22,1200,"urred in ≥ 15% of patients in either treatment group. Upper respi­ ratory tract infection (URTI) occurred in 35.6% vs. 30.2% in the zanubrutinib group vs. ibrutinib group, respectively. Hema­ tologic TEAEs are reported as pooled terms among the AESI below. Grade ≥ 3 TEAEs occurred in fewer patients in the zanu­ brutinib group vs. the ibrutinib group (29 [64.4%] vs. 31 Table 2 Safety overview in the Chinese subgroup (safety analysis set) TEAEs, n (%) Zanubrutinib (n = 45) Ibrutinib (n = 43) ≥ 1 TEAE 44 (97.8) 42 (97.7) Grade ≥ 3 TEAEs 29 (64.4) 31 (72.1) Serious TEAEs 16 (35.6) 22 (51.2) Leading to dose modification 10 (22.2) 13 (30.2) TEAEs leading to discontinuation 3 (6.7) 6 (14.0) TEAEs leading to death 2 (4.4) 3 (7.0) Non-hematologic TEAEs occurring in ≥ 15% of patients in either arm URTI 16 (35.6) 13 (30.2) Pneumonia 11 (24.4) 13 (30.2) Hyperuricemia 9 (20.0) 10 (23.3) Rash 9 (20.0) 12 (27.9) Hypokalemia 8 (17.8) 5 (11.6) Urinary tract infection 7 (15.6) 3 (7.0) Blood creatinine increased 7 (15.6) 4 (9.3) Diarrhea 6 (13.3) 7 (16.3) Pyrexia 4 (8.9) 7 (16.3) TEAE, treatment-emergent adverse event; URTI, upper respiratory tract infection Table 3 AESI in the Chinese subgroup (safe"
CHK_0FE8419EF120,DOC_5D2D931F3757,s00277-024-05823-8 (1).pdf,SCIENTIFIC_PUBLICATION,6,4,23,1141,"ncreased 7 (15.6) 4 (9.3) Diarrhea 6 (13.3) 7 (16.3) Pyrexia 4 (8.9) 7 (16.3) TEAE, treatment-emergent adverse event; URTI, upper respiratory tract infection Table 3 AESI in the Chinese subgroup (safety analysis set) AESI, n (%)a Any grade Grade ≥ 3 Zanubrutinib (n = 45) Ibrutinib (n = 43) Zanubrutinib (n = 45) Ibrutinib (n = 43) Any AESI 40 (88.9) 41 (95.3) 24 (53.3) 27 (62.8) Anemia 14 (31.1) 17 (39.5) 1 (2.2) 1 (2.3) Atrial fibrillation/flutter 0 2 (4.7) 0 0 Hemorrhage 22 (48.9) 15 (34.9) 0 0 Major hemorrhage 0 0 0 0 Hypertension 7 (15.6) 6 (14.0) 2 (4.4) 2 (4.7) Infections 35 (77.8) 34 (79.1) 14 (31.1) 16 (37.2) Opportunistic infections 1 (2.2) 3 (7.0) 1 (2.2) 1 (2.3) Neutropenia 19 (42.2) 22 (51.2) 11 (24.4) 13 (30.2) Second primary malignancies 0 5 (11.6) 0 5 (11.6) Skin cancers 0 1 (2.3) 0 1 (2.3) Thrombocytopenia 13 (28.9) 15 (34.9) 2 (4.4) 5 (11.6) aSpecific related Medical Dictionary for Regulatory Activities preferred terms were pooled for each AESI category and summarized; a sum­ mary of AESI categories and search criteria can be found in the Supplemental Methods AESI, adverse events of special interest 1 3 4188"
CHK_AE4EA529860E,DOC_5D2D931F3757,s00277-024-05823-8 (1).pdf,SCIENTIFIC_PUBLICATION,7,1,24,1200,"Annals of Hematology (2024) 103:4183–4191 treatment failure were also improved with zanubrutinib vs. ibrutinib in the Chinese population. Zanubrutinib was well tolerated and had an improved safety profile over ibrutinib in both the full study popula­ tion and patients enrolled in China. The rate of AEs leading to treatment discontinuation was lower with zanubrutinib vs. ibrutinib in the Chinese subgroup. While both the Chi­ nese and the full populations showed lower rates of atrial fibrillation/flutter in the zanubrutinib group vs. the ibru­ tinib group, there were also fewer instances of both atrial fibrillation/flutter and hypertension in the Chinese vs. the full population. There were no instances of major hemor­ rhage in the Chinese population vs. 4% in both zanubrutinib and ibrutinib arms in the full population. Compared with the full population, a higher proportion of patients in the Chinese subgroup experienced adverse events of infections (full population: zanubrutinib, 71.3% and ibrutinib, 73.1% [13]; Chinese subgroup: zanubrutinib, 77.8% and ibrutinib, 79.1%). No COVID-19–related TEAEs were reported in the Chinese subgroup as of the data cutoff date. In the full popu­ lat"
CHK_274F000FD13F,DOC_5D2D931F3757,s00277-024-05823-8 (1).pdf,SCIENTIFIC_PUBLICATION,7,2,25,1200,"nd ibrutinib, 73.1% [13]; Chinese subgroup: zanubrutinib, 77.8% and ibrutinib, 79.1%). No COVID-19–related TEAEs were reported in the Chinese subgroup as of the data cutoff date. In the full popu­ lation, 93 patients (28.7%) receiving zanubrutinib and 70 patients (21.6%) receiving ibrutinib reported any COVID- 19–related TEAE including COVID-19, COVID-19 pneu­ monia, post-acute COVID-19 syndrome, and suspected COVID-19 [13]. No cardiac disorders leading to death occurred in either group in the Chinese population. The low number of car­ diac events in Chinese patients was likely due to the small number of patients in the subgroup but may also be related to patients being younger and having a favorable cardiac risk profile at baseline, such as low body mass index, low frequency of hypertension, and low frequency of diabetes [19]. There were also no second primary malignancies in the zanubrutinib group vs. 5 (11.6%) in the ibrutinib group in the Chinese population. Other notable differences included a lower incidence of skin cancer and higher incidences of URTI, neutropenia, and thrombocytopenia in the Chinese vs. full population, regardless of treatment group. While the safety profil"
CHK_74F31ECDFED2,DOC_5D2D931F3757,s00277-024-05823-8 (1).pdf,SCIENTIFIC_PUBLICATION,7,3,26,1200,"es included a lower incidence of skin cancer and higher incidences of URTI, neutropenia, and thrombocytopenia in the Chinese vs. full population, regardless of treatment group. While the safety profile in the Chinese subgroup may have been slightly different than that in the global population, perhaps attributable to differences in baseline characteristics and disease background, the overall results suggest that zanu­ brutinib was more tolerable than ibrutinib in the Chinese population, consistent with findings in the rest of the world. Limitations to the interpretation of this analysis include a Chinese subgroup size that was not powered to draw statisti­ cal conclusions and the need for more time to fully evaluate the OS and PFS findings. characteristics were evident between Chinese patients and the intent-to-treat population of ALPINE, efficacy and safety findings were largely consistent between the 2 groups. In comparison with the full population of the ALPINE study, the demographic and disease characteristics in the Chinese population had some notable differences. Chinese patients who participated in ALPINE were younger (median age, 60.5 years) than those in the overall popula"
CHK_C5BE06D745FE,DOC_5D2D931F3757,s00277-024-05823-8 (1).pdf,SCIENTIFIC_PUBLICATION,7,4,27,1200,"c and disease characteristics in the Chinese population had some notable differences. Chinese patients who participated in ALPINE were younger (median age, 60.5 years) than those in the overall population (median age, 67 years) [13], which is congruent with published data [4, 5]. This is relevant as younger patients with CLL tend to have longer OS than their older counterparts. However, relapse rates are higher in younger patients [4], and the rec­ ommended treatment for younger patients differs from that for older patients [2]. Additionally, a higher proportion of Chinese vs. full-population patients had a higher disease stage (55.6% vs. 42.9% with Binet stage C or Ann Arbor stage III or IV), which aligns with published data on CLL in Chinese vs. European populations [3]. Chinese patients also had a higher presence of del(17p) or TP53 mutations (33.3%) compared with the full population (23.0%), which is important because both factors can influence response to therapy and prognosis [5]. Prior treatment with alkylating agents may have contributed to the greater percentage of TP53 mutations in the Chinese population [18], as a higher percentage of patients in the Chinese population ("
CHK_BD2F68B8807C,DOC_5D2D931F3757,s00277-024-05823-8 (1).pdf,SCIENTIFIC_PUBLICATION,7,5,28,1200,". Prior treatment with alkylating agents may have contributed to the greater percentage of TP53 mutations in the Chinese population [18], as a higher percentage of patients in the Chinese population (94.4%) were previously treated with alkylating agents (excluding bendamustine) vs. the full population (81.6%) [13]. Other previous treatment regimens also differed between the pop­ ulations, including a lower proportion of Chinese patients previously treated with anti-CD20 antibodies (42.2%) and bendamustine (2.2%) compared with the full population (83.3% and 27.3%, respectively). Despite differences in demographic and disease charac­ teristics between the Chinese population subgroup and the overall population of ALPINE, efficacy results consistently favored zanubrutinib over ibrutinib in both populations. The median follow-up of 25.3 months in the Chinese population was shorter than that in the full population (29.6 months [13]) because patients enrolled in China joined the ALPINE study later than those in the rest of the world. Nonetheless, in both populations, the ORR was higher in the zanubruti­ nib vs. ibrutinib group (ORR by INV: Chinese, 80.9% vs. 72.1%; full, 83.5% vs. 74.2%)."
CHK_CD8094A67B8A,DOC_5D2D931F3757,s00277-024-05823-8 (1).pdf,SCIENTIFIC_PUBLICATION,7,6,29,769,"later than those in the rest of the world. Nonetheless, in both populations, the ORR was higher in the zanubruti­ nib vs. ibrutinib group (ORR by INV: Chinese, 80.9% vs. 72.1%; full, 83.5% vs. 74.2%). PFS rates by both INV and IRC were also higher in the zanubrutinib group vs. the ibru­ tinib group in both the Chinese population and the overall population. The PFS rate with zanubrutinib vs. ibrutinib at 24 months in the Chinese population was 84.1% vs. 55.8%, while in the full population, it was 78.4% vs. 65.9%. Addi­ tionally, in the subset of patients with del(17p)/TP53 muta­ tion, PFS was favorable in the zanubrutinib group for both the Chinese (HR [INV], 0.49) and the full (HR [INV], 0.53) populations. Other endpoints such as OS, DoR, and time to 1 3 4189"
CHK_66AF7C7FA54C,DOC_5D2D931F3757,s00277-024-05823-8 (1).pdf,SCIENTIFIC_PUBLICATION,8,1,30,1200,"Annals of Hematology (2024) 103:4183–4191 Z.W., X.Z., Z.S., F.L., D.Y., and J.W. have nothing to disclose. L.Q. participates in speaker’s bureaus with BeiGene, Janssen, Roche, As­ traZeneca, and Takeda. Open Access This article is licensed under a Creative Commons Attribution 4.0 International License, which permits use, sharing, adaptation, distribution and reproduction in any medium or format, as long as you give appropriate credit to the original author(s) and the source, provide a link to the Creative Commons licence, and indicate if changes were made. The images or other third party material in this article are included in the article’s Creative Commons licence, unless indicated otherwise in a credit line to the material. If material is not included in the article’s Creative Commons licence and your intended use is not permitted by statutory regulation or exceeds the permitted use, you will need to obtain permission directly from the copyright holder. To view a copy of this licence, visit http://creativecommons. org/licenses/by/4.0/. References 1. Ou Y, Long Y, Ji L et al (2022) Trends in disease burden of chronic lymphocytic leukemia at the global, regional, and national leve"
CHK_3F6CA759195E,DOC_5D2D931F3757,s00277-024-05823-8 (1).pdf,SCIENTIFIC_PUBLICATION,8,2,31,1200,"e, visit http://creativecommons. org/licenses/by/4.0/. References 1. Ou Y, Long Y, Ji L et al (2022) Trends in disease burden of chronic lymphocytic leukemia at the global, regional, and national levels from 1990 to 2019, and projections until 2030: a population- based epidemiologic study. Front Oncol 12:840616 2. Zelenetz AD, Gordon LI, Wierda WG et al (2015) Chronic lym­ phocytic leukemia/small lymphocytic lymphoma, version 1.2015. J Natl Compr Canc Netw 13(3):326–362 3. Gale RP (2022) Chronic lymphocytic leukemia in China. Chin Med J (Engl) 135(8):883–886 4. Tian Z, Liu M, Fang X et al (2022) Distinct age-related clinical features and risk assessment in Chinese with chronic lymphocytic leukemia. Front Oncol 12:885150 5. Hallek M, Al-Sawaf O (2021) Chronic lymphocytic leukemia: 2022 update on diagnostic and therapeutic procedures. Am J Hematol 96(12):1679–1705 6. Chan TS, Lee YS, Del Giudice I et al (2017) Clinicopathological features and outcome of chronic lymphocytic leukaemia in Chi­ nese patients. Oncotarget 8(15):25455–25468 7. Stefaniuk P, Onyszczuk J, Szymczyk A, Podhorecka M (2021) Therapeutic options for patients with TP53 deficient chronic lymphocytic leukemia: narrativ"
CHK_23A70020F172,DOC_5D2D931F3757,s00277-024-05823-8 (1).pdf,SCIENTIFIC_PUBLICATION,8,3,32,1200,"hi­ nese patients. Oncotarget 8(15):25455–25468 7. Stefaniuk P, Onyszczuk J, Szymczyk A, Podhorecka M (2021) Therapeutic options for patients with TP53 deficient chronic lymphocytic leukemia: narrative review. Cancer Manag Res 13:1459–1476 8. Marinelli M, Ilari C, Xia Y et al (2016) Immunoglobulin gene rearrangements in Chinese and Italian patients with chronic lym­ phocytic leukemia. Oncotarget 7(15):20520–20531 9. Yi S, Yan Y, Jin M et al (2021) High incidence of MYD88 and KMT2D mutations in Chinese with chronic lymphocytic leuke­ mia. Leukemia 35(8):2412–2415 10. Xia Y, Fan L, Wang L et al (2015) Frequencies of SF3B1, NOTCH1, MYD88, BIRC3 and IGHV mutations and TP53 dis­ ruptions in Chinese with chronic lymphocytic leukemia: dispari­ ties with Europeans. Oncotarget 6(7):5426–5434 11. Yi S, Li Z, Zou D et al (2017) Intratumoral genetic heterogeneity and number of cytogenetic aberrations provide additional prog­ nostic significance in chronic lymphocytic leukemia. Genet Med 19(2):182–191 12. Guo Y, Liu Y, Hu N et al (2019) Discovery of zanubrutinib (BGB- 3111), a novel, potent, and selective covalent inhibitor of Bru­ ton’s tyrosine kinase. J Med Chem 62(17):7923–7940 13. Brown JR"
CHK_AD527B0E212E,DOC_5D2D931F3757,s00277-024-05823-8 (1).pdf,SCIENTIFIC_PUBLICATION,8,4,33,1199,"191 12. Guo Y, Liu Y, Hu N et al (2019) Discovery of zanubrutinib (BGB- 3111), a novel, potent, and selective covalent inhibitor of Bru­ ton’s tyrosine kinase. J Med Chem 62(17):7923–7940 13. Brown JR, Eichhorst B, Hillmen P et al (2023) Zanubrutinib or ibrutinib in relapsed or refractory chronic lymphocytic leukemia. N Engl J Med 388(4):319–332 14. Hillmen P, Eichhorst B, Brown JR et al (2023) Zanubrutinib ver­ sus ibrutinib in relapsed/refractory chronic lymphocytic leukemia Conclusions Efficacy and safety results favoring zanubrutinib over ibru­ tinib observed in patients enrolled in China were consistent with findings in the global population of the ALPINE study. In the Chinese subgroup, zanubrutinib continued to show improved PFS and ORR over ibrutinib, including in high- risk patients. A favorable safety profile of zanubrutinib vs. ibrutinib was also observed in patients from China, with lower rates of treatment discontinuation and serious AEs in patients treated with zanubrutinib. Supplementary Information The online version contains supplementary material available at https://doi.org/10.1007/s00277- 024-05823-8. Acknowledgements Medical writing and editorial assistance for"
CHK_203CA64153DB,DOC_5D2D931F3757,s00277-024-05823-8 (1).pdf,SCIENTIFIC_PUBLICATION,8,5,34,1200,"b. Supplementary Information The online version contains supplementary material available at https://doi.org/10.1007/s00277- 024-05823-8. Acknowledgements Medical writing and editorial assistance for this article were provided by Hayley White, PhD, and Kendall Foote, PhD, of Nucleus Global, an Inizio company, under the direction of the authors. Funding for this support was provided by BeiGene USA, Inc. The decision to submit this manuscript was made by the authors. Author contributions K.Z.: acquisition and interpretation of data; L.F. and L.W.: interpretation of data; T.S.: conception/design and interpre­ tation of data; K.W., analysis and interpretation of data; L.Q.: concep­ tion/design and acquisition and interpretation of data; T.W., L.P., W.X., J.J., W.Z., Y.H., J.H., R.F., P.L., Z.L., P.L., H.J., S.G., H.Z., K.Y., Z.W., X.Z., Z.S., F.L., D.Y., and J.W.: acquisition of data; K.Z., T.W., L.P., W.X., J.J., W.Z., Y.H., J.H., R.F., P.L., Z.L., P.L., H.J., S.G., H.Z., K.Y., Z.W., X.Z., Z.S., F.L., D.Y., J.W., L.F., L.W., T.S., K.W., and L.Q.: manuscript writing/review and approved the final version for publica­ tion. Funding This study was funded by BeiGene USA, Inc. Data availabi"
CHK_A682E35A9099,DOC_5D2D931F3757,s00277-024-05823-8 (1).pdf,SCIENTIFIC_PUBLICATION,8,6,35,1200,", Z.S., F.L., D.Y., J.W., L.F., L.W., T.S., K.W., and L.Q.: manuscript writing/review and approved the final version for publica­ tion. Funding This study was funded by BeiGene USA, Inc. Data availability BeiGene voluntarily shares anonymous data on com­ pleted studies responsibly and provides qualified scientific and medical researchers access to anonymous data and supporting clinical trial doc­ umentation for clinical trials in dossiers for medicines and indications after submission and approval in the United States, China, and Europe. Clinical trials supporting subsequent local approvals, new indications, or combination products are eligible for sharing once corresponding regulatory approvals are achieved. BeiGene shares data only when permitted by applicable data privacy and security laws and regulations. In addition, data can only be shared when it is feasible to do so without compromising the privacy of study participants. Qualified research­ ers may submit data requests/research proposals for BeiGene review and consideration through BeiGene’s Clinical Trial Webpage at https:// www.beigene.com/our-science-and-medicines/our-clinical-trials/. Declarations Ethics approval and co"
CHK_62D67CD1B2C3,DOC_5D2D931F3757,s00277-024-05823-8 (1).pdf,SCIENTIFIC_PUBLICATION,8,7,36,730,"proposals for BeiGene review and consideration through BeiGene’s Clinical Trial Webpage at https:// www.beigene.com/our-science-and-medicines/our-clinical-trials/. Declarations Ethics approval and consent to participate This study was conducted in accordance with the Declaration of Helsinki and the International Conference on Harmonization Guidelines for Good Clinical Practice. Written informed consent was obtained from each patient, and institu­ tional review board approval was obtained at each study site. Competing interests L.F., L.W., T.S., and K.W. are employed by BeiGene and may hold company stock/stock options. K.Z., T.W., L.P., W.X., J.J., W.Z., Y.H., J.H., R.F., P.L., Z.L., P.L., H.J., S.G., H.Z., K.Y., 1 3 4190"
CHK_7DE871031528,DOC_5D2D931F3757,s00277-024-05823-8 (1).pdf,SCIENTIFIC_PUBLICATION,9,1,37,1200,"Annals of Hematology (2024) 103:4183–4191 Hodgkin and non-hodgkin lymphoma: the Lugano classification. J Clin Oncol 32(27):3059–3068 18. Lazarian G, Theves F, Hormi M et al (2022) TP53 mutations at codon 234 are associated with chlorambucil treatment in chronic lymphocytic leukemia. Am J Hematol 97(4):E159–E162 19. Powell-Wiley TM, Poirier P, Burke LE et al (2021) Obesity and cardiovascular disease: a scientific statement from the American Heart Association. Circulation 143(21):e984–e1010 Publisher’s Note Springer Nature remains neutral with regard to juris­ dictional claims in published maps and institutional affiliations. and small lymphocytic lymphoma: interim analysis of a random­ ized phase III trial. J Clin Oncol 41(5):1035–1045 15. Hallek M, Cheson BD, Catovsky D et al (2008) Guidelines for the diagnosis and treatment of chronic lymphocytic leukemia: a report from the International Workshop on Chronic Lymphocytic Leukemia updating the National Cancer Institute-Working Group 1996 guidelines. Blood 111(12):5446–5456 16. Cheson BD, Byrd JC, Rai KR et al (2012) Novel targeted agents and the need to refine clinical end points in chronic lymphocytic leukemia. J Clin Oncol 30(23):2"
CHK_974F9ABFEC6D,DOC_5D2D931F3757,s00277-024-05823-8 (1).pdf,SCIENTIFIC_PUBLICATION,9,2,38,1198,"guidelines. Blood 111(12):5446–5456 16. Cheson BD, Byrd JC, Rai KR et al (2012) Novel targeted agents and the need to refine clinical end points in chronic lymphocytic leukemia. J Clin Oncol 30(23):2820–2822 17. Cheson BD, Fisher RI, Barrington SF et al (2014) Recommenda­ tions for initial evaluation, staging, and response assessment of Authors and Affiliations Keshu Zhou1 · Tingyu Wang2,3 · Ling Pan4 · Wei Xu5 · Jie Jin6 · Wei Zhang7 · Yu Hu8 · Jianda Hu9 · Ru Feng10 · Ping Li11 · Zhougang Liu12 · Peng Liu13 · Hongmei Jing14 · Sujun Gao15 · Huilai Zhang16 · Kang Yu17 · Zhao Wang18 · Xiongpeng Zhu19 · Zimin Sun20 · Fei Li21 · Dongmei Yan22 · Jianyu Weng23 · Lina Fu24 · Liping Wang24 · Tommi Salmi25 · Kenneth Wu26 · Lugui Qiu2,3 Lugui Qiu qiulg@ihcams.ac.cn 1 Affiliated Cancer Hospital of Zhengzhou University, Henan Cancer Hospital, Zhengzhou, China 2 National Clinical Research Center for Hematological Disorders, State Key Laboratory of Experimental Hematology, Institute of Hematology and Blood Diseases Hospital, Chinese Academy of Medical Sciences and Peking Union Medical College, Tianjin, China 3 Tianjin Institutes of Health Science, Tianjin, China 4 West China Hospital, Sichuan"
CHK_99A386908C99,DOC_5D2D931F3757,s00277-024-05823-8 (1).pdf,SCIENTIFIC_PUBLICATION,9,3,39,1200,"and Blood Diseases Hospital, Chinese Academy of Medical Sciences and Peking Union Medical College, Tianjin, China 3 Tianjin Institutes of Health Science, Tianjin, China 4 West China Hospital, Sichuan University, Sichuan, China 5 Jiangsu Province Hospital, Zhejiang, China 6 The First Hospital of Zhejiang Province, Zhejiang, China 7 Peking Union Medical College Hospital, Beijing, China 8 Union Hospital of Tongji Medical College, Wuhan, China 9 Fujian Medical University Union Hospital, Fuzhou, China 10 Nanfang Hospital of Southern Medical University, Guangzhou, China 11 Tongji Hospital of Tongji University, Wuhan, China 12 Shengjing Hospital of China Medical University, Shenyang, China 13 Zhongshan Hospital of Fudan University, Shanghai, China 14 Peking University Third Hospital, Beijing, China 15 The First Hospital of Jilin University, Changchun, China 16 Tianjin Medical University Cancer Institute & Hospital, Tianjin, China 17 The First Affiliated Hospital of Wenzhou Medical University, Zhejiang, China 18 Beijing Friendship Hospital, Beijing, China 19 Quanzhou First Hospital of Fujian Province, Quanzhou, China 20 Anhui Provincial Hospital, Hefei, China 21 The First Affiliated Hospit"
CHK_0D01D910B6C1,DOC_5D2D931F3757,s00277-024-05823-8 (1).pdf,SCIENTIFIC_PUBLICATION,9,4,40,504,"Zhejiang, China 18 Beijing Friendship Hospital, Beijing, China 19 Quanzhou First Hospital of Fujian Province, Quanzhou, China 20 Anhui Provincial Hospital, Hefei, China 21 The First Affiliated Hospital of Nanchang University, Nanchang, China 22 The Affiliated Hospital of Xuzhou Medical University, Jiangsu, China 23 Guangdong Provincial People’s Hospital, Guangzhou, China 24 BeiGene, Ltd, Beijing, China 25 BeiGene International GmbH, Basel, Switzerland 26 BeiGene USA, Inc, San Mateo, CA, USA 1 3 4191"
